codice_proiezione,data_ora_proiezione,titolo_film,genere,regista,anno,durata_minuti,eta_minima,prezzo_biglietto
PRO000001,2018-01-01 10:30:00,Mr. Smith Goes to Washington,Comedy,Frank Capra,1939,129,12,6.50
PRO000002,2018-01-01 13:30:00,Mr. Smith Goes to Washington,Comedy,Frank Capra,1939,129,12,7.00
PRO000003,2018-01-02 10:30:00,Mr. Smith Goes to Washington,Comedy,Frank Capra,1939,129,12,7.00
PRO000004,2018-01-03 10:00:00,Mr. Smith Goes to Washington,Comedy,Frank Capra,1939,129,12,7.50
PRO000005,2018-01-03 13:00:00,Mr. Smith Goes to Washington,Comedy,Frank Capra,1939,129,12,6.50
PRO000006,2018-01-04 10:30:00,Mr. Smith Goes to Washington,Comedy,Frank Capra,1939,129,12,6.50
PRO000007,2018-01-05 10:00:00,A Night at the Opera,Comedy,Sam Wood,1935,96,12,7.00
PRO000008,2018-01-06 10:00:00,A Night at the Opera,Comedy,Sam Wood,1935,96,12,7.00
PRO000009,2018-01-06 12:30:00,A Night at the Opera,Comedy,Sam Wood,1935,96,12,8.50
PRO000010,2018-01-06 15:00:00,A Night at the Opera,Comedy,Sam Wood,1935,96,12,8.00
PRO000011,2018-01-07 10:00:00,Mr. Smith Goes to Washington,Comedy,Frank Capra,1939,129,12,6.50
PRO000012,2018-01-07 13:00:00,Mr. Smith Goes to Washington,Comedy,Frank Capra,1939,129,12,8.50
PRO000013,2018-01-07 16:00:00,A Night at the Opera,Comedy,Sam Wood,1935,96,12,8.50
PRO000014,2018-01-08 10:00:00,A Night at the Opera,Comedy,Sam Wood,1935,96,12,6.50
PRO000015,2018-01-08 12:30:00,A Night at the Opera,Comedy,Sam Wood,1935,96,12,7.50
PRO000016,2018-01-09 10:00:00,Dial M for Murder,Crime,Alfred Hitchcock,1954,105,12,7.00
PRO000017,2018-01-10 10:00:00,Once Upon a Time in the West,Western,Sergio Leone,1968,165,0,7.00
PRO000018,2018-01-10 13:30:00,Mr. Smith Goes to Washington,Comedy,Frank Capra,1939,129,12,8.00
PRO000019,2018-01-10 16:30:00,Mr. Smith Goes to Washington,Comedy,Frank Capra,1939,129,12,7.50
PRO000020,2018-01-11 10:00:00,Mr. Smith Goes to Washington,Comedy,Frank Capra,1939,129,12,7.50
PRO000021,2018-01-11 13:00:00,Dangal,Action,Nitesh Tiwari,2016,161,0,8.00
PRO000022,2018-01-11 16:30:00,Singin' in the Rain,Comedy,Stanley Donen,1952,103,0,7.50
PRO000023,2018-01-12 10:30:00,Dangal,Action,Nitesh Tiwari,2016,161,0,8.00
PRO000024,2018-01-12 14:00:00,Dangal,Action,Nitesh Tiwari,2016,161,0,6.50
PRO000025,2018-01-12 17:30:00,Singin' in the Rain,Comedy,Stanley Donen,1952,103,0,6.50
PRO000026,2018-01-13 10:30:00,Mr. Smith Goes to Washington,Comedy,Frank Capra,1939,129,12,7.50
PRO000027,2018-01-13 13:30:00,Sing Street,Comedy,John Carney,2016,106,12,7.00
PRO000028,2018-01-13 16:00:00,Singin' in the Rain,Comedy,Stanley Donen,1952,103,0,6.50
PRO000029,2018-01-14 10:30:00,Dial M for Murder,Crime,Alfred Hitchcock,1954,105,12,6.50
PRO000030,2018-01-14 13:00:00,Once Upon a Time in the West,Western,Sergio Leone,1968,165,0,8.00
PRO000031,2018-01-14 16:30:00,Sing Street,Comedy,John Carney,2016,106,12,8.00
PRO000032,2018-01-14 19:00:00,A Night at the Opera,Comedy,Sam Wood,1935,96,12,10.00
PRO000033,2018-01-15 10:00:00,Dog Day Afternoon,Biography,Sidney Lumet,1975,125,0,8.00
PRO000034,2018-01-15 13:00:00,Sing Street,Comedy,John Carney,2016,106,12,7.00
PRO000035,2018-01-15 15:30:00,Lethal Weapon,Action,Richard Donner,1987,109,12,7.50
PRO000036,2018-01-16 10:30:00,Singin' in the Rain,Comedy,Stanley Donen,1952,103,0,7.00
PRO000037,2018-01-17 10:30:00,Bronenosets Potemkin,Drama,Sergei M. Eisenstein,1925,75,12,7.50
PRO000038,2018-01-17 12:30:00,Singin' in the Rain,Comedy,Stanley Donen,1952,103,0,8.50
PRO000039,2018-01-17 15:00:00,Dial M for Murder,Crime,Alfred Hitchcock,1954,105,12,7.00
PRO000040,2018-01-18 10:30:00,Sing Street,Comedy,John Carney,2016,106,12,8.00
PRO000041,2018-01-18 13:00:00,Lethal Weapon,Action,Richard Donner,1987,109,12,7.50
PRO000042,2018-01-19 10:00:00,The Long Goodbye,Comedy,Robert Altman,1973,112,12,7.50
PRO000043,2018-01-19 12:30:00,Koe no katachi,Animation,Naoko Yamada,2016,130,12,6.50
PRO000044,2018-01-20 10:30:00,Das Cabinet des Dr. Caligari,Fantasy,Robert Wiene,1920,76,12,8.00
PRO000045,2018-01-20 12:30:00,Sing Street,Comedy,John Carney,2016,106,12,7.00
PRO000046,2018-01-20 15:00:00,Dog Day Afternoon,Biography,Sidney Lumet,1975,125,0,6.50
PRO000047,2018-01-20 18:00:00,Sing Street,Comedy,John Carney,2016,106,12,10.00
PRO000048,2018-01-21 10:30:00,Dangal,Action,Nitesh Tiwari,2016,161,0,7.50
PRO000049,2018-01-21 14:00:00,Koe no katachi,Animation,Naoko Yamada,2016,130,12,8.00
PRO000050,2018-01-21 17:00:00,Bronenosets Potemkin,Drama,Sergei M. Eisenstein,1925,75,12,7.50
PRO000051,2018-01-21 19:00:00,Dog Day Afternoon,Biography,Sidney Lumet,1975,125,0,10.00
PRO000052,2018-01-22 10:30:00,Das Cabinet des Dr. Caligari,Fantasy,Robert Wiene,1920,76,12,8.50
PRO000053,2018-01-23 10:30:00,Dial M for Murder,Crime,Alfred Hitchcock,1954,105,12,8.00
PRO000054,2018-01-24 10:30:00,The Long Goodbye,Comedy,Robert Altman,1973,112,12,8.00
PRO000055,2018-01-24 13:00:00,Dial M for Murder,Crime,Alfred Hitchcock,1954,105,12,6.50
PRO000056,2018-01-24 15:30:00,The Dirty Dozen,Action,Robert Aldrich,1967,150,12,6.50
PRO000057,2018-01-25 10:30:00,Sing Street,Comedy,John Carney,2016,106,12,6.50
PRO000058,2018-01-26 10:30:00,Bronenosets Potemkin,Drama,Sergei M. Eisenstein,1925,75,12,7.00
PRO000059,2018-01-26 12:30:00,The Long Goodbye,Comedy,Robert Altman,1973,112,12,8.00
PRO000060,2018-01-27 10:00:00,Dangal,Action,Nitesh Tiwari,2016,161,0,7.50
PRO000061,2018-01-27 13:30:00,Bronenosets Potemkin,Drama,Sergei M. Eisenstein,1925,75,12,7.50
PRO000062,2018-01-27 15:30:00,Sing Street,Comedy,John Carney,2016,106,12,6.50
PRO000063,2018-01-27 18:00:00,The Day the Earth Stood Still,Drama,Robert Wise,1951,92,0,9.00
PRO000064,2018-01-28 10:30:00,The Day the Earth Stood Still,Drama,Robert Wise,1951,92,0,7.50
PRO000065,2018-01-28 13:00:00,Mr. Smith Goes to Washington,Comedy,Frank Capra,1939,129,12,7.00
PRO000066,2018-01-28 16:00:00,Badlands,Action,Terrence Malick,1973,94,6,8.50
PRO000067,2018-01-29 10:30:00,Koe no katachi,Animation,Naoko Yamada,2016,130,12,7.50
PRO000068,2018-01-30 10:00:00,Bronenosets Potemkin,Drama,Sergei M. Eisenstein,1925,75,12,7.00
PRO000069,2018-01-31 10:30:00,Badlands,Action,Terrence Malick,1973,94,6,8.50
PRO000070,2018-02-01 10:30:00,Dial M for Murder,Crime,Alfred Hitchcock,1954,105,12,8.00
PRO000071,2018-02-02 10:30:00,Secrets & Lies,Comedy,Mike Leigh,1996,136,0,8.00
PRO000072,2018-02-03 10:30:00,The Last Emperor,Biography,Bernardo Bertolucci,1987,163,0,7.00
PRO000073,2018-02-03 14:00:00,The Day the Earth Stood Still,Drama,Robert Wise,1951,92,0,8.50
PRO000074,2018-02-03 16:30:00,Badlands,Action,Terrence Malick,1973,94,6,7.00
PRO000075,2018-02-04 10:00:00,Dog Day Afternoon,Biography,Sidney Lumet,1975,125,0,8.00
PRO000076,2018-02-04 13:00:00,Dangal,Action,Nitesh Tiwari,2016,161,0,8.50
PRO000077,2018-02-04 16:30:00,The Long Goodbye,Comedy,Robert Altman,1973,112,12,8.00
PRO000078,2018-02-04 19:00:00,Dangal,Action,Nitesh Tiwari,2016,161,0,9.00
PRO000079,2018-02-05 10:30:00,The Long Goodbye,Comedy,Robert Altman,1973,112,12,8.50
PRO000080,2018-02-06 10:30:00,Hana-bi,Crime,Takeshi Kitano,1997,103,12,6.50
PRO000081,2018-02-06 13:00:00,Singin' in the Rain,Comedy,Stanley Donen,1952,103,0,6.50
PRO000082,2018-02-06 15:30:00,Hana-bi,Crime,Takeshi Kitano,1997,103,12,7.00
PRO000083,2018-02-07 10:00:00,Dog Day Afternoon,Biography,Sidney Lumet,1975,125,0,6.50
PRO000084,2018-02-07 13:00:00,Dangal,Action,Nitesh Tiwari,2016,161,0,7.50
PRO000085,2018-02-07 16:30:00,Ba wang bie ji,Drama,Kaige Chen,1993,171,16,7.50
PRO000086,2018-02-08 10:00:00,American History X,Drama,Tony Kaye,1998,119,16,8.50
PRO000087,2018-02-08 12:30:00,Lethal Weapon,Action,Richard Donner,1987,109,12,7.00
PRO000088,2018-02-08 15:30:00,Secrets & Lies,Comedy,Mike Leigh,1996,136,0,8.50
PRO000089,2018-02-09 10:30:00,Escape from Alcatraz,Action,Don Siegel,1979,112,12,7.50
PRO000090,2018-02-09 13:30:00,Bronenosets Potemkin,Drama,Sergei M. Eisenstein,1925,75,12,7.00
PRO000091,2018-02-10 10:00:00,The Day the Earth Stood Still,Drama,Robert Wise,1951,92,0,7.00
PRO000092,2018-02-10 12:30:00,Lethal Weapon,Action,Richard Donner,1987,109,12,8.00
PRO000093,2018-02-10 15:00:00,Bronenosets Potemkin,Drama,Sergei M. Eisenstein,1925,75,12,8.00
PRO000094,2018-02-11 10:30:00,A Man for All Seasons,Biography,Fred Zinnemann,1966,120,0,8.50
PRO000095,2018-02-11 13:30:00,The Naked Gun: From the Files of Police Squad!,Comedy,David Zucker,1988,85,0,6.50
PRO000096,2018-02-11 15:30:00,Escape from Alcatraz,Action,Don Siegel,1979,112,12,7.00
PRO000097,2018-02-12 10:30:00,Stalker,Drama,Andrei Tarkovsky,1979,162,0,7.00
PRO000098,2018-02-13 10:30:00,Dog Day Afternoon,Biography,Sidney Lumet,1975,125,0,7.00
PRO000099,2018-02-13 13:30:00,Bronenosets Potemkin,Drama,Sergei M. Eisenstein,1925,75,12,6.50
PRO000100,2018-02-14 10:30:00,Sing Street,Comedy,John Carney,2016,106,12,8.50
PRO000101,2018-02-14 13:00:00,Sherlock Jr.,Action,Buster Keaton,1924,45,12,7.50
PRO000102,2018-02-15 10:00:00,Hiroshima mon amour,Drama,Alain Resnais,1959,90,12,8.50
PRO000103,2018-02-15 12:30:00,Ba wang bie ji,Drama,Kaige Chen,1993,171,16,8.00
PRO000104,2018-02-16 10:30:00,Sherlock Jr.,Action,Buster Keaton,1924,45,12,6.50
PRO000105,2018-02-16 12:00:00,Dial M for Murder,Crime,Alfred Hitchcock,1954,105,12,8.50
PRO000106,2018-02-16 14:30:00,Dangal,Action,Nitesh Tiwari,2016,161,0,6.50
PRO000107,2018-02-17 10:30:00,Hiroshima mon amour,Drama,Alain Resnais,1959,90,12,6.50
PRO000108,2018-02-17 13:00:00,Platoon,Drama,Oliver Stone,1986,120,12,8.50
PRO000109,2018-02-17 16:00:00,Secrets & Lies,Comedy,Mike Leigh,1996,136,0,8.50
PRO000110,2018-02-18 10:30:00,Sing Street,Comedy,John Carney,2016,106,12,6.50
PRO000111,2018-02-18 13:00:00,Platoon,Drama,Oliver Stone,1986,120,12,8.00
PRO000112,2018-02-18 16:00:00,Il postino,Biography,Michael Radford,1994,108,0,6.50
PRO000113,2018-02-19 10:00:00,Key Largo,Action,John Huston,1948,100,12,7.50
PRO000114,2018-02-20 10:00:00,A Night at the Opera,Comedy,Sam Wood,1935,96,12,6.50
PRO000115,2018-02-21 10:00:00,The Long Goodbye,Comedy,Robert Altman,1973,112,12,6.50
PRO000116,2018-02-21 12:30:00,Ba wang bie ji,Drama,Kaige Chen,1993,171,16,8.50
PRO000117,2018-02-21 16:00:00,Hiroshima mon amour,Drama,Alain Resnais,1959,90,12,7.00
PRO000118,2018-02-22 10:00:00,Koe no katachi,Animation,Naoko Yamada,2016,130,12,7.50
PRO000119,2018-02-22 13:00:00,Secrets & Lies,Comedy,Mike Leigh,1996,136,0,7.00
PRO000120,2018-02-22 16:00:00,Hana-bi,Crime,Takeshi Kitano,1997,103,12,8.50
PRO000121,2018-02-23 10:30:00,A Night at the Opera,Comedy,Sam Wood,1935,96,12,8.50
PRO000122,2018-02-24 10:30:00,Kimi no na wa.,Animation,Makoto Shinkai,2016,106,0,7.00
PRO000123,2018-02-24 13:00:00,Badlands,Action,Terrence Malick,1973,94,6,8.50
PRO000124,2018-02-24 15:30:00,The Apartment,Comedy,Billy Wilder,1960,125,0,7.00
PRO000125,2018-02-25 10:30:00,Kimi no na wa.,Animation,Makoto Shinkai,2016,106,0,6.50
PRO000126,2018-02-25 13:00:00,Koe no katachi,Animation,Naoko Yamada,2016,130,12,6.50
PRO000127,2018-02-25 16:00:00,Ba wang bie ji,Drama,Kaige Chen,1993,171,16,7.00
PRO000128,2018-02-26 10:00:00,Kind Hearts and Coronets,Comedy,Robert Hamer,1949,106,0,6.50
PRO000129,2018-02-26 13:00:00,What's Eating Gilbert Grape,Drama,Lasse Hallström,1993,118,0,8.00
PRO000130,2018-02-27 10:00:00,American History X,Drama,Tony Kaye,1998,119,16,8.50
PRO000131,2018-02-27 13:00:00,Il postino,Biography,Michael Radford,1994,108,0,7.00
PRO000132,2018-02-28 10:00:00,Terminator 2: Judgment Day,Action,James Cameron,1991,137,0,8.00
PRO000133,2018-02-28 13:00:00,Il postino,Biography,Michael Radford,1994,108,0,8.50
PRO000134,2018-03-01 10:30:00,Dial M for Murder,Crime,Alfred Hitchcock,1954,105,12,8.00
PRO000135,2018-03-01 13:00:00,Bronenosets Potemkin,Drama,Sergei M. Eisenstein,1925,75,12,6.50
PRO000136,2018-03-01 15:00:00,Terminator 2: Judgment Day,Action,James Cameron,1991,137,0,7.00
PRO000137,2018-03-02 10:00:00,Kind Hearts and Coronets,Comedy,Robert Hamer,1949,106,0,7.50
PRO000138,2018-03-02 12:30:00,Badlands,Action,Terrence Malick,1973,94,6,8.00
PRO000139,2018-03-03 10:00:00,To Be or Not to Be,Comedy,Ernst Lubitsch,1942,99,12,8.00
PRO000140,2018-03-03 12:30:00,Hiroshima mon amour,Drama,Alain Resnais,1959,90,12,7.00
PRO000141,2018-03-03 14:30:00,Terminator 2: Judgment Day,Action,James Cameron,1991,137,0,6.50
PRO000142,2018-03-04 10:00:00,Escape from Alcatraz,Action,Don Siegel,1979,112,12,6.50
PRO000143,2018-03-04 12:30:00,To Be or Not to Be,Comedy,Ernst Lubitsch,1942,99,12,7.00
PRO000144,2018-03-04 15:00:00,Hana-bi,Crime,Takeshi Kitano,1997,103,12,8.00
PRO000145,2018-03-05 10:00:00,The Dirty Dozen,Action,Robert Aldrich,1967,150,12,7.00
PRO000146,2018-03-05 13:30:00,Patton,Biography,Franklin J. Schaffner,1970,172,0,8.50
PRO000147,2018-03-06 10:30:00,The Last Emperor,Biography,Bernardo Bertolucci,1987,163,0,6.50
PRO000148,2018-03-07 10:30:00,Midnight Cowboy,Drama,John Schlesinger,1969,113,12,8.00
PRO000149,2018-03-07 13:00:00,Il postino,Biography,Michael Radford,1994,108,0,8.50
PRO000150,2018-03-07 15:30:00,Patton,Biography,Franklin J. Schaffner,1970,172,0,8.00
PRO000151,2018-03-08 10:30:00,Sherlock Jr.,Action,Buster Keaton,1924,45,12,8.50
PRO000152,2018-03-08 12:00:00,What Ever Happened to Baby Jane?,Drama,Robert Aldrich,1962,134,12,6.50
PRO000153,2018-03-08 15:00:00,Ba wang bie ji,Drama,Kaige Chen,1993,171,16,7.50
PRO000154,2018-03-09 10:30:00,The Apartment,Comedy,Billy Wilder,1960,125,0,8.00
PRO000155,2018-03-09 13:30:00,Badlands,Action,Terrence Malick,1973,94,6,6.50
PRO000156,2018-03-09 16:00:00,Kind Hearts and Coronets,Comedy,Robert Hamer,1949,106,0,7.00
PRO000157,2018-03-10 10:00:00,Kind Hearts and Coronets,Comedy,Robert Hamer,1949,106,0,8.00
PRO000158,2018-03-10 12:30:00,Tôkyô monogatari,Drama,Yasujirô Ozu,1953,136,0,7.50
PRO000159,2018-03-10 15:30:00,Il postino,Biography,Michael Radford,1994,108,0,7.50
PRO000160,2018-03-11 10:30:00,On the Waterfront,Crime,Elia Kazan,1954,108,12,7.00
PRO000161,2018-03-11 13:00:00,Indiana Jones and the Last Crusade,Action,Steven Spielberg,1989,127,0,8.00
PRO000162,2018-03-11 16:00:00,Tôkyô monogatari,Drama,Yasujirô Ozu,1953,136,0,8.50
PRO000163,2018-03-12 10:30:00,Tôkyô monogatari,Drama,Yasujirô Ozu,1953,136,0,8.50
PRO000164,2018-03-12 13:30:00,Midnight Cowboy,Drama,John Schlesinger,1969,113,12,7.00
PRO000165,2018-03-12 16:00:00,Hana-bi,Crime,Takeshi Kitano,1997,103,12,7.50
PRO000166,2018-03-13 10:00:00,On the Waterfront,Crime,Elia Kazan,1954,108,12,8.00
PRO000167,2018-03-13 12:30:00,Midnight Cowboy,Drama,John Schlesinger,1969,113,12,7.50
PRO000168,2018-03-14 10:30:00,Hiroshima mon amour,Drama,Alain Resnais,1959,90,12,7.50
PRO000169,2018-03-14 13:00:00,What Ever Happened to Baby Jane?,Drama,Robert Aldrich,1962,134,12,6.50
PRO000170,2018-03-15 10:30:00,Indiana Jones and the Last Crusade,Action,Steven Spielberg,1989,127,0,8.50
PRO000171,2018-03-15 13:30:00,Kimi no na wa.,Animation,Makoto Shinkai,2016,106,0,7.00
PRO000172,2018-03-15 16:00:00,The Apartment,Comedy,Billy Wilder,1960,125,0,8.50
PRO000173,2018-03-16 10:30:00,Harold and Maude,Comedy,Hal Ashby,1971,91,6,8.00
PRO000174,2018-03-16 13:00:00,American History X,Drama,Tony Kaye,1998,119,16,8.50
PRO000175,2018-03-16 15:30:00,Il postino,Biography,Michael Radford,1994,108,0,8.50
PRO000176,2018-03-17 10:30:00,La haine,Crime,Mathieu Kassovitz,1995,98,12,8.00
PRO000177,2018-03-17 13:00:00,Kind Hearts and Coronets,Comedy,Robert Hamer,1949,106,0,8.50
PRO000178,2018-03-17 16:00:00,Guardians of the Galaxy Vol. 2,Action,James Gunn,2017,136,12,7.50
PRO000179,2018-03-17 19:00:00,Key Largo,Action,John Huston,1948,100,12,9.00
PRO000180,2018-03-18 10:00:00,Harold and Maude,Comedy,Hal Ashby,1971,91,6,7.00
PRO000181,2018-03-18 12:30:00,Sweet Smell of Success,Drama,Alexander Mackendrick,1957,96,12,7.00
PRO000182,2018-03-18 15:00:00,To Be or Not to Be,Comedy,Ernst Lubitsch,1942,99,12,8.00
PRO000183,2018-03-19 10:00:00,Tôkyô monogatari,Drama,Yasujirô Ozu,1953,136,0,8.50
PRO000184,2018-03-19 13:00:00,Sherlock Jr.,Action,Buster Keaton,1924,45,12,7.00
PRO000185,2018-03-19 14:30:00,On the Waterfront,Crime,Elia Kazan,1954,108,12,8.00
PRO000186,2018-03-20 10:00:00,Sweet Smell of Success,Drama,Alexander Mackendrick,1957,96,12,6.50
PRO000187,2018-03-20 12:30:00,Mary Poppins,Comedy,Robert Stevenson,1964,139,0,8.50
PRO000188,2018-03-21 10:00:00,Harold and Maude,Comedy,Hal Ashby,1971,91,6,8.50
PRO000189,2018-03-22 10:30:00,Das Boot,Adventure,Wolfgang Petersen,1981,149,16,8.50
PRO000190,2018-03-22 13:30:00,Sing Street,Comedy,John Carney,2016,106,12,8.50
PRO000191,2018-03-23 10:00:00,Hana-bi,Crime,Takeshi Kitano,1997,103,12,6.50
PRO000192,2018-03-23 12:30:00,Harold and Maude,Comedy,Hal Ashby,1971,91,6,8.00
PRO000193,2018-03-23 15:00:00,Ayla: The Daughter of War,Biography,Can Ulkay,2017,125,12,8.50
PRO000194,2018-03-24 10:00:00,Brief Encounter,Drama,David Lean,1945,86,0,6.50
PRO000195,2018-03-24 12:30:00,Rosemary's Baby,Drama,Roman Polanski,1968,137,12,8.00
PRO000196,2018-03-24 15:30:00,Brief Encounter,Drama,David Lean,1945,86,0,6.50
PRO000197,2018-03-24 18:00:00,Harold and Maude,Comedy,Hal Ashby,1971,91,6,9.50
PRO000198,2018-03-25 10:00:00,Tôkyô monogatari,Drama,Yasujirô Ozu,1953,136,0,7.00
PRO000199,2018-03-25 13:00:00,Brief Encounter,Drama,David Lean,1945,86,0,7.00
PRO000200,2018-03-25 15:30:00,Terminator 2: Judgment Day,Action,James Cameron,1991,137,0,7.50
PRO000201,2018-03-26 10:00:00,Midnight Cowboy,Drama,John Schlesinger,1969,113,12,7.50
PRO000202,2018-03-26 12:30:00,Stalker,Drama,Andrei Tarkovsky,1979,162,0,7.00
PRO000203,2018-03-27 10:00:00,Rosemary's Baby,Drama,Roman Polanski,1968,137,12,8.00
PRO000204,2018-03-27 13:00:00,Patton,Biography,Franklin J. Schaffner,1970,172,0,7.50
PRO000205,2018-03-28 10:00:00,Tôkyô monogatari,Drama,Yasujirô Ozu,1953,136,0,8.00
PRO000206,2018-03-28 13:00:00,Underground,Comedy,Emir Kusturica,1995,170,12,7.50
PRO000207,2018-03-29 10:30:00,Tôkyô monogatari,Drama,Yasujirô Ozu,1953,136,0,8.00
PRO000208,2018-03-29 13:30:00,Il postino,Biography,Michael Radford,1994,108,0,7.00
PRO000209,2018-03-29 16:00:00,Rosemary's Baby,Drama,Roman Polanski,1968,137,12,7.00
PRO000210,2018-03-30 10:00:00,Das Boot,Adventure,Wolfgang Petersen,1981,149,16,7.00
PRO000211,2018-03-30 13:30:00,Ayla: The Daughter of War,Biography,Can Ulkay,2017,125,12,7.00
PRO000212,2018-03-30 16:30:00,Brief Encounter,Drama,David Lean,1945,86,0,7.00
PRO000213,2018-03-31 10:00:00,Indiana Jones and the Last Crusade,Action,Steven Spielberg,1989,127,0,8.50
PRO000214,2018-03-31 13:00:00,Brief Encounter,Drama,David Lean,1945,86,0,6.50
PRO000215,2018-03-31 15:30:00,The Killing Fields,Biography,Roland Joffé,1984,141,12,7.00
PRO000216,2018-03-31 18:30:00,Harold and Maude,Comedy,Hal Ashby,1971,91,6,9.00
PRO000217,2018-04-01 10:00:00,La haine,Crime,Mathieu Kassovitz,1995,98,12,6.50
PRO000218,2018-04-01 12:30:00,Terminator 2: Judgment Day,Action,James Cameron,1991,137,0,8.00
PRO000219,2018-04-01 16:00:00,The Killing Fields,Biography,Roland Joffé,1984,141,12,7.50
PRO000220,2018-04-01 19:00:00,Red River,Action,Howard Hawks,1948,133,12,9.00
PRO000221,2018-04-02 10:30:00,Ayla: The Daughter of War,Biography,Can Ulkay,2017,125,12,8.50
PRO000222,2018-04-03 10:00:00,Butch Cassidy and the Sundance Kid,Biography,George Roy Hill,1969,110,6,7.50
PRO000223,2018-04-04 10:00:00,Red River,Action,Howard Hawks,1948,133,12,8.50
PRO000224,2018-04-04 13:00:00,Mary Poppins,Comedy,Robert Stevenson,1964,139,0,7.00
PRO000225,2018-04-05 10:30:00,A Night at the Opera,Comedy,Sam Wood,1935,96,12,8.50
PRO000226,2018-04-06 10:00:00,To Be or Not to Be,Comedy,Ernst Lubitsch,1942,99,12,7.50
PRO000227,2018-04-06 12:30:00,La haine,Crime,Mathieu Kassovitz,1995,98,12,8.50
PRO000228,2018-04-06 15:00:00,Guardians of the Galaxy Vol. 2,Action,James Gunn,2017,136,12,7.00
PRO000229,2018-04-07 10:30:00,Red River,Action,Howard Hawks,1948,133,12,8.50
PRO000230,2018-04-07 13:30:00,Ayla: The Daughter of War,Biography,Can Ulkay,2017,125,12,7.50
PRO000231,2018-04-07 16:30:00,To Be or Not to Be,Comedy,Ernst Lubitsch,1942,99,12,8.50
PRO000232,2018-04-07 19:00:00,Sweet Smell of Success,Drama,Alexander Mackendrick,1957,96,12,9.00
PRO000233,2018-04-08 10:00:00,Kimi no na wa.,Animation,Makoto Shinkai,2016,106,0,8.50
PRO000234,2018-04-08 12:30:00,Kimi no na wa.,Animation,Makoto Shinkai,2016,106,0,6.50
PRO000235,2018-04-08 15:00:00,Sing Street,Comedy,John Carney,2016,106,12,7.00
PRO000236,2018-04-08 17:30:00,Ayla: The Daughter of War,Biography,Can Ulkay,2017,125,12,8.50
PRO000237,2018-04-09 10:00:00,Il postino,Biography,Michael Radford,1994,108,0,8.50
PRO000238,2018-04-09 12:30:00,Midnight Cowboy,Drama,John Schlesinger,1969,113,12,6.50
PRO000239,2018-04-09 15:00:00,M.S. Dhoni: The Untold Story,Biography,Neeraj Pandey,2016,184,0,8.00
PRO000240,2018-04-10 10:00:00,Platoon,Drama,Oliver Stone,1986,120,12,8.50
PRO000241,2018-04-11 10:30:00,Du rififi chez les hommes,Crime,Jules Dassin,1955,118,12,7.00
PRO000242,2018-04-12 10:30:00,Harold and Maude,Comedy,Hal Ashby,1971,91,6,7.50
PRO000243,2018-04-13 10:00:00,Guardians of the Galaxy Vol. 2,Action,James Gunn,2017,136,12,8.50
PRO000244,2018-04-13 13:00:00,Butch Cassidy and the Sundance Kid,Biography,George Roy Hill,1969,110,6,8.50
PRO000245,2018-04-13 16:00:00,Patton,Biography,Franklin J. Schaffner,1970,172,0,7.00
PRO000246,2018-04-14 10:00:00,Miller's Crossing,Crime,Joel Coen,1990,115,16,7.50
PRO000247,2018-04-14 13:00:00,Jaws,Adventure,Steven Spielberg,1975,124,12,8.00
PRO000248,2018-04-14 16:00:00,La haine,Crime,Mathieu Kassovitz,1995,98,12,7.50
PRO000249,2018-04-14 18:30:00,La haine,Crime,Mathieu Kassovitz,1995,98,12,9.00
PRO000250,2018-04-15 10:00:00,Miller's Crossing,Crime,Joel Coen,1990,115,16,8.00
PRO000251,2018-04-15 13:00:00,Key Largo,Action,John Huston,1948,100,12,7.50
PRO000252,2018-04-15 15:30:00,Jaws,Adventure,Steven Spielberg,1975,124,12,8.00
PRO000253,2018-04-16 10:30:00,Jaws,Adventure,Steven Spielberg,1975,124,12,8.50
PRO000254,2018-04-16 13:30:00,The Deer Hunter,Drama,Michael Cimino,1978,183,12,7.00
PRO000255,2018-04-16 17:30:00,Jaws,Adventure,Steven Spielberg,1975,124,12,7.50
PRO000256,2018-04-17 10:00:00,Indiana Jones and the Last Crusade,Action,Steven Spielberg,1989,127,0,8.50
PRO000257,2018-04-17 13:00:00,Brief Encounter,Drama,David Lean,1945,86,0,6.50
PRO000258,2018-04-17 15:00:00,Manhattan,Comedy,Woody Allen,1979,96,16,6.50
PRO000259,2018-04-18 10:30:00,Indiana Jones and the Last Crusade,Action,Steven Spielberg,1989,127,0,8.00
PRO000260,2018-04-18 13:30:00,Brief Encounter,Drama,David Lean,1945,86,0,7.50
PRO000261,2018-04-18 16:00:00,Rosemary's Baby,Drama,Roman Polanski,1968,137,12,8.00
PRO000262,2018-04-19 10:30:00,To Be or Not to Be,Comedy,Ernst Lubitsch,1942,99,12,8.00
PRO000263,2018-04-19 13:00:00,Jaws,Adventure,Steven Spielberg,1975,124,12,8.00
PRO000264,2018-04-19 16:00:00,The Innocents,Horror,Jack Clayton,1961,100,12,7.00
PRO000265,2018-04-20 10:00:00,What Ever Happened to Baby Jane?,Drama,Robert Aldrich,1962,134,12,6.50
PRO000266,2018-04-21 10:00:00,Höstsonaten,Drama,Ingmar Bergman,1978,99,0,7.00
PRO000267,2018-04-21 12:30:00,Manhattan,Comedy,Woody Allen,1979,96,16,8.00
PRO000268,2018-04-21 15:00:00,Miller's Crossing,Crime,Joel Coen,1990,115,16,7.50
PRO000269,2018-04-22 10:30:00,Blood Simple,Crime,Joel Coen,1984,99,12,7.00
PRO000270,2018-04-22 13:00:00,Airlift,Drama,Raja Menon,2016,130,12,7.50
PRO000271,2018-04-22 16:00:00,Höstsonaten,Drama,Ingmar Bergman,1978,99,0,8.00
PRO000272,2018-04-22 18:30:00,The Apartment,Comedy,Billy Wilder,1960,125,0,9.50
PRO000273,2018-04-23 10:30:00,Blood Simple,Crime,Joel Coen,1984,99,12,7.00
PRO000274,2018-04-23 13:00:00,The Lion King,Animation,Roger Allers,1994,88,0,6.50
PRO000275,2018-04-24 10:00:00,Lost Highway,Mystery,David Lynch,1997,134,12,7.50
PRO000276,2018-04-24 13:00:00,The Innocents,Horror,Jack Clayton,1961,100,12,8.50
PRO000277,2018-04-25 10:00:00,Batman: Mask of the Phantasm,Animation,Kevin Altieri,1993,76,6,8.50
PRO000278,2018-04-25 12:00:00,Airlift,Drama,Raja Menon,2016,130,12,8.50
PRO000279,2018-04-25 15:00:00,The Deer Hunter,Drama,Michael Cimino,1978,183,12,7.00
PRO000280,2018-04-26 10:30:00,The Untouchables,Crime,Brian De Palma,1987,119,12,8.50
PRO000281,2018-04-26 13:30:00,The Lady Vanishes,Mystery,Alfred Hitchcock,1938,96,12,6.50
PRO000282,2018-04-26 16:00:00,Guardians of the Galaxy Vol. 2,Action,James Gunn,2017,136,12,8.50
PRO000283,2018-04-27 10:30:00,Jaws,Adventure,Steven Spielberg,1975,124,12,8.00
PRO000284,2018-04-27 13:30:00,Manhattan,Comedy,Woody Allen,1979,96,16,6.50
PRO000285,2018-04-27 16:00:00,Airlift,Drama,Raja Menon,2016,130,12,7.00
PRO000286,2018-04-28 10:00:00,Lost Highway,Mystery,David Lynch,1997,134,12,7.00
PRO000287,2018-04-28 13:00:00,Lost Highway,Mystery,David Lynch,1997,134,12,7.50
PRO000288,2018-04-28 16:00:00,Butch Cassidy and the Sundance Kid,Biography,George Roy Hill,1969,110,6,6.50
PRO000289,2018-04-28 19:00:00,Lost Highway,Mystery,David Lynch,1997,134,12,8.50
PRO000290,2018-04-29 10:00:00,Sweet Smell of Success,Drama,Alexander Mackendrick,1957,96,12,8.50
PRO000291,2018-04-29 12:30:00,The Innocents,Horror,Jack Clayton,1961,100,12,8.00
PRO000292,2018-04-29 15:00:00,Manhattan,Comedy,Woody Allen,1979,96,16,7.50
PRO000293,2018-04-29 17:30:00,Batman: Mask of the Phantasm,Animation,Kevin Altieri,1993,76,6,6.50
PRO000294,2018-04-30 10:30:00,Key Largo,Action,John Huston,1948,100,12,8.50
PRO000295,2018-04-30 13:00:00,Lost Highway,Mystery,David Lynch,1997,134,12,8.00
PRO000296,2018-05-01 10:00:00,Manhattan,Comedy,Woody Allen,1979,96,16,7.50
PRO000297,2018-05-02 10:00:00,Brief Encounter,Drama,David Lean,1945,86,0,6.50
PRO000298,2018-05-02 12:00:00,Butch Cassidy and the Sundance Kid,Biography,George Roy Hill,1969,110,6,7.50
PRO000299,2018-05-02 15:00:00,The Untouchables,Crime,Brian De Palma,1987,119,12,8.00
PRO000300,2018-05-03 10:00:00,The Untouchables,Crime,Brian De Palma,1987,119,12,6.50
PRO000301,2018-05-04 10:00:00,Blood Simple,Crime,Joel Coen,1984,99,12,7.00
PRO000302,2018-05-05 10:00:00,A Bronx Tale,Crime,Robert De Niro,1993,121,16,8.50
PRO000303,2018-05-05 13:00:00,Harold and Maude,Comedy,Hal Ashby,1971,91,6,7.00
PRO000304,2018-05-05 15:30:00,Blood Simple,Crime,Joel Coen,1984,99,12,8.00
PRO000305,2018-05-06 10:30:00,In the Name of the Father,Biography,Jim Sheridan,1993,133,12,7.00
PRO000306,2018-05-06 13:30:00,Forrest Gump,Drama,Robert Zemeckis,1994,142,12,8.00
PRO000307,2018-05-06 16:30:00,Sweet Smell of Success,Drama,Alexander Mackendrick,1957,96,12,8.00
PRO000308,2018-05-07 10:00:00,Thor: Ragnarok,Action,Taika Waititi,2017,130,12,6.50
PRO000309,2018-05-07 13:00:00,The Deer Hunter,Drama,Michael Cimino,1978,183,12,8.00
PRO000310,2018-05-07 17:00:00,The Deer Hunter,Drama,Michael Cimino,1978,183,12,8.50
PRO000311,2018-05-08 10:30:00,The Grapes of Wrath,Drama,John Ford,1940,129,12,7.00
PRO000312,2018-05-08 13:30:00,Lost Highway,Mystery,David Lynch,1997,134,12,7.00
PRO000313,2018-05-08 16:30:00,The Untouchables,Crime,Brian De Palma,1987,119,12,7.00
PRO000314,2018-05-09 10:30:00,When Harry Met Sally...,Comedy,Rob Reiner,1989,95,12,7.00
PRO000315,2018-05-09 13:00:00,Airlift,Drama,Raja Menon,2016,130,12,8.00
PRO000316,2018-05-10 10:30:00,Red River,Action,Howard Hawks,1948,133,12,6.50
PRO000317,2018-05-10 13:30:00,Manhattan,Comedy,Woody Allen,1979,96,16,8.50
PRO000318,2018-05-10 16:00:00,Jaws,Adventure,Steven Spielberg,1975,124,12,7.00
PRO000319,2018-05-11 10:00:00,The Lady Vanishes,Mystery,Alfred Hitchcock,1938,96,12,8.50
PRO000320,2018-05-12 10:30:00,Serpico,Biography,Sidney Lumet,1973,130,12,7.50
PRO000321,2018-05-12 13:30:00,Batman: Mask of the Phantasm,Animation,Kevin Altieri,1993,76,6,8.00
PRO000322,2018-05-12 15:30:00,The Apartment,Comedy,Billy Wilder,1960,125,0,6.50
PRO000323,2018-05-12 18:30:00,Clerks,Comedy,Kevin Smith,1994,92,16,10.00
PRO000324,2018-05-13 10:00:00,Red River,Action,Howard Hawks,1948,133,12,7.50
PRO000325,2018-05-13 13:00:00,Lost Highway,Mystery,David Lynch,1997,134,12,8.00
PRO000326,2018-05-13 16:00:00,Batman: Mask of the Phantasm,Animation,Kevin Altieri,1993,76,6,8.00
PRO000327,2018-05-14 10:00:00,Batman: Mask of the Phantasm,Animation,Kevin Altieri,1993,76,6,8.00
PRO000328,2018-05-15 10:00:00,Forrest Gump,Drama,Robert Zemeckis,1994,142,12,6.50
PRO000329,2018-05-15 13:30:00,Jules et Jim,Drama,François Truffaut,1962,105,12,8.00
PRO000330,2018-05-16 10:30:00,The Lion King,Animation,Roger Allers,1994,88,0,6.50
PRO000331,2018-05-16 13:00:00,Lost Highway,Mystery,David Lynch,1997,134,12,8.00
PRO000332,2018-05-17 10:30:00,Crimes and Misdemeanors,Comedy,Woody Allen,1989,104,12,8.00
PRO000333,2018-05-17 13:00:00,The Lady Vanishes,Mystery,Alfred Hitchcock,1938,96,12,8.50
PRO000334,2018-05-17 15:30:00,Batman: Mask of the Phantasm,Animation,Kevin Altieri,1993,76,6,8.50
PRO000335,2018-05-18 10:30:00,The Verdict,Drama,Sidney Lumet,1982,129,0,8.00
PRO000336,2018-05-18 13:30:00,Forrest Gump,Drama,Robert Zemeckis,1994,142,12,8.00
PRO000337,2018-05-18 17:00:00,Trainspotting,Drama,Danny Boyle,1996,93,12,8.50
PRO000338,2018-05-19 10:00:00,The Untouchables,Crime,Brian De Palma,1987,119,12,6.50
PRO000339,2018-05-19 13:00:00,The Lion King,Animation,Roger Allers,1994,88,0,8.50
PRO000340,2018-05-19 15:30:00,Sling Blade,Drama,Billy Bob Thornton,1996,135,16,7.50
PRO000341,2018-05-20 10:00:00,Forrest Gump,Drama,Robert Zemeckis,1994,142,12,6.50
PRO000342,2018-05-20 13:00:00,Trainspotting,Drama,Danny Boyle,1996,93,12,8.50
PRO000343,2018-05-20 15:30:00,Trainspotting,Drama,Danny Boyle,1996,93,12,7.50
PRO000344,2018-05-21 10:30:00,Airlift,Drama,Raja Menon,2016,130,12,7.00
PRO000345,2018-05-21 13:30:00,The Bridges of Madison County,Drama,Clint Eastwood,1995,135,12,8.00
PRO000346,2018-05-22 10:30:00,Kurenai no buta,Animation,Hayao Miyazaki,1992,94,0,8.50
PRO000347,2018-05-23 10:00:00,Jules et Jim,Drama,François Truffaut,1962,105,12,8.50
PRO000348,2018-05-24 10:00:00,Trainspotting,Drama,Danny Boyle,1996,93,12,8.50
PRO000349,2018-05-25 10:30:00,The Untouchables,Crime,Brian De Palma,1987,119,12,8.00
PRO000350,2018-05-25 13:30:00,The Verdict,Drama,Sidney Lumet,1982,129,0,6.50
PRO000351,2018-05-25 16:30:00,Sling Blade,Drama,Billy Bob Thornton,1996,135,16,7.50
PRO000352,2018-05-26 10:30:00,The Grapes of Wrath,Drama,John Ford,1940,129,12,8.00
PRO000353,2018-05-26 13:30:00,Serpico,Biography,Sidney Lumet,1973,130,12,7.50
PRO000354,2018-05-26 16:30:00,Crimes and Misdemeanors,Comedy,Woody Allen,1989,104,12,8.00
PRO000355,2018-05-27 10:30:00,Clerks,Comedy,Kevin Smith,1994,92,16,8.00
PRO000356,2018-05-27 13:00:00,Blue Velvet,Drama,David Lynch,1986,120,12,8.00
PRO000357,2018-05-27 16:00:00,When Harry Met Sally...,Comedy,Rob Reiner,1989,95,12,7.00
PRO000358,2018-05-28 10:30:00,Kurenai no buta,Animation,Hayao Miyazaki,1992,94,0,8.00
PRO000359,2018-05-29 10:00:00,Trainspotting,Drama,Danny Boyle,1996,93,12,6.50
PRO000360,2018-05-29 12:30:00,The Wild Bunch,Action,Sam Peckinpah,1969,145,12,6.50
PRO000361,2018-05-30 10:00:00,Batman: Mask of the Phantasm,Animation,Kevin Altieri,1993,76,6,7.50
PRO000362,2018-05-31 10:00:00,The Ten Commandments,Adventure,Cecil B. DeMille,1956,220,0,8.50
PRO000363,2018-05-31 14:30:00,The Bridges of Madison County,Drama,Clint Eastwood,1995,135,12,8.00
PRO000364,2018-05-31 17:30:00,The Wild Bunch,Action,Sam Peckinpah,1969,145,12,8.50
PRO000365,2018-06-01 10:30:00,Serpico,Biography,Sidney Lumet,1973,130,12,7.50
PRO000366,2018-06-02 10:30:00,Crimes and Misdemeanors,Comedy,Woody Allen,1989,104,12,8.00
PRO000367,2018-06-02 13:00:00,The Bridges of Madison County,Drama,Clint Eastwood,1995,135,12,8.00
PRO000368,2018-06-02 16:00:00,The Long Goodbye,Comedy,Robert Altman,1973,112,12,7.50
PRO000369,2018-06-02 18:30:00,The Bridges of Madison County,Drama,Clint Eastwood,1995,135,12,10.00
PRO000370,2018-06-03 10:00:00,Hiroshima mon amour,Drama,Alain Resnais,1959,90,12,8.00
PRO000371,2018-06-03 12:30:00,Trainspotting,Drama,Danny Boyle,1996,93,12,6.50
PRO000372,2018-06-03 15:00:00,Hiroshima mon amour,Drama,Alain Resnais,1959,90,12,6.50
PRO000373,2018-06-03 17:30:00,Crimes and Misdemeanors,Comedy,Woody Allen,1989,104,12,8.00
PRO000374,2018-06-04 10:00:00,The Verdict,Drama,Sidney Lumet,1982,129,0,7.00
PRO000375,2018-06-05 10:00:00,The Ten Commandments,Adventure,Cecil B. DeMille,1956,220,0,7.50
PRO000376,2018-06-05 14:30:00,Airlift,Drama,Raja Menon,2016,130,12,8.50
PRO000377,2018-06-06 10:30:00,When Harry Met Sally...,Comedy,Rob Reiner,1989,95,12,8.50
PRO000378,2018-06-06 13:00:00,Ikiru,Drama,Akira Kurosawa,1952,143,12,7.00
PRO000379,2018-06-06 16:00:00,The Long Goodbye,Comedy,Robert Altman,1973,112,12,6.50
PRO000380,2018-06-07 10:30:00,The Long Goodbye,Comedy,Robert Altman,1973,112,12,7.00
PRO000381,2018-06-07 13:30:00,Kurenai no buta,Animation,Hayao Miyazaki,1992,94,0,7.00
PRO000382,2018-06-07 16:00:00,The Long Goodbye,Comedy,Robert Altman,1973,112,12,6.50
PRO000383,2018-06-08 10:00:00,The Long Goodbye,Comedy,Robert Altman,1973,112,12,7.50
PRO000384,2018-06-08 12:30:00,Spider-Man: Into the Spider-Verse,Animation,Bob Persichetti,2018,117,0,8.00
PRO000385,2018-06-08 15:30:00,The Long Goodbye,Comedy,Robert Altman,1973,112,12,8.50
PRO000386,2018-06-09 10:00:00,Hiroshima mon amour,Drama,Alain Resnais,1959,90,12,8.50
PRO000387,2018-06-09 12:30:00,The Wild Bunch,Action,Sam Peckinpah,1969,145,12,6.50
PRO000388,2018-06-09 15:30:00,The Wild Bunch,Action,Sam Peckinpah,1969,145,12,7.50
PRO000389,2018-06-10 10:30:00,The Ten Commandments,Adventure,Cecil B. DeMille,1956,220,0,8.50
PRO000390,2018-06-10 15:00:00,The Long Goodbye,Comedy,Robert Altman,1973,112,12,7.00
PRO000391,2018-06-10 18:00:00,Ikiru,Drama,Akira Kurosawa,1952,143,12,8.50
PRO000392,2018-06-11 10:00:00,Spider-Man: Into the Spider-Verse,Animation,Bob Persichetti,2018,117,0,7.00
PRO000393,2018-06-11 13:00:00,Serpico,Biography,Sidney Lumet,1973,130,12,8.00
PRO000394,2018-06-11 16:00:00,Blue Velvet,Drama,David Lynch,1986,120,12,7.50
PRO000395,2018-06-12 10:00:00,The Wild Bunch,Action,Sam Peckinpah,1969,145,12,7.50
PRO000396,2018-06-12 13:30:00,The Wild Bunch,Action,Sam Peckinpah,1969,145,12,8.50
PRO000397,2018-06-12 17:00:00,The Grapes of Wrath,Drama,John Ford,1940,129,12,6.50
PRO000398,2018-06-13 10:30:00,When Harry Met Sally...,Comedy,Rob Reiner,1989,95,12,6.50
PRO000399,2018-06-14 10:30:00,Ikiru,Drama,Akira Kurosawa,1952,143,12,8.50
PRO000400,2018-06-14 13:30:00,Willy Wonka & the Chocolate Factory,Family,Mel Stuart,1971,100,0,6.50
PRO000401,2018-06-14 16:00:00,Crimes and Misdemeanors,Comedy,Woody Allen,1989,104,12,7.00
PRO000402,2018-06-15 10:30:00,Blue Velvet,Drama,David Lynch,1986,120,12,6.50
PRO000403,2018-06-15 13:30:00,Hiroshima mon amour,Drama,Alain Resnais,1959,90,12,8.50
PRO000404,2018-06-15 16:00:00,Rebel Without a Cause,Drama,Nicholas Ray,1955,111,12,8.00
PRO000405,2018-06-16 10:00:00,The Ten Commandments,Adventure,Cecil B. DeMille,1956,220,0,7.00
PRO000406,2018-06-16 14:30:00,Hiroshima mon amour,Drama,Alain Resnais,1959,90,12,8.00
PRO000407,2018-06-16 17:00:00,Jules et Jim,Drama,François Truffaut,1962,105,12,8.50
PRO000408,2018-06-17 10:00:00,Ikiru,Drama,Akira Kurosawa,1952,143,12,7.50
PRO000409,2018-06-17 13:30:00,Willy Wonka & the Chocolate Factory,Family,Mel Stuart,1971,100,0,6.50
PRO000410,2018-06-17 16:00:00,The Untouchables,Crime,Brian De Palma,1987,119,12,6.50
PRO000411,2018-06-17 19:00:00,Airlift,Drama,Raja Menon,2016,130,12,9.50
PRO000412,2018-06-18 10:30:00,Hiroshima mon amour,Drama,Alain Resnais,1959,90,12,8.50
PRO000413,2018-06-19 10:30:00,Hiroshima mon amour,Drama,Alain Resnais,1959,90,12,8.50
PRO000414,2018-06-19 13:00:00,Lethal Weapon,Action,Richard Donner,1987,109,12,7.50
PRO000415,2018-06-19 15:30:00,Crimes and Misdemeanors,Comedy,Woody Allen,1989,104,12,8.50
PRO000416,2018-06-20 10:00:00,Nuovo Cinema Paradiso,Drama,Giuseppe Tornatore,1988,155,0,7.00
PRO000417,2018-06-20 13:30:00,Willy Wonka & the Chocolate Factory,Family,Mel Stuart,1971,100,0,7.50
PRO000418,2018-06-21 10:30:00,The Bridges of Madison County,Drama,Clint Eastwood,1995,135,12,6.50
PRO000419,2018-06-21 13:30:00,Crimes and Misdemeanors,Comedy,Woody Allen,1989,104,12,7.50
PRO000420,2018-06-22 10:30:00,Nuovo Cinema Paradiso,Drama,Giuseppe Tornatore,1988,155,0,7.00
PRO000421,2018-06-23 10:30:00,The Untouchables,Crime,Brian De Palma,1987,119,12,8.00
PRO000422,2018-06-23 13:30:00,The Bridges of Madison County,Drama,Clint Eastwood,1995,135,12,8.00
PRO000423,2018-06-23 16:30:00,Hiroshima mon amour,Drama,Alain Resnais,1959,90,12,8.00
PRO000424,2018-06-23 19:00:00,Lola rennt,Crime,Tom Tykwer,1998,81,12,9.00
PRO000425,2018-06-24 10:30:00,Rebel Without a Cause,Drama,Nicholas Ray,1955,111,12,7.50
PRO000426,2018-06-24 13:00:00,Rebel Without a Cause,Drama,Nicholas Ray,1955,111,12,7.50
PRO000427,2018-06-24 15:30:00,Willy Wonka & the Chocolate Factory,Family,Mel Stuart,1971,100,0,7.00
PRO000428,2018-06-24 18:00:00,Malcolm X,Biography,Spike Lee,1992,202,0,8.50
PRO000429,2018-06-25 10:30:00,Ikiru,Drama,Akira Kurosawa,1952,143,12,7.50
PRO000430,2018-06-25 13:30:00,Trainspotting,Drama,Danny Boyle,1996,93,12,8.00
PRO000431,2018-06-26 10:30:00,Willy Wonka & the Chocolate Factory,Family,Mel Stuart,1971,100,0,8.00
PRO000432,2018-06-26 13:00:00,Indiana Jones and the Last Crusade,Action,Steven Spielberg,1989,127,0,7.50
PRO000433,2018-06-27 10:00:00,Happiness,Comedy,Todd Solondz,1998,134,12,7.00
PRO000434,2018-06-28 10:30:00,The Bridges of Madison County,Drama,Clint Eastwood,1995,135,12,8.00
PRO000435,2018-06-29 10:00:00,A Hard Day's Night,Comedy,Richard Lester,1964,87,0,7.50
PRO000436,2018-06-29 12:30:00,Lola rennt,Crime,Tom Tykwer,1998,81,12,8.00
PRO000437,2018-06-30 10:30:00,Hiroshima mon amour,Drama,Alain Resnais,1959,90,12,7.00
PRO000438,2018-06-30 13:00:00,Smultronstället,Drama,Ingmar Bergman,1957,91,0,7.00
PRO000439,2018-06-30 15:30:00,The Night of the Hunter,Crime,Charles Laughton,1955,92,12,8.50
PRO000440,2018-07-01 10:00:00,The Night of the Hunter,Crime,Charles Laughton,1955,92,12,8.00
PRO000441,2018-07-01 12:30:00,Star Wars: Episode V - The Empire Strikes Back,Action,Irvin Kershner,1980,124,12,6.50
PRO000442,2018-07-01 15:30:00,Indiana Jones and the Last Crusade,Action,Steven Spielberg,1989,127,0,7.00
PRO000443,2018-07-02 10:00:00,Star Wars: Episode V - The Empire Strikes Back,Action,Irvin Kershner,1980,124,12,7.00
PRO000444,2018-07-03 10:30:00,"Planes, Trains & Automobiles",Comedy,John Hughes,1987,93,0,8.00
PRO000445,2018-07-04 10:30:00,When Harry Met Sally...,Comedy,Rob Reiner,1989,95,12,8.00
PRO000446,2018-07-05 10:00:00,The Verdict,Drama,Sidney Lumet,1982,129,0,8.50
PRO000447,2018-07-05 13:00:00,"Planes, Trains & Automobiles",Comedy,John Hughes,1987,93,0,8.00
PRO000448,2018-07-05 15:30:00,Lethal Weapon,Action,Richard Donner,1987,109,12,6.50
PRO000449,2018-07-06 10:00:00,Smultronstället,Drama,Ingmar Bergman,1957,91,0,6.50
PRO000450,2018-07-06 12:30:00,Nuovo Cinema Paradiso,Drama,Giuseppe Tornatore,1988,155,0,8.00
PRO000451,2018-07-06 16:00:00,"Planes, Trains & Automobiles",Comedy,John Hughes,1987,93,0,7.50
PRO000452,2018-07-07 10:30:00,Lola rennt,Crime,Tom Tykwer,1998,81,12,7.50
PRO000453,2018-07-07 13:00:00,Rebel Without a Cause,Drama,Nicholas Ray,1955,111,12,8.50
PRO000454,2018-07-07 15:30:00,Patton,Biography,Franklin J. Schaffner,1970,172,0,6.50
PRO000455,2018-07-08 10:00:00,Indiana Jones and the Last Crusade,Action,Steven Spielberg,1989,127,0,7.00
PRO000456,2018-07-08 13:00:00,Bringing Up Baby,Comedy,Howard Hawks,1938,102,12,7.50
PRO000457,2018-07-08 15:30:00,Lola rennt,Crime,Tom Tykwer,1998,81,12,8.00
PRO000458,2018-07-08 17:30:00,Smultronstället,Drama,Ingmar Bergman,1957,91,0,8.50
PRO000459,2018-07-09 10:30:00,Bringing Up Baby,Comedy,Howard Hawks,1938,102,12,6.50
PRO000460,2018-07-09 13:00:00,Star Wars: Episode V - The Empire Strikes Back,Action,Irvin Kershner,1980,124,12,6.50
PRO000461,2018-07-10 10:30:00,Malcolm X,Biography,Spike Lee,1992,202,0,8.00
PRO000462,2018-07-10 14:30:00,Star Wars,Action,George Lucas,1977,121,12,8.00
PRO000463,2018-07-11 10:00:00,The Night of the Hunter,Crime,Charles Laughton,1955,92,12,7.00
PRO000464,2018-07-11 12:30:00,Willy Wonka & the Chocolate Factory,Family,Mel Stuart,1971,100,0,7.50
PRO000465,2018-07-11 15:00:00,Abre los ojos,Drama,Alejandro Amenábar,1997,119,0,8.50
PRO000466,2018-07-12 10:00:00,Star Wars,Action,George Lucas,1977,121,12,6.50
PRO000467,2018-07-12 13:00:00,Hell or High Water,Action,David Mackenzie,2016,102,16,7.00
PRO000468,2018-07-13 10:30:00,Kimi no na wa.,Animation,Makoto Shinkai,2016,106,0,7.50
PRO000469,2018-07-14 10:00:00,Bringing Up Baby,Comedy,Howard Hawks,1938,102,12,8.00
PRO000470,2018-07-14 12:30:00,Smultronstället,Drama,Ingmar Bergman,1957,91,0,6.50
PRO000471,2018-07-14 15:00:00,American History X,Drama,Tony Kaye,1998,119,16,6.50
PRO000472,2018-07-15 10:30:00,Bringing Up Baby,Comedy,Howard Hawks,1938,102,12,6.50
PRO000473,2018-07-15 13:00:00,Star Wars: Episode V - The Empire Strikes Back,Action,Irvin Kershner,1980,124,12,7.50
PRO000474,2018-07-15 16:00:00,A Hard Day's Night,Comedy,Richard Lester,1964,87,0,8.00
PRO000475,2018-07-16 10:00:00,Smultronstället,Drama,Ingmar Bergman,1957,91,0,8.50
PRO000476,2018-07-16 12:30:00,A Hard Day's Night,Comedy,Richard Lester,1964,87,0,7.00
PRO000477,2018-07-16 15:00:00,Bringing Up Baby,Comedy,Howard Hawks,1938,102,12,6.50
PRO000478,2018-07-17 10:00:00,Abre los ojos,Drama,Alejandro Amenábar,1997,119,0,6.50
PRO000479,2018-07-17 13:00:00,A Night at the Opera,Comedy,Sam Wood,1935,96,12,6.50
PRO000480,2018-07-18 10:30:00,Pâfekuto burû,Animation,Satoshi Kon,1997,81,12,7.50
PRO000481,2018-07-18 12:30:00,Die Hard: With a Vengeance,Action,John McTiernan,1995,128,12,7.00
PRO000482,2018-07-19 10:30:00,Hell or High Water,Action,David Mackenzie,2016,102,16,8.00
PRO000483,2018-07-20 10:00:00,Abre los ojos,Drama,Alejandro Amenábar,1997,119,0,8.00
PRO000484,2018-07-20 13:00:00,On the Waterfront,Crime,Elia Kazan,1954,108,12,6.50
PRO000485,2018-07-20 15:30:00,"Planes, Trains & Automobiles",Comedy,John Hughes,1987,93,0,7.50
PRO000486,2018-07-21 10:30:00,The Outlaw Josey Wales,Western,Clint Eastwood,1976,135,12,8.00
PRO000487,2018-07-21 13:30:00,Dà hóng denglong gaogao guà,Drama,Yimou Zhang,1991,125,6,8.00
PRO000488,2018-07-21 16:30:00,Die Hard: With a Vengeance,Action,John McTiernan,1995,128,12,7.50
PRO000489,2018-07-22 10:30:00,Lola rennt,Crime,Tom Tykwer,1998,81,12,7.00
PRO000490,2018-07-22 13:00:00,Enter the Dragon,Action,Robert Clouse,1973,102,12,8.50
PRO000491,2018-07-22 15:30:00,On the Waterfront,Crime,Elia Kazan,1954,108,12,8.00
PRO000492,2018-07-22 18:30:00,Indiana Jones and the Last Crusade,Action,Steven Spielberg,1989,127,0,8.50
PRO000493,2018-07-23 10:30:00,Judgment at Nuremberg,Drama,Stanley Kramer,1961,179,12,7.50
PRO000494,2018-07-23 14:30:00,Lola rennt,Crime,Tom Tykwer,1998,81,12,8.50
PRO000495,2018-07-24 10:00:00,Smultronstället,Drama,Ingmar Bergman,1957,91,0,7.50
PRO000496,2018-07-25 10:00:00,Patton,Biography,Franklin J. Schaffner,1970,172,0,8.50
PRO000497,2018-07-25 13:30:00,Pâfekuto burû,Animation,Satoshi Kon,1997,81,12,8.00
PRO000498,2018-07-25 16:00:00,Abre los ojos,Drama,Alejandro Amenábar,1997,119,0,6.50
PRO000499,2018-07-26 10:00:00,The Goonies,Adventure,Richard Donner,1985,114,0,8.50
PRO000500,2018-07-26 13:00:00,Dà hóng denglong gaogao guà,Drama,Yimou Zhang,1991,125,6,8.00
PRO000501,2018-07-27 10:00:00,American History X,Drama,Tony Kaye,1998,119,16,7.50
PRO000502,2018-07-28 10:30:00,This Is Spinal Tap,Comedy,Rob Reiner,1984,82,16,7.00
PRO000503,2018-07-28 13:00:00,The Truman Show,Comedy,Peter Weir,1998,103,0,7.00
PRO000504,2018-07-28 15:30:00,Enter the Dragon,Action,Robert Clouse,1973,102,12,7.00
PRO000505,2018-07-29 10:30:00,A Night at the Opera,Comedy,Sam Wood,1935,96,12,7.00
PRO000506,2018-07-29 13:00:00,This Is Spinal Tap,Comedy,Rob Reiner,1984,82,16,8.00
PRO000507,2018-07-29 15:00:00,This Is Spinal Tap,Comedy,Rob Reiner,1984,82,16,7.50
PRO000508,2018-07-30 10:30:00,Hell or High Water,Action,David Mackenzie,2016,102,16,7.00
PRO000509,2018-07-30 13:00:00,Judgment at Nuremberg,Drama,Stanley Kramer,1961,179,12,8.00
PRO000510,2018-07-31 10:30:00,"Planes, Trains & Automobiles",Comedy,John Hughes,1987,93,0,8.00
PRO000511,2018-07-31 13:00:00,Kimi no na wa.,Animation,Makoto Shinkai,2016,106,0,8.50
PRO000512,2018-07-31 15:30:00,The Truman Show,Comedy,Peter Weir,1998,103,0,7.00
PRO000513,2018-08-01 10:30:00,Bringing Up Baby,Comedy,Howard Hawks,1938,102,12,8.00
PRO000514,2018-08-01 13:00:00,Malcolm X,Biography,Spike Lee,1992,202,0,6.50
PRO000515,2018-08-02 10:30:00,The Outlaw Josey Wales,Western,Clint Eastwood,1976,135,12,6.50
PRO000516,2018-08-02 13:30:00,La haine,Crime,Mathieu Kassovitz,1995,98,12,8.50
PRO000517,2018-08-02 16:00:00,Enter the Dragon,Action,Robert Clouse,1973,102,12,8.00
PRO000518,2018-08-03 10:00:00,Star Wars,Action,George Lucas,1977,121,12,7.00
PRO000519,2018-08-03 13:00:00,Bringing Up Baby,Comedy,Howard Hawks,1938,102,12,8.00
PRO000520,2018-08-04 10:30:00,Hell or High Water,Action,David Mackenzie,2016,102,16,8.00
PRO000521,2018-08-04 13:00:00,The Goonies,Adventure,Richard Donner,1985,114,0,6.50
PRO000522,2018-08-04 15:30:00,Smultronstället,Drama,Ingmar Bergman,1957,91,0,8.00
PRO000523,2018-08-05 10:30:00,Hell or High Water,Action,David Mackenzie,2016,102,16,8.50
PRO000524,2018-08-05 13:00:00,This Is Spinal Tap,Comedy,Rob Reiner,1984,82,16,8.00
PRO000525,2018-08-05 15:30:00,Bound by Honor,Crime,Taylor Hackford,1993,180,16,7.50
PRO000526,2018-08-05 19:30:00,Die Hard: With a Vengeance,Action,John McTiernan,1995,128,12,9.50
PRO000527,2018-08-06 10:00:00,Star Wars,Action,George Lucas,1977,121,12,7.50
PRO000528,2018-08-07 10:00:00,Airlift,Drama,Raja Menon,2016,130,12,8.50
PRO000529,2018-08-07 13:00:00,The Goonies,Adventure,Richard Donner,1985,114,0,8.00
PRO000530,2018-08-08 10:00:00,Heat,Crime,Michael Mann,1995,170,12,7.00
PRO000531,2018-08-08 13:30:00,Judgment at Nuremberg,Drama,Stanley Kramer,1961,179,12,6.50
PRO000532,2018-08-08 17:00:00,Au revoir les enfants,Drama,Louis Malle,1987,104,0,7.50
PRO000533,2018-08-09 10:00:00,Star Wars,Action,George Lucas,1977,121,12,7.50
PRO000534,2018-08-09 13:00:00,Dr. Strangelove or: How I Learned to Stop Worrying and Love the Bomb,Comedy,Stanley Kubrick,1964,95,12,8.50
PRO000535,2018-08-10 10:00:00,The Truman Show,Comedy,Peter Weir,1998,103,0,8.50
PRO000536,2018-08-11 10:00:00,This Is Spinal Tap,Comedy,Rob Reiner,1984,82,16,7.50
PRO000537,2018-08-11 12:00:00,Judgment at Nuremberg,Drama,Stanley Kramer,1961,179,12,7.50
PRO000538,2018-08-11 16:00:00,Enter the Dragon,Action,Robert Clouse,1973,102,12,8.00
PRO000539,2018-08-11 18:30:00,Au revoir les enfants,Drama,Louis Malle,1987,104,0,10.00
PRO000540,2018-08-12 10:30:00,The Purple Rose of Cairo,Comedy,Woody Allen,1985,82,0,8.00
PRO000541,2018-08-12 12:30:00,Clerks,Comedy,Kevin Smith,1994,92,16,6.50
PRO000542,2018-08-12 15:00:00,Patton,Biography,Franklin J. Schaffner,1970,172,0,6.50
PRO000543,2018-08-13 10:30:00,Airlift,Drama,Raja Menon,2016,130,12,8.50
PRO000544,2018-08-13 13:30:00,The Great Escape,Adventure,John Sturges,1963,172,0,7.00
PRO000545,2018-08-13 17:30:00,Heat,Crime,Michael Mann,1995,170,12,7.50
PRO000546,2018-08-14 10:30:00,Judgment at Nuremberg,Drama,Stanley Kramer,1961,179,12,8.00
PRO000547,2018-08-14 14:30:00,Pâfekuto burû,Animation,Satoshi Kon,1997,81,12,8.00
PRO000548,2018-08-14 17:00:00,The Purple Rose of Cairo,Comedy,Woody Allen,1985,82,0,7.00
PRO000549,2018-08-15 10:30:00,This Is Spinal Tap,Comedy,Rob Reiner,1984,82,16,7.50
PRO000550,2018-08-16 10:30:00,Blade Runner 2049,Action,Denis Villeneuve,2017,164,12,6.50
PRO000551,2018-08-16 14:00:00,La Grande Illusion,Drama,Jean Renoir,1937,113,12,7.00
PRO000552,2018-08-17 10:00:00,Hannah and Her Sisters,Comedy,Woody Allen,1986,107,12,8.50
PRO000553,2018-08-18 10:00:00,Tonari no Totoro,Animation,Hayao Miyazaki,1988,86,0,8.50
PRO000554,2018-08-18 12:30:00,Tonari no Totoro,Animation,Hayao Miyazaki,1988,86,0,7.00
PRO000555,2018-08-18 14:30:00,Clerks,Comedy,Kevin Smith,1994,92,16,7.00
PRO000556,2018-08-18 17:00:00,Die Hard: With a Vengeance,Action,John McTiernan,1995,128,12,8.00
PRO000557,2018-08-19 10:30:00,Heat,Crime,Michael Mann,1995,170,12,6.50
PRO000558,2018-08-19 14:30:00,La haine,Crime,Mathieu Kassovitz,1995,98,12,8.50
PRO000559,2018-08-19 17:00:00,East of Eden,Drama,Elia Kazan,1955,118,0,7.00
PRO000560,2018-08-19 20:00:00,Tumbbad,Drama,Rahi Anil Barve,2018,104,12,8.50
PRO000561,2018-08-20 10:30:00,On the Waterfront,Crime,Elia Kazan,1954,108,12,8.50
PRO000562,2018-08-20 13:00:00,The Goonies,Adventure,Richard Donner,1985,114,0,8.50
PRO000563,2018-08-21 10:00:00,The Princess Bride,Adventure,Rob Reiner,1987,98,0,7.00
PRO000564,2018-08-21 12:30:00,Nuovo Cinema Paradiso,Drama,Giuseppe Tornatore,1988,155,0,8.00
PRO000565,2018-08-22 10:00:00,The Sting,Comedy,George Roy Hill,1973,129,0,8.50
PRO000566,2018-08-23 10:30:00,A Night at the Opera,Comedy,Sam Wood,1935,96,12,8.00
PRO000567,2018-08-24 10:30:00,Ikiru,Drama,Akira Kurosawa,1952,143,12,7.50
PRO000568,2018-08-25 10:00:00,Hannah and Her Sisters,Comedy,Woody Allen,1986,107,12,6.50
PRO000569,2018-08-25 12:30:00,East of Eden,Drama,Elia Kazan,1955,118,0,8.00
PRO000570,2018-08-25 15:30:00,Tumbbad,Drama,Rahi Anil Barve,2018,104,12,7.00
PRO000571,2018-08-25 18:00:00,Judgment at Nuremberg,Drama,Stanley Kramer,1961,179,12,8.50
PRO000572,2018-08-26 10:00:00,Hannah and Her Sisters,Comedy,Woody Allen,1986,107,12,8.50
PRO000573,2018-08-26 12:30:00,Scent of a Woman,Drama,Martin Brest,1992,156,12,6.50
PRO000574,2018-08-26 16:00:00,Star Wars,Action,George Lucas,1977,121,12,7.50
PRO000575,2018-08-27 10:30:00,Terminator 2: Judgment Day,Action,James Cameron,1991,137,0,8.00
PRO000576,2018-08-27 13:30:00,Smultronstället,Drama,Ingmar Bergman,1957,91,0,7.50
PRO000577,2018-08-27 16:00:00,Rocky,Drama,John G. Avildsen,1976,120,0,8.50
PRO000578,2018-08-28 10:30:00,Hannah and Her Sisters,Comedy,Woody Allen,1986,107,12,7.50
PRO000579,2018-08-28 13:00:00,The Great Escape,Adventure,John Sturges,1963,172,0,7.00
PRO000580,2018-08-29 10:30:00,Tonari no Totoro,Animation,Hayao Miyazaki,1988,86,0,8.00
PRO000581,2018-08-29 12:30:00,The Princess Bride,Adventure,Rob Reiner,1987,98,0,7.00
PRO000582,2018-08-29 15:00:00,The Sting,Comedy,George Roy Hill,1973,129,0,6.50
PRO000583,2018-08-30 10:00:00,The Sting,Comedy,George Roy Hill,1973,129,0,8.00
PRO000584,2018-08-30 13:00:00,Hannah and Her Sisters,Comedy,Woody Allen,1986,107,12,7.50
PRO000585,2018-08-31 10:00:00,Belle de jour,Drama,Luis Buñuel,1967,100,12,7.50
PRO000586,2018-09-01 10:00:00,Airlift,Drama,Raja Menon,2016,130,12,8.00
PRO000587,2018-09-01 13:00:00,The Great Escape,Adventure,John Sturges,1963,172,0,7.50
PRO000588,2018-09-01 16:30:00,The Great Escape,Adventure,John Sturges,1963,172,0,7.50
PRO000589,2018-09-02 10:30:00,Terminator 2: Judgment Day,Action,James Cameron,1991,137,0,7.50
PRO000590,2018-09-02 13:30:00,Braveheart,Biography,Mel Gibson,1995,178,12,6.50
PRO000591,2018-09-02 17:30:00,Rocky,Drama,John G. Avildsen,1976,120,0,8.50
PRO000592,2018-09-02 20:30:00,Au revoir les enfants,Drama,Louis Malle,1987,104,0,9.50
PRO000593,2018-09-03 10:30:00,This Is Spinal Tap,Comedy,Rob Reiner,1984,82,16,6.50
PRO000594,2018-09-03 12:30:00,Rocky,Drama,John G. Avildsen,1976,120,0,8.50
PRO000595,2018-09-03 15:30:00,Hannah and Her Sisters,Comedy,Woody Allen,1986,107,12,7.00
PRO000596,2018-09-04 10:00:00,Tumbbad,Drama,Rahi Anil Barve,2018,104,12,8.00
PRO000597,2018-09-05 10:30:00,Braveheart,Biography,Mel Gibson,1995,178,12,7.00
PRO000598,2018-09-05 14:30:00,The Great Escape,Adventure,John Sturges,1963,172,0,7.50
PRO000599,2018-09-05 18:00:00,Tonari no Totoro,Animation,Hayao Miyazaki,1988,86,0,9.50
PRO000600,2018-09-06 10:30:00,Tonari no Totoro,Animation,Hayao Miyazaki,1988,86,0,8.50
PRO000601,2018-09-07 10:00:00,Heat,Crime,Michael Mann,1995,170,12,8.00
PRO000602,2018-09-08 10:30:00,Terminator 2: Judgment Day,Action,James Cameron,1991,137,0,8.50
PRO000603,2018-09-08 13:30:00,Tonari no Totoro,Animation,Hayao Miyazaki,1988,86,0,8.00
PRO000604,2018-09-08 16:00:00,The Purple Rose of Cairo,Comedy,Woody Allen,1985,82,0,8.00
PRO000605,2018-09-09 10:00:00,The Great Escape,Adventure,John Sturges,1963,172,0,7.00
PRO000606,2018-09-09 13:30:00,Bound by Honor,Crime,Taylor Hackford,1993,180,16,7.00
PRO000607,2018-09-09 17:30:00,Au revoir les enfants,Drama,Louis Malle,1987,104,0,8.00
PRO000608,2018-09-10 10:00:00,Butch Cassidy and the Sundance Kid,Biography,George Roy Hill,1969,110,6,7.00
PRO000609,2018-09-10 12:30:00,La Grande Illusion,Drama,Jean Renoir,1937,113,12,6.50
PRO000610,2018-09-11 10:00:00,Hannah and Her Sisters,Comedy,Woody Allen,1986,107,12,8.50
PRO000611,2018-09-11 12:30:00,La Grande Illusion,Drama,Jean Renoir,1937,113,12,8.00
PRO000612,2018-09-11 15:00:00,The Color Purple,Drama,Steven Spielberg,1985,154,0,7.50
PRO000613,2018-09-12 10:30:00,Terminator 2: Judgment Day,Action,James Cameron,1991,137,0,8.50
PRO000614,2018-09-12 13:30:00,The Princess Bride,Adventure,Rob Reiner,1987,98,0,6.50
PRO000615,2018-09-12 16:00:00,Hannah and Her Sisters,Comedy,Woody Allen,1986,107,12,8.00
PRO000616,2018-09-13 10:00:00,The Naked Gun: From the Files of Police Squad!,Comedy,David Zucker,1988,85,0,7.50
PRO000617,2018-09-13 12:00:00,The Sting,Comedy,George Roy Hill,1973,129,0,7.50
PRO000618,2018-09-13 15:00:00,Tonari no Totoro,Animation,Hayao Miyazaki,1988,86,0,8.50
PRO000619,2018-09-14 10:30:00,Rocky,Drama,John G. Avildsen,1976,120,0,7.50
PRO000620,2018-09-15 10:30:00,The Purple Rose of Cairo,Comedy,Woody Allen,1985,82,0,8.50
PRO000621,2018-09-15 13:00:00,Unforgiven,Drama,Clint Eastwood,1992,130,12,7.50
PRO000622,2018-09-15 16:00:00,Tonari no Totoro,Animation,Hayao Miyazaki,1988,86,0,6.50
PRO000623,2018-09-15 18:30:00,Dangal,Action,Nitesh Tiwari,2016,161,0,9.00
PRO000624,2018-09-16 10:30:00,Heat,Crime,Michael Mann,1995,170,12,8.50
PRO000625,2018-09-16 14:00:00,Pink Floyd: The Wall,Drama,Alan Parker,1982,95,12,7.00
PRO000626,2018-09-16 16:30:00,Blade Runner 2049,Action,Denis Villeneuve,2017,164,12,8.50
PRO000627,2018-09-17 10:30:00,Pink Floyd: The Wall,Drama,Alan Parker,1982,95,12,8.00
PRO000628,2018-09-18 10:00:00,Ordinary People,Drama,Robert Redford,1980,124,0,6.50
PRO000629,2018-09-18 13:00:00,Au revoir les enfants,Drama,Louis Malle,1987,104,0,7.00
PRO000630,2018-09-19 10:30:00,Airlift,Drama,Raja Menon,2016,130,12,8.50
PRO000631,2018-09-20 10:00:00,Nuovo Cinema Paradiso,Drama,Giuseppe Tornatore,1988,155,0,7.00
PRO000632,2018-09-20 13:30:00,Thor: Ragnarok,Action,Taika Waititi,2017,130,12,8.00
PRO000633,2018-09-21 10:00:00,North by Northwest,Adventure,Alfred Hitchcock,1959,136,0,7.50
PRO000634,2018-09-22 10:30:00,Heat,Crime,Michael Mann,1995,170,12,7.50
PRO000635,2018-09-22 14:30:00,Thor: Ragnarok,Action,Taika Waititi,2017,130,12,8.50
PRO000636,2018-09-22 17:30:00,Jules et Jim,Drama,François Truffaut,1962,105,12,6.50
PRO000637,2018-09-22 20:00:00,Pink Floyd: The Wall,Drama,Alan Parker,1982,95,12,9.50
PRO000638,2018-09-23 10:00:00,The Princess Bride,Adventure,Rob Reiner,1987,98,0,6.50
PRO000639,2018-09-23 12:30:00,Thor: Ragnarok,Action,Taika Waititi,2017,130,12,8.50
PRO000640,2018-09-23 15:30:00,Airlift,Drama,Raja Menon,2016,130,12,8.50
PRO000641,2018-09-24 10:30:00,Barton Fink,Comedy,Joel Coen,1991,116,0,6.50
PRO000642,2018-09-24 13:30:00,Braveheart,Biography,Mel Gibson,1995,178,12,8.50
PRO000643,2018-09-24 17:30:00,Rocky,Drama,John G. Avildsen,1976,120,0,8.50
PRO000644,2018-09-25 10:30:00,Andaz Apna Apna,Action,Rajkumar Santoshi,1994,160,0,6.50
PRO000645,2018-09-25 14:00:00,Moana,Animation,Ron Clements,2016,107,0,8.00
PRO000646,2018-09-26 10:00:00,Jules et Jim,Drama,François Truffaut,1962,105,12,7.50
PRO000647,2018-09-26 12:30:00,The Purple Rose of Cairo,Comedy,Woody Allen,1985,82,0,7.50
PRO000648,2018-09-27 10:00:00,Barton Fink,Comedy,Joel Coen,1991,116,0,7.50
PRO000649,2018-09-27 13:00:00,Thor: Ragnarok,Action,Taika Waititi,2017,130,12,8.50
PRO000650,2018-09-28 10:30:00,Andaz Apna Apna,Action,Rajkumar Santoshi,1994,160,0,7.00
PRO000651,2018-09-29 10:00:00,North by Northwest,Adventure,Alfred Hitchcock,1959,136,0,7.50
PRO000652,2018-09-29 13:00:00,Moana,Animation,Ron Clements,2016,107,0,7.50
PRO000653,2018-09-29 16:00:00,Il conformista,Drama,Bernardo Bertolucci,1970,113,12,6.50
PRO000654,2018-09-29 18:30:00,Au revoir les enfants,Drama,Louis Malle,1987,104,0,10.00
PRO000655,2018-09-30 10:30:00,Rocky,Drama,John G. Avildsen,1976,120,0,8.50
PRO000656,2018-09-30 13:30:00,Out of the Past,Crime,Jacques Tourneur,1947,97,12,8.50
PRO000657,2018-09-30 16:00:00,Andaz Apna Apna,Action,Rajkumar Santoshi,1994,160,0,7.50
PRO000658,2018-10-01 10:00:00,Mad Max 2,Action,George Miller,1981,96,12,8.00
PRO000659,2018-10-01 12:30:00,Jules et Jim,Drama,François Truffaut,1962,105,12,8.00
PRO000660,2018-10-02 10:30:00,Moana,Animation,Ron Clements,2016,107,0,7.00
PRO000661,2018-10-03 10:00:00,Terminator 2: Judgment Day,Action,James Cameron,1991,137,0,7.50
PRO000662,2018-10-04 10:30:00,Out of the Past,Crime,Jacques Tourneur,1947,97,12,7.00
PRO000663,2018-10-04 13:00:00,Unforgiven,Drama,Clint Eastwood,1992,130,12,6.50
PRO000664,2018-10-04 16:00:00,Days of Heaven,Drama,Terrence Malick,1978,94,6,7.00
PRO000665,2018-10-05 10:00:00,Boogie Nights,Drama,Paul Thomas Anderson,1997,155,16,8.00
PRO000666,2018-10-06 10:00:00,Captain Fantastic,Comedy,Matt Ross,2016,118,16,8.00
PRO000667,2018-10-06 13:00:00,Andaz Apna Apna,Action,Rajkumar Santoshi,1994,160,0,8.00
PRO000668,2018-10-06 16:30:00,The Naked Gun: From the Files of Police Squad!,Comedy,David Zucker,1988,85,0,8.00
PRO000669,2018-10-07 10:00:00,Amarcord,Comedy,Federico Fellini,1973,123,16,7.00
PRO000670,2018-10-07 13:00:00,La montaña sagrada,Adventure,Alejandro Jodorowsky,1973,114,16,7.50
PRO000671,2018-10-07 15:30:00,Jules et Jim,Drama,François Truffaut,1962,105,12,8.50
PRO000672,2018-10-08 10:30:00,Pink,Drama,Aniruddha Roy Chowdhury,2016,136,12,7.00
PRO000673,2018-10-09 10:00:00,Unforgiven,Drama,Clint Eastwood,1992,130,12,7.00
PRO000674,2018-10-10 10:30:00,Captain Fantastic,Comedy,Matt Ross,2016,118,16,7.50
PRO000675,2018-10-11 10:30:00,North by Northwest,Adventure,Alfred Hitchcock,1959,136,0,8.00
PRO000676,2018-10-11 13:30:00,Il conformista,Drama,Bernardo Bertolucci,1970,113,12,6.50
PRO000677,2018-10-12 10:00:00,Toy Story,Animation,John Lasseter,1995,81,0,7.00
PRO000678,2018-10-12 12:30:00,Unforgiven,Drama,Clint Eastwood,1992,130,12,8.00
PRO000679,2018-10-12 15:30:00,Andaz Apna Apna,Action,Rajkumar Santoshi,1994,160,0,6.50
PRO000680,2018-10-13 10:00:00,Il conformista,Drama,Bernardo Bertolucci,1970,113,12,7.00
PRO000681,2018-10-13 13:00:00,Andaz Apna Apna,Action,Rajkumar Santoshi,1994,160,0,8.00
PRO000682,2018-10-13 16:30:00,The Usual Suspects,Crime,Bryan Singer,1995,106,12,8.00
PRO000683,2018-10-13 19:30:00,Days of Heaven,Drama,Terrence Malick,1978,94,6,8.50
PRO000684,2018-10-14 10:00:00,Barton Fink,Comedy,Joel Coen,1991,116,0,7.00
PRO000685,2018-10-14 13:00:00,Pink Floyd: The Wall,Drama,Alan Parker,1982,95,12,6.50
PRO000686,2018-10-14 15:30:00,Jules et Jim,Drama,François Truffaut,1962,105,12,8.00
PRO000687,2018-10-14 18:00:00,From Here to Eternity,Drama,Fred Zinnemann,1953,118,12,8.50
PRO000688,2018-10-15 10:30:00,Unforgiven,Drama,Clint Eastwood,1992,130,12,7.50
PRO000689,2018-10-15 13:30:00,Toy Story,Animation,John Lasseter,1995,81,0,7.00
PRO000690,2018-10-15 16:00:00,Unforgiven,Drama,Clint Eastwood,1992,130,12,6.50
PRO000691,2018-10-16 10:30:00,Jules et Jim,Drama,François Truffaut,1962,105,12,7.00
PRO000692,2018-10-17 10:00:00,Philadelphia,Drama,Jonathan Demme,1993,125,12,7.50
PRO000693,2018-10-17 13:00:00,Pink Floyd: The Wall,Drama,Alan Parker,1982,95,12,7.00
PRO000694,2018-10-17 15:30:00,Ordinary People,Drama,Robert Redford,1980,124,0,6.50
PRO000695,2018-10-18 10:30:00,Boogie Nights,Drama,Paul Thomas Anderson,1997,155,16,8.50
PRO000696,2018-10-19 10:00:00,Il conformista,Drama,Bernardo Bertolucci,1970,113,12,8.50
PRO000697,2018-10-19 12:30:00,Scent of a Woman,Drama,Martin Brest,1992,156,12,6.50
PRO000698,2018-10-20 10:30:00,Pink,Drama,Aniruddha Roy Chowdhury,2016,136,12,7.50
PRO000699,2018-10-20 13:30:00,Boogie Nights,Drama,Paul Thomas Anderson,1997,155,16,8.00
PRO000700,2018-10-20 17:00:00,From Here to Eternity,Drama,Fred Zinnemann,1953,118,12,6.50
PRO000701,2018-10-20 20:00:00,Unforgiven,Drama,Clint Eastwood,1992,130,12,9.50
PRO000702,2018-10-21 10:30:00,Dog Day Afternoon,Biography,Sidney Lumet,1975,125,0,8.50
PRO000703,2018-10-21 13:30:00,The Fifth Element,Action,Luc Besson,1997,126,12,6.50
PRO000704,2018-10-21 16:30:00,Paths of Glory,Drama,Stanley Kubrick,1957,88,12,8.00
PRO000705,2018-10-21 19:00:00,In a Lonely Place,Drama,Nicholas Ray,1950,94,12,9.50
PRO000706,2018-10-22 10:30:00,Out of the Past,Crime,Jacques Tourneur,1947,97,12,6.50
PRO000707,2018-10-22 13:00:00,Andaz Apna Apna,Action,Rajkumar Santoshi,1994,160,0,8.00
PRO000708,2018-10-23 10:30:00,From Here to Eternity,Drama,Fred Zinnemann,1953,118,12,6.50
PRO000709,2018-10-23 13:30:00,Mary Poppins,Comedy,Robert Stevenson,1964,139,0,8.50
PRO000710,2018-10-24 10:00:00,Jules et Jim,Drama,François Truffaut,1962,105,12,8.00
PRO000711,2018-10-24 12:30:00,Philadelphia,Drama,Jonathan Demme,1993,125,12,7.00
PRO000712,2018-10-24 15:30:00,Pink Floyd: The Wall,Drama,Alan Parker,1982,95,12,8.00
PRO000713,2018-10-25 10:30:00,The Princess Bride,Adventure,Rob Reiner,1987,98,0,6.50
PRO000714,2018-10-25 13:00:00,Barton Fink,Comedy,Joel Coen,1991,116,0,7.50
PRO000715,2018-10-26 10:30:00,North by Northwest,Adventure,Alfred Hitchcock,1959,136,0,7.00
PRO000716,2018-10-26 13:30:00,Zulu,Drama,Cy Endfield,1964,138,0,7.00
PRO000717,2018-10-27 10:00:00,La montaña sagrada,Adventure,Alejandro Jodorowsky,1973,114,16,7.50
PRO000718,2018-10-27 13:00:00,Moana,Animation,Ron Clements,2016,107,0,7.50
PRO000719,2018-10-27 15:30:00,The Princess Bride,Adventure,Rob Reiner,1987,98,0,7.50
PRO000720,2018-10-28 10:30:00,Le salaire de la peur,Adventure,Henri-Georges Clouzot,1953,131,0,6.50
PRO000721,2018-10-28 13:30:00,The Great Escape,Adventure,John Sturges,1963,172,0,8.50
PRO000722,2018-10-28 17:00:00,Watership Down,Animation,Martin Rosen,1978,91,0,8.00
PRO000723,2018-10-28 19:30:00,The Adventures of Robin Hood,Action,Michael Curtiz,1938,102,6,8.50
PRO000724,2018-10-29 10:00:00,Laura,Drama,Otto Preminger,1944,88,12,8.50
PRO000725,2018-10-30 10:30:00,Amarcord,Comedy,Federico Fellini,1973,123,16,8.50
PRO000726,2018-10-30 13:30:00,Amarcord,Comedy,Federico Fellini,1973,123,16,8.00
PRO000727,2018-10-31 10:00:00,Sing Street,Comedy,John Carney,2016,106,12,7.00
PRO000728,2018-10-31 12:30:00,Le salaire de la peur,Adventure,Henri-Georges Clouzot,1953,131,0,7.50
PRO000729,2018-10-31 15:30:00,Laura,Drama,Otto Preminger,1944,88,12,8.50
PRO000730,2018-11-01 10:30:00,Philadelphia,Drama,Jonathan Demme,1993,125,12,8.00
PRO000731,2018-11-01 13:30:00,The Adventures of Robin Hood,Action,Michael Curtiz,1938,102,6,7.50
PRO000732,2018-11-02 10:00:00,Mad Max 2,Action,George Miller,1981,96,12,8.00
PRO000733,2018-11-02 12:30:00,Modern Times,Comedy,Charles Chaplin,1936,87,0,8.00
PRO000734,2018-11-02 15:00:00,The Princess Bride,Adventure,Rob Reiner,1987,98,0,7.00
PRO000735,2018-11-03 10:30:00,Sing Street,Comedy,John Carney,2016,106,12,8.50
PRO000736,2018-11-03 13:00:00,"Shin seiki Evangelion Gekijô-ban: Air/Magokoro wo, kimi ni",Animation,Hideaki Anno,1997,87,12,8.50
PRO000737,2018-11-03 15:00:00,Sing Street,Comedy,John Carney,2016,106,12,8.00
PRO000738,2018-11-04 10:30:00,Dog Day Afternoon,Biography,Sidney Lumet,1975,125,0,7.50
PRO000739,2018-11-04 13:30:00,Zulu,Drama,Cy Endfield,1964,138,0,6.50
PRO000740,2018-11-04 16:30:00,Pink Floyd: The Wall,Drama,Alan Parker,1982,95,12,8.50
PRO000741,2018-11-05 10:00:00,The Fifth Element,Action,Luc Besson,1997,126,12,7.00
PRO000742,2018-11-06 10:00:00,Rebel Without a Cause,Drama,Nicholas Ray,1955,111,12,7.50
PRO000743,2018-11-06 13:00:00,Le salaire de la peur,Adventure,Henri-Georges Clouzot,1953,131,0,6.50
PRO000744,2018-11-07 10:30:00,Dog Day Afternoon,Biography,Sidney Lumet,1975,125,0,8.00
PRO000745,2018-11-08 10:00:00,"Shin seiki Evangelion Gekijô-ban: Air/Magokoro wo, kimi ni",Animation,Hideaki Anno,1997,87,12,8.00
PRO000746,2018-11-08 12:30:00,The Princess Bride,Adventure,Rob Reiner,1987,98,0,8.00
PRO000747,2018-11-09 10:30:00,Modern Times,Comedy,Charles Chaplin,1936,87,0,6.50
PRO000748,2018-11-09 13:00:00,"Shin seiki Evangelion Gekijô-ban: Air/Magokoro wo, kimi ni",Animation,Hideaki Anno,1997,87,12,7.00
PRO000749,2018-11-10 10:30:00,The Untouchables,Crime,Brian De Palma,1987,119,12,7.00
PRO000750,2018-11-10 13:30:00,The Untouchables,Crime,Brian De Palma,1987,119,12,8.50
PRO000751,2018-11-10 16:30:00,"Shin seiki Evangelion Gekijô-ban: Air/Magokoro wo, kimi ni",Animation,Hideaki Anno,1997,87,12,7.00
PRO000752,2018-11-11 10:00:00,Boogie Nights,Drama,Paul Thomas Anderson,1997,155,16,7.50
PRO000753,2018-11-11 13:30:00,Mad Max 2,Action,George Miller,1981,96,12,7.00
PRO000754,2018-11-11 16:00:00,Le salaire de la peur,Adventure,Henri-Georges Clouzot,1953,131,0,7.00
PRO000755,2018-11-12 10:00:00,"Shin seiki Evangelion Gekijô-ban: Air/Magokoro wo, kimi ni",Animation,Hideaki Anno,1997,87,12,8.50
PRO000756,2018-11-12 12:30:00,Amarcord,Comedy,Federico Fellini,1973,123,16,8.00
PRO000757,2018-11-13 10:30:00,Moana,Animation,Ron Clements,2016,107,0,6.50
PRO000758,2018-11-13 13:00:00,Amarcord,Comedy,Federico Fellini,1973,123,16,7.00
PRO000759,2018-11-13 16:00:00,Hana-bi,Crime,Takeshi Kitano,1997,103,12,6.50
PRO000760,2018-11-14 10:00:00,Dip huet seung hung,Action,John Woo,1989,111,16,7.00
PRO000761,2018-11-14 12:30:00,The Princess Bride,Adventure,Rob Reiner,1987,98,0,7.50
PRO000762,2018-11-15 10:30:00,Spoorloos,Mystery,George Sluizer,1988,107,12,6.50
PRO000763,2018-11-15 13:00:00,Spoorloos,Mystery,George Sluizer,1988,107,12,8.50
PRO000764,2018-11-16 10:00:00,Le salaire de la peur,Adventure,Henri-Georges Clouzot,1953,131,0,8.50
PRO000765,2018-11-17 10:00:00,Out of the Past,Crime,Jacques Tourneur,1947,97,12,8.00
PRO000766,2018-11-17 12:30:00,Dip huet seung hung,Action,John Woo,1989,111,16,7.50
PRO000767,2018-11-17 15:00:00,The Untouchables,Crime,Brian De Palma,1987,119,12,6.50
PRO000768,2018-11-18 10:30:00,Boogie Nights,Drama,Paul Thomas Anderson,1997,155,16,8.50
PRO000769,2018-11-18 14:00:00,La haine,Crime,Mathieu Kassovitz,1995,98,12,6.50
PRO000770,2018-11-18 16:30:00,Mad Max 2,Action,George Miller,1981,96,12,6.50
PRO000771,2018-11-19 10:00:00,In a Lonely Place,Drama,Nicholas Ray,1950,94,12,6.50
PRO000772,2018-11-19 12:30:00,Toy Story,Animation,John Lasseter,1995,81,0,8.50
PRO000773,2018-11-19 15:00:00,Dog Day Afternoon,Biography,Sidney Lumet,1975,125,0,7.00
PRO000774,2018-11-20 10:00:00,Amarcord,Comedy,Federico Fellini,1973,123,16,7.50
PRO000775,2018-11-20 13:00:00,The Fifth Element,Action,Luc Besson,1997,126,12,7.00
PRO000776,2018-11-20 16:00:00,Rebel Without a Cause,Drama,Nicholas Ray,1955,111,12,7.50
PRO000777,2018-11-21 10:00:00,Amarcord,Comedy,Federico Fellini,1973,123,16,7.00
PRO000778,2018-11-21 13:00:00,Hiroshima mon amour,Drama,Alain Resnais,1959,90,12,8.50
PRO000779,2018-11-21 15:00:00,Zulu,Drama,Cy Endfield,1964,138,0,7.50
PRO000780,2018-11-22 10:30:00,Rebel Without a Cause,Drama,Nicholas Ray,1955,111,12,7.00
PRO000781,2018-11-22 13:00:00,Boogie Nights,Drama,Paul Thomas Anderson,1997,155,16,7.50
PRO000782,2018-11-22 16:30:00,Mad Max 2,Action,George Miller,1981,96,12,7.50
PRO000783,2018-11-23 10:30:00,From Here to Eternity,Drama,Fred Zinnemann,1953,118,12,8.00
PRO000784,2018-11-23 13:30:00,Boogie Nights,Drama,Paul Thomas Anderson,1997,155,16,8.50
PRO000785,2018-11-24 10:00:00,The Usual Suspects,Crime,Bryan Singer,1995,106,12,7.00
PRO000786,2018-11-24 12:30:00,Modern Times,Comedy,Charles Chaplin,1936,87,0,8.00
PRO000787,2018-11-24 14:30:00,Boogie Nights,Drama,Paul Thomas Anderson,1997,155,16,6.50
PRO000788,2018-11-24 18:00:00,La haine,Crime,Mathieu Kassovitz,1995,98,12,9.50
PRO000789,2018-11-25 10:30:00,Amarcord,Comedy,Federico Fellini,1973,123,16,8.00
PRO000790,2018-11-25 13:30:00,Hana-bi,Crime,Takeshi Kitano,1997,103,12,7.00
PRO000791,2018-11-25 16:00:00,From Here to Eternity,Drama,Fred Zinnemann,1953,118,12,8.50
PRO000792,2018-11-25 19:00:00,Paths of Glory,Drama,Stanley Kubrick,1957,88,12,10.00
PRO000793,2018-11-26 10:30:00,Boogie Nights,Drama,Paul Thomas Anderson,1997,155,16,8.50
PRO000794,2018-11-26 14:00:00,"Shin seiki Evangelion Gekijô-ban: Air/Magokoro wo, kimi ni",Animation,Hideaki Anno,1997,87,12,7.50
PRO000795,2018-11-26 16:30:00,Sing Street,Comedy,John Carney,2016,106,12,8.50
PRO000796,2018-11-27 10:30:00,In a Lonely Place,Drama,Nicholas Ray,1950,94,12,7.00
PRO000797,2018-11-27 13:00:00,God's Own Country,Drama,Francis Lee,2017,104,12,7.50
PRO000798,2018-11-27 15:30:00,"Shin seiki Evangelion Gekijô-ban: Air/Magokoro wo, kimi ni",Animation,Hideaki Anno,1997,87,12,7.50
PRO000799,2018-11-28 10:00:00,Knockin' on Heaven's Door,Action,Thomas Jahn,1997,87,12,6.50
PRO000800,2018-11-28 12:30:00,Hana-bi,Crime,Takeshi Kitano,1997,103,12,6.50
PRO000801,2018-11-28 15:00:00,"Shin seiki Evangelion Gekijô-ban: Air/Magokoro wo, kimi ni",Animation,Hideaki Anno,1997,87,12,8.00
PRO000802,2018-11-29 10:00:00,Hana-bi,Crime,Takeshi Kitano,1997,103,12,8.50
PRO000803,2018-11-29 12:30:00,Modern Times,Comedy,Charles Chaplin,1936,87,0,7.50
PRO000804,2018-11-30 10:00:00,In a Lonely Place,Drama,Nicholas Ray,1950,94,12,7.00
PRO000805,2018-11-30 12:30:00,In a Lonely Place,Drama,Nicholas Ray,1950,94,12,8.50
PRO000806,2018-11-30 15:00:00,Philadelphia,Drama,Jonathan Demme,1993,125,12,8.00
PRO000807,2018-12-01 10:00:00,Spoorloos,Mystery,George Sluizer,1988,107,12,6.50
PRO000808,2018-12-01 12:30:00,The Untouchables,Crime,Brian De Palma,1987,119,12,8.00
PRO000809,2018-12-01 15:30:00,Spoorloos,Mystery,George Sluizer,1988,107,12,7.00
PRO000810,2018-12-02 10:30:00,The Untouchables,Crime,Brian De Palma,1987,119,12,8.50
PRO000811,2018-12-02 13:30:00,Philadelphia,Drama,Jonathan Demme,1993,125,12,6.50
PRO000812,2018-12-02 16:30:00,The Untouchables,Crime,Brian De Palma,1987,119,12,8.00
PRO000813,2018-12-02 19:30:00,Knockin' on Heaven's Door,Action,Thomas Jahn,1997,87,12,9.50
PRO000814,2018-12-03 10:00:00,The Last Picture Show,Drama,Peter Bogdanovich,1971,118,16,8.50
PRO000815,2018-12-04 10:30:00,Rebel Without a Cause,Drama,Nicholas Ray,1955,111,12,6.50
PRO000816,2018-12-04 13:00:00,The Last Picture Show,Drama,Peter Bogdanovich,1971,118,16,6.50
PRO000817,2018-12-05 10:00:00,The Last Picture Show,Drama,Peter Bogdanovich,1971,118,16,7.00
PRO000818,2018-12-05 13:00:00,Spoorloos,Mystery,George Sluizer,1988,107,12,8.50
PRO000819,2018-12-06 10:00:00,Dip huet seung hung,Action,John Woo,1989,111,16,7.00
PRO000820,2018-12-06 12:30:00,Night on Earth,Comedy,Jim Jarmusch,1991,129,16,8.50
PRO000821,2018-12-06 15:30:00,God's Own Country,Drama,Francis Lee,2017,104,12,6.50
PRO000822,2018-12-07 10:30:00,Stand by Me,Adventure,Rob Reiner,1986,89,0,6.50
PRO000823,2018-12-08 10:30:00,Dip huet seung hung,Action,John Woo,1989,111,16,8.50
PRO000824,2018-12-08 13:00:00,Carlito's Way,Crime,Brian De Palma,1993,144,12,8.50
PRO000825,2018-12-08 16:30:00,Hana-bi,Crime,Takeshi Kitano,1997,103,12,7.00
PRO000826,2018-12-08 19:00:00,Spoorloos,Mystery,George Sluizer,1988,107,12,10.00
PRO000827,2018-12-09 10:30:00,A Star Is Born,Drama,Bradley Cooper,2018,136,12,6.50
PRO000828,2018-12-09 13:30:00,Dip huet seung hung,Action,John Woo,1989,111,16,8.50
PRO000829,2018-12-09 16:00:00,God's Own Country,Drama,Francis Lee,2017,104,12,6.50
PRO000830,2018-12-09 18:30:00,God's Own Country,Drama,Francis Lee,2017,104,12,9.50
PRO000831,2018-12-10 10:30:00,The Fugitive,Action,Andrew Davis,1993,130,0,7.50
PRO000832,2018-12-11 10:30:00,Knockin' on Heaven's Door,Action,Thomas Jahn,1997,87,12,8.50
PRO000833,2018-12-11 13:00:00,The Fugitive,Action,Andrew Davis,1993,130,0,7.50
PRO000834,2018-12-11 16:00:00,The Untouchables,Crime,Brian De Palma,1987,119,12,8.50
PRO000835,2018-12-12 10:30:00,Apocalypse Now,Drama,Francis Ford Coppola,1979,147,16,7.00
PRO000836,2018-12-12 14:00:00,Avengers: Infinity War,Action,Anthony Russo,2018,149,12,7.00
PRO000837,2018-12-13 10:30:00,The Last Picture Show,Drama,Peter Bogdanovich,1971,118,16,8.00
PRO000838,2018-12-13 13:30:00,La haine,Crime,Mathieu Kassovitz,1995,98,12,7.50
PRO000839,2018-12-13 16:00:00,Vertigo,Mystery,Alfred Hitchcock,1958,128,12,7.00
PRO000840,2018-12-14 10:30:00,Stand by Me,Adventure,Rob Reiner,1986,89,0,6.50
PRO000841,2018-12-15 10:00:00,A Little Princess,Drama,Alfonso Cuarón,1995,97,0,6.50
PRO000842,2018-12-15 12:30:00,A Star Is Born,Drama,Bradley Cooper,2018,136,12,7.00
PRO000843,2018-12-15 15:30:00,Night on Earth,Comedy,Jim Jarmusch,1991,129,16,8.00
PRO000844,2018-12-15 18:30:00,The Last Picture Show,Drama,Peter Bogdanovich,1971,118,16,8.50
PRO000845,2018-12-16 10:30:00,Stand by Me,Adventure,Rob Reiner,1986,89,0,8.00
PRO000846,2018-12-16 13:00:00,Schindler's List,Biography,Steven Spielberg,1993,195,12,8.00
PRO000847,2018-12-16 17:00:00,Knockin' on Heaven's Door,Action,Thomas Jahn,1997,87,12,7.50
PRO000848,2018-12-17 10:00:00,Carlito's Way,Crime,Brian De Palma,1993,144,12,8.00
PRO000849,2018-12-18 10:30:00,Schindler's List,Biography,Steven Spielberg,1993,195,12,6.50
PRO000850,2018-12-18 14:30:00,La haine,Crime,Mathieu Kassovitz,1995,98,12,7.50
PRO000851,2018-12-18 17:00:00,Schindler's List,Biography,Steven Spielberg,1993,195,12,7.50
PRO000852,2018-12-19 10:00:00,El ángel exterminador,Drama,Luis Buñuel,1962,95,12,8.50
PRO000853,2018-12-19 12:30:00,Ayla: The Daughter of War,Biography,Can Ulkay,2017,125,12,8.00
PRO000854,2018-12-20 10:30:00,The Last Picture Show,Drama,Peter Bogdanovich,1971,118,16,8.50
PRO000855,2018-12-20 13:30:00,Rebel Without a Cause,Drama,Nicholas Ray,1955,111,12,7.00
PRO000856,2018-12-20 16:00:00,The Fugitive,Action,Andrew Davis,1993,130,0,8.00
PRO000857,2018-12-21 10:00:00,Ayla: The Daughter of War,Biography,Can Ulkay,2017,125,12,8.50
PRO000858,2018-12-21 13:00:00,Rebel Without a Cause,Drama,Nicholas Ray,1955,111,12,6.50
PRO000859,2018-12-22 10:30:00,The Untouchables,Crime,Brian De Palma,1987,119,12,8.50
PRO000860,2018-12-22 13:30:00,Ayla: The Daughter of War,Biography,Can Ulkay,2017,125,12,8.00
PRO000861,2018-12-22 16:30:00,Vertigo,Mystery,Alfred Hitchcock,1958,128,12,8.50
PRO000862,2018-12-22 19:30:00,Vertigo,Mystery,Alfred Hitchcock,1958,128,12,8.50
PRO000863,2018-12-23 10:30:00,The Untouchables,Crime,Brian De Palma,1987,119,12,7.00
PRO000864,2018-12-23 13:30:00,The Killing Fields,Biography,Roland Joffé,1984,141,12,7.00
PRO000865,2018-12-23 16:30:00,Carlito's Way,Crime,Brian De Palma,1993,144,12,6.50
PRO000866,2018-12-24 10:30:00,The Killing Fields,Biography,Roland Joffé,1984,141,12,7.50
PRO000867,2018-12-25 10:00:00,The Last Picture Show,Drama,Peter Bogdanovich,1971,118,16,6.50
PRO000868,2018-12-25 12:30:00,Avengers: Infinity War,Action,Anthony Russo,2018,149,12,8.00
PRO000869,2018-12-26 10:00:00,Apocalypse Now,Drama,Francis Ford Coppola,1979,147,16,8.50
PRO000870,2018-12-26 13:30:00,A Little Princess,Drama,Alfonso Cuarón,1995,97,0,8.50
PRO000871,2018-12-26 16:00:00,Léon,Action,Luc Besson,1994,110,12,8.00
PRO000872,2018-12-27 10:30:00,God's Own Country,Drama,Francis Lee,2017,104,12,6.50
PRO000873,2018-12-28 10:30:00,Shine,Biography,Scott Hicks,1996,105,0,7.50
PRO000874,2018-12-28 13:00:00,A Star Is Born,Drama,Bradley Cooper,2018,136,12,8.00
PRO000875,2018-12-29 10:30:00,Rebel Without a Cause,Drama,Nicholas Ray,1955,111,12,7.00
PRO000876,2018-12-29 13:00:00,Schindler's List,Biography,Steven Spielberg,1993,195,12,7.50
PRO000877,2018-12-29 17:00:00,Dangal,Action,Nitesh Tiwari,2016,161,0,6.50
PRO000878,2018-12-30 10:30:00,Shine,Biography,Scott Hicks,1996,105,0,7.00
PRO000879,2018-12-30 13:00:00,Carlito's Way,Crime,Brian De Palma,1993,144,12,7.50
PRO000880,2018-12-30 16:30:00,Rebel Without a Cause,Drama,Nicholas Ray,1955,111,12,8.50
PRO000881,2018-12-30 19:30:00,The Taking of Pelham One Two Three,Action,Joseph Sargent,1974,104,0,10.00
PRO000882,2018-12-31 10:00:00,Do the Right Thing,Comedy,Spike Lee,1989,120,16,8.00
PRO000883,2018-12-31 13:00:00,The Taking of Pelham One Two Three,Action,Joseph Sargent,1974,104,0,8.00
PRO000884,2018-12-31 15:30:00,In the Heat of the Night,Crime,Norman Jewison,1967,110,0,6.50
PRO000885,2019-01-01 10:30:00,The Adventures of Robin Hood,Action,Michael Curtiz,1938,102,6,8.00
PRO000886,2019-01-02 10:30:00,Ayla: The Daughter of War,Biography,Can Ulkay,2017,125,12,7.50
PRO000887,2019-01-02 13:30:00,Apocalypse Now,Drama,Francis Ford Coppola,1979,147,16,7.00
PRO000888,2019-01-03 10:00:00,Shine,Biography,Scott Hicks,1996,105,0,8.50
PRO000889,2019-01-03 12:30:00,The Lion in Winter,Biography,Anthony Harvey,1968,134,6,8.00
PRO000890,2019-01-04 10:30:00,The Last Picture Show,Drama,Peter Bogdanovich,1971,118,16,8.00
PRO000891,2019-01-04 13:30:00,Sleuth,Mystery,Joseph L. Mankiewicz,1972,138,6,7.50
PRO000892,2019-01-04 16:30:00,Mononoke-hime,Animation,Hayao Miyazaki,1997,134,0,6.50
PRO000893,2019-01-05 10:30:00,El ángel exterminador,Drama,Luis Buñuel,1962,95,12,8.00
PRO000894,2019-01-05 13:00:00,The Killing Fields,Biography,Roland Joffé,1984,141,12,8.00
PRO000895,2019-01-05 16:00:00,Mononoke-hime,Animation,Hayao Miyazaki,1997,134,0,8.00
PRO000896,2019-01-05 19:00:00,Apocalypse Now,Drama,Francis Ford Coppola,1979,147,16,8.50
PRO000897,2019-01-06 10:00:00,The Fugitive,Action,Andrew Davis,1993,130,0,6.50
PRO000898,2019-01-06 13:00:00,Apocalypse Now,Drama,Francis Ford Coppola,1979,147,16,8.00
PRO000899,2019-01-06 16:30:00,Shine,Biography,Scott Hicks,1996,105,0,7.00
PRO000900,2019-01-06 19:00:00,The Lion in Winter,Biography,Anthony Harvey,1968,134,6,9.00
PRO000901,2019-01-07 10:30:00,Sleuth,Mystery,Joseph L. Mankiewicz,1972,138,6,8.50
PRO000902,2019-01-08 10:30:00,A Little Princess,Drama,Alfonso Cuarón,1995,97,0,6.50
PRO000903,2019-01-09 10:00:00,The Searchers,Adventure,John Ford,1956,119,12,7.50
PRO000904,2019-01-10 10:00:00,Do the Right Thing,Comedy,Spike Lee,1989,120,16,8.00
PRO000905,2019-01-11 10:30:00,Primal Fear,Crime,Gregory Hoblit,1996,129,12,6.50
PRO000906,2019-01-12 10:00:00,Roma,Drama,Alfonso Cuarón,2018,135,16,7.00
PRO000907,2019-01-12 13:00:00,The Adventures of Robin Hood,Action,Michael Curtiz,1938,102,6,7.50
PRO000908,2019-01-12 15:30:00,Sleuth,Mystery,Joseph L. Mankiewicz,1972,138,6,8.00
PRO000909,2019-01-13 10:00:00,Apocalypse Now,Drama,Francis Ford Coppola,1979,147,16,7.50
PRO000910,2019-01-13 13:30:00,In the Heat of the Night,Crime,Norman Jewison,1967,110,0,7.50
PRO000911,2019-01-13 16:00:00,Boyz n the Hood,Crime,John Singleton,1991,112,12,7.50
PRO000912,2019-01-13 18:30:00,"Il buono, il brutto, il cattivo",Western,Sergio Leone,1966,161,12,10.00
PRO000913,2019-01-14 10:30:00,Shine,Biography,Scott Hicks,1996,105,0,7.00
PRO000914,2019-01-14 13:00:00,The Grapes of Wrath,Drama,John Ford,1940,129,12,8.00
PRO000915,2019-01-15 10:00:00,Bronenosets Potemkin,Drama,Sergei M. Eisenstein,1925,75,12,7.00
PRO000916,2019-01-15 12:00:00,The Fugitive,Action,Andrew Davis,1993,130,0,7.50
PRO000917,2019-01-16 10:30:00,Carlito's Way,Crime,Brian De Palma,1993,144,12,6.50
PRO000918,2019-01-17 10:30:00,Primal Fear,Crime,Gregory Hoblit,1996,129,12,8.50
PRO000919,2019-01-17 13:30:00,Shine,Biography,Scott Hicks,1996,105,0,7.00
PRO000920,2019-01-17 16:00:00,Citizen Kane,Drama,Orson Welles,1941,119,12,8.00
PRO000921,2019-01-18 10:00:00,The Adventures of Robin Hood,Action,Michael Curtiz,1938,102,6,8.00
PRO000922,2019-01-18 12:30:00,Primal Fear,Crime,Gregory Hoblit,1996,129,12,7.00
PRO000923,2019-01-19 10:30:00,Roma,Drama,Alfonso Cuarón,2018,135,16,8.50
PRO000924,2019-01-19 13:30:00,Shadow of a Doubt,Film-Noir,Alfred Hitchcock,1943,108,6,8.50
PRO000925,2019-01-19 16:00:00,The Lion in Winter,Biography,Anthony Harvey,1968,134,6,6.50
PRO000926,2019-01-19 19:00:00,Apocalypse Now,Drama,Francis Ford Coppola,1979,147,16,8.50
PRO000927,2019-01-20 10:30:00,Sleuth,Mystery,Joseph L. Mankiewicz,1972,138,6,6.50
PRO000928,2019-01-20 13:30:00,Vertigo,Mystery,Alfred Hitchcock,1958,128,12,7.50
PRO000929,2019-01-20 16:30:00,Primal Fear,Crime,Gregory Hoblit,1996,129,12,8.50
PRO000930,2019-01-20 19:30:00,The Grapes of Wrath,Drama,John Ford,1940,129,12,10.00
PRO000931,2019-01-21 10:30:00,The Grapes of Wrath,Drama,John Ford,1940,129,12,7.00
PRO000932,2019-01-21 13:30:00,The Matrix,Action,Lana Wachowski,1999,136,12,8.00
PRO000933,2019-01-21 16:30:00,In the Heat of the Night,Crime,Norman Jewison,1967,110,0,8.50
PRO000934,2019-01-22 10:00:00,Boyz n the Hood,Crime,John Singleton,1991,112,12,8.50
PRO000935,2019-01-22 12:30:00,Sleuth,Mystery,Joseph L. Mankiewicz,1972,138,6,7.50
PRO000936,2019-01-23 10:30:00,Witness for the Prosecution,Crime,Billy Wilder,1957,116,0,7.50
PRO000937,2019-01-24 10:00:00,Sleuth,Mystery,Joseph L. Mankiewicz,1972,138,6,8.00
PRO000938,2019-01-24 13:30:00,In the Heat of the Night,Crime,Norman Jewison,1967,110,0,7.50
PRO000939,2019-01-24 16:00:00,In the Heat of the Night,Crime,Norman Jewison,1967,110,0,6.50
PRO000940,2019-01-25 10:30:00,Shine,Biography,Scott Hicks,1996,105,0,8.00
PRO000941,2019-01-26 10:00:00,The Adventures of Robin Hood,Action,Michael Curtiz,1938,102,6,7.50
PRO000942,2019-01-26 12:30:00,Shadow of a Doubt,Film-Noir,Alfred Hitchcock,1943,108,6,6.50
PRO000943,2019-01-26 15:00:00,Rear Window,Mystery,Alfred Hitchcock,1954,112,0,8.00
PRO000944,2019-01-27 10:00:00,The Adventures of Robin Hood,Action,Michael Curtiz,1938,102,6,7.00
PRO000945,2019-01-27 12:30:00,The Grapes of Wrath,Drama,John Ford,1940,129,12,7.00
PRO000946,2019-01-27 15:30:00,Boyz n the Hood,Crime,John Singleton,1991,112,12,8.50
PRO000947,2019-01-27 18:30:00,Shadow of a Doubt,Film-Noir,Alfred Hitchcock,1943,108,6,10.00
PRO000948,2019-01-28 10:00:00,Dead Poets Society,Comedy,Peter Weir,1989,128,0,6.50
PRO000949,2019-01-28 13:00:00,Witness for the Prosecution,Crime,Billy Wilder,1957,116,0,7.00
PRO000950,2019-01-28 16:00:00,Roma,Drama,Alfonso Cuarón,2018,135,16,7.00
PRO000951,2019-01-29 10:00:00,The Adventures of Robin Hood,Action,Michael Curtiz,1938,102,6,8.00
PRO000952,2019-01-30 10:00:00,Boyz n the Hood,Crime,John Singleton,1991,112,12,8.50
PRO000953,2019-01-31 10:00:00,Dead Poets Society,Comedy,Peter Weir,1989,128,0,7.50
PRO000954,2019-01-31 13:00:00,Roma,Drama,Alfonso Cuarón,2018,135,16,8.00
PRO000955,2019-01-31 16:00:00,Ayla: The Daughter of War,Biography,Can Ulkay,2017,125,12,6.50
PRO000956,2019-02-01 10:00:00,The Lion in Winter,Biography,Anthony Harvey,1968,134,6,7.50
PRO000957,2019-02-02 10:30:00,Once Upon a Time... in Hollywood,Comedy,Quentin Tarantino,2019,161,12,7.00
PRO000958,2019-02-02 14:00:00,The Blues Brothers,Action,John Landis,1980,133,0,8.50
PRO000959,2019-02-02 17:00:00,Dead Poets Society,Comedy,Peter Weir,1989,128,0,8.50
PRO000960,2019-02-02 20:00:00,Once Upon a Time... in Hollywood,Comedy,Quentin Tarantino,2019,161,12,10.00
PRO000961,2019-02-03 10:30:00,Shine,Biography,Scott Hicks,1996,105,0,7.00
PRO000962,2019-02-03 13:00:00,Shine,Biography,Scott Hicks,1996,105,0,6.50
PRO000963,2019-02-03 15:30:00,Primal Fear,Crime,Gregory Hoblit,1996,129,12,8.50
PRO000964,2019-02-04 10:00:00,Le locataire,Drama,Roman Polanski,1976,126,16,7.00
PRO000965,2019-02-04 13:00:00,The Lion in Winter,Biography,Anthony Harvey,1968,134,6,7.50
PRO000966,2019-02-04 16:00:00,The Lion in Winter,Biography,Anthony Harvey,1968,134,6,8.50
PRO000967,2019-02-05 10:00:00,Citizen Kane,Drama,Orson Welles,1941,119,12,8.50
PRO000968,2019-02-06 10:00:00,The Blues Brothers,Action,John Landis,1980,133,0,7.00
PRO000969,2019-02-07 10:30:00,Shine,Biography,Scott Hicks,1996,105,0,8.50
PRO000970,2019-02-08 10:30:00,The Grapes of Wrath,Drama,John Ford,1940,129,12,7.50
PRO000971,2019-02-08 13:30:00,Sleuth,Mystery,Joseph L. Mankiewicz,1972,138,6,7.00
PRO000972,2019-02-08 16:30:00,Citizen Kane,Drama,Orson Welles,1941,119,12,6.50
PRO000973,2019-02-09 10:30:00,Primal Fear,Crime,Gregory Hoblit,1996,129,12,8.00
PRO000974,2019-02-09 13:30:00,La Strada,Drama,Federico Fellini,1954,108,12,7.50
PRO000975,2019-02-09 16:00:00,Citizen Kane,Drama,Orson Welles,1941,119,12,6.50
PRO000976,2019-02-09 19:00:00,Witness for the Prosecution,Crime,Billy Wilder,1957,116,0,9.00
PRO000977,2019-02-10 10:30:00,Le locataire,Drama,Roman Polanski,1976,126,16,8.00
PRO000978,2019-02-10 13:30:00,All About Eve,Drama,Joseph L. Mankiewicz,1950,138,12,8.50
PRO000979,2019-02-10 16:30:00,Primal Fear,Crime,Gregory Hoblit,1996,129,12,8.50
PRO000980,2019-02-10 19:30:00,Sleuth,Mystery,Joseph L. Mankiewicz,1972,138,6,8.50
PRO000981,2019-02-11 10:00:00,Titanic,Drama,James Cameron,1997,194,12,6.50
PRO000982,2019-02-11 14:00:00,The Grapes of Wrath,Drama,John Ford,1940,129,12,8.50
PRO000983,2019-02-12 10:00:00,Shadow of a Doubt,Film-Noir,Alfred Hitchcock,1943,108,6,7.00
PRO000984,2019-02-12 13:00:00,All About Eve,Drama,Joseph L. Mankiewicz,1950,138,12,6.50
PRO000985,2019-02-12 16:00:00,Dead Poets Society,Comedy,Peter Weir,1989,128,0,7.50
PRO000986,2019-02-13 10:00:00,The Adventures of Robin Hood,Action,Michael Curtiz,1938,102,6,6.50
PRO000987,2019-02-13 12:30:00,The Grapes of Wrath,Drama,John Ford,1940,129,12,7.50
PRO000988,2019-02-13 15:30:00,"Il buono, il brutto, il cattivo",Western,Sergio Leone,1966,161,12,6.50
PRO000989,2019-02-14 10:00:00,Bronenosets Potemkin,Drama,Sergei M. Eisenstein,1925,75,12,7.50
PRO000990,2019-02-15 10:00:00,Titanic,Drama,James Cameron,1997,194,12,7.50
PRO000991,2019-02-15 14:00:00,Shadow of a Doubt,Film-Noir,Alfred Hitchcock,1943,108,6,6.50
PRO000992,2019-02-16 10:00:00,Sleuth,Mystery,Joseph L. Mankiewicz,1972,138,6,8.00
PRO000993,2019-02-16 13:00:00,Titanic,Drama,James Cameron,1997,194,12,8.50
PRO000994,2019-02-16 17:00:00,Deadpool 2,Action,David Leitch,2018,119,16,7.00
PRO000995,2019-02-17 10:30:00,A Star Is Born,Drama,Bradley Cooper,2018,136,12,7.50
PRO000996,2019-02-17 13:30:00,Bronenosets Potemkin,Drama,Sergei M. Eisenstein,1925,75,12,8.50
PRO000997,2019-02-17 15:30:00,The Adventures of Robin Hood,Action,Michael Curtiz,1938,102,6,6.50
PRO000998,2019-02-17 18:00:00,All About Eve,Drama,Joseph L. Mankiewicz,1950,138,12,9.00
PRO000999,2019-02-18 10:30:00,Dirty Harry,Action,Don Siegel,1971,102,12,7.50
PRO001000,2019-02-18 13:00:00,Dead Poets Society,Comedy,Peter Weir,1989,128,0,6.50
PRO001001,2019-02-19 10:30:00,All About Eve,Drama,Joseph L. Mankiewicz,1950,138,12,7.50
PRO001002,2019-02-19 13:30:00,Eskiya,Crime,Yavuz Turgul,1996,128,12,6.50
PRO001003,2019-02-20 10:30:00,American History X,Drama,Tony Kaye,1998,119,16,8.00
PRO001004,2019-02-20 13:00:00,"Il buono, il brutto, il cattivo",Western,Sergio Leone,1966,161,12,8.00
PRO001005,2019-02-21 10:00:00,Beauty and the Beast,Animation,Gary Trousdale,1991,84,0,6.50
PRO001006,2019-02-21 12:30:00,Bronenosets Potemkin,Drama,Sergei M. Eisenstein,1925,75,12,7.50
PRO001007,2019-02-21 14:30:00,Todo sobre mi madre,Drama,Pedro Almodóvar,1999,101,16,6.50
PRO001008,2019-02-22 10:30:00,Witness for the Prosecution,Crime,Billy Wilder,1957,116,0,8.50
PRO001009,2019-02-23 10:30:00,Dirty Harry,Action,Don Siegel,1971,102,12,8.00
PRO001010,2019-02-23 13:00:00,All About Eve,Drama,Joseph L. Mankiewicz,1950,138,12,6.50
PRO001011,2019-02-23 16:00:00,American History X,Drama,Tony Kaye,1998,119,16,8.50
PRO001012,2019-02-24 10:30:00,Shadow of a Doubt,Film-Noir,Alfred Hitchcock,1943,108,6,8.50
PRO001013,2019-02-24 13:00:00,Todo sobre mi madre,Drama,Pedro Almodóvar,1999,101,16,6.50
PRO001014,2019-02-24 15:30:00,The Maltese Falcon,Film-Noir,John Huston,1941,100,12,8.00
PRO001015,2019-02-24 18:00:00,Roma,Drama,Alfonso Cuarón,2018,135,16,9.00
PRO001016,2019-02-25 10:30:00,Le locataire,Drama,Roman Polanski,1976,126,16,8.00
PRO001017,2019-02-25 13:30:00,Citizen Kane,Drama,Orson Welles,1941,119,12,7.50
PRO001018,2019-02-26 10:00:00,Deadpool 2,Action,David Leitch,2018,119,16,7.00
PRO001019,2019-02-26 13:00:00,Titanic,Drama,James Cameron,1997,194,12,6.50
PRO001020,2019-02-27 10:00:00,Being John Malkovich,Comedy,Spike Jonze,1999,113,16,6.50
PRO001021,2019-02-27 13:00:00,Todo sobre mi madre,Drama,Pedro Almodóvar,1999,101,16,8.50
PRO001022,2019-02-28 10:00:00,Beauty and the Beast,Animation,Gary Trousdale,1991,84,0,6.50
PRO001023,2019-03-01 10:30:00,Laura,Drama,Otto Preminger,1944,88,12,8.00
PRO001024,2019-03-02 10:30:00,La Strada,Drama,Federico Fellini,1954,108,12,8.50
PRO001025,2019-03-02 13:30:00,The Searchers,Adventure,John Ford,1956,119,12,7.00
PRO001026,2019-03-02 16:30:00,American History X,Drama,Tony Kaye,1998,119,16,8.50
PRO001027,2019-03-02 19:30:00,The Maltese Falcon,Film-Noir,John Huston,1941,100,12,10.00
PRO001028,2019-03-03 10:00:00,Eskiya,Crime,Yavuz Turgul,1996,128,12,8.50
PRO001029,2019-03-03 13:00:00,Being John Malkovich,Comedy,Spike Jonze,1999,113,16,8.00
PRO001030,2019-03-03 15:30:00,Rear Window,Mystery,Alfred Hitchcock,1954,112,0,8.50
PRO001031,2019-03-04 10:00:00,All About Eve,Drama,Joseph L. Mankiewicz,1950,138,12,7.00
PRO001032,2019-03-05 10:30:00,Once Upon a Time... in Hollywood,Comedy,Quentin Tarantino,2019,161,12,8.00
PRO001033,2019-03-06 10:30:00,Terminator 2: Judgment Day,Action,James Cameron,1991,137,0,7.00
PRO001034,2019-03-06 14:00:00,La Strada,Drama,Federico Fellini,1954,108,12,6.50
PRO001035,2019-03-06 17:00:00,Deadpool 2,Action,David Leitch,2018,119,16,7.00
PRO001036,2019-03-07 10:30:00,Terminator 2: Judgment Day,Action,James Cameron,1991,137,0,6.50
PRO001037,2019-03-08 10:00:00,A Star Is Born,Drama,Bradley Cooper,2018,136,12,6.50
PRO001038,2019-03-08 13:00:00,Terminator 2: Judgment Day,Action,James Cameron,1991,137,0,7.50
PRO001039,2019-03-09 10:30:00,Beauty and the Beast,Animation,Gary Trousdale,1991,84,0,7.00
PRO001040,2019-03-09 12:30:00,Cool Hand Luke,Crime,Stuart Rosenberg,1967,127,12,7.50
PRO001041,2019-03-09 15:30:00,Terminator 2: Judgment Day,Action,James Cameron,1991,137,0,8.00
PRO001042,2019-03-09 18:30:00,A Star Is Born,Drama,Bradley Cooper,2018,136,12,9.00
PRO001043,2019-03-10 10:30:00,Die Hard: With a Vengeance,Action,John McTiernan,1995,128,12,8.00
PRO001044,2019-03-10 13:30:00,"Crna macka, beli macor",Comedy,Emir Kusturica,1998,127,16,7.50
PRO001045,2019-03-10 16:30:00,Uri: The Surgical Strike,Action,Aditya Dhar,2018,138,12,8.00
PRO001046,2019-03-10 20:00:00,Rushmore,Comedy,Wes Anderson,1998,93,12,10.00
PRO001047,2019-03-11 10:30:00,"Crna macka, beli macor",Comedy,Emir Kusturica,1998,127,16,7.50
PRO001048,2019-03-12 10:00:00,On Golden Pond,Drama,Mark Rydell,1981,109,12,6.50
PRO001049,2019-03-12 12:30:00,On Golden Pond,Drama,Mark Rydell,1981,109,12,8.50
PRO001050,2019-03-13 10:30:00,Raging Bull,Biography,Martin Scorsese,1980,129,12,7.50
PRO001051,2019-03-13 13:30:00,Rear Window,Mystery,Alfred Hitchcock,1954,112,0,8.50
PRO001052,2019-03-13 16:00:00,La Strada,Drama,Federico Fellini,1954,108,12,6.50
PRO001053,2019-03-14 10:30:00,"Crna macka, beli macor",Comedy,Emir Kusturica,1998,127,16,7.00
PRO001054,2019-03-14 13:30:00,Citizen Kane,Drama,Orson Welles,1941,119,12,7.50
PRO001055,2019-03-15 10:00:00,"Crna macka, beli macor",Comedy,Emir Kusturica,1998,127,16,6.50
PRO001056,2019-03-15 13:00:00,Eskiya,Crime,Yavuz Turgul,1996,128,12,7.50
PRO001057,2019-03-15 16:00:00,The Sandlot,Comedy,David Mickey Evans,1993,101,0,8.50
PRO001058,2019-03-16 10:00:00,Uri: The Surgical Strike,Action,Aditya Dhar,2018,138,12,7.50
PRO001059,2019-03-16 13:00:00,Rushmore,Comedy,Wes Anderson,1998,93,12,6.50
PRO001060,2019-03-16 15:30:00,The Sandlot,Comedy,David Mickey Evans,1993,101,0,6.50
PRO001061,2019-03-16 18:00:00,Uri: The Surgical Strike,Action,Aditya Dhar,2018,138,12,9.00
PRO001062,2019-03-17 10:30:00,Laura,Drama,Otto Preminger,1944,88,12,8.50
PRO001063,2019-03-17 13:00:00,Titanic,Drama,James Cameron,1997,194,12,7.00
PRO001064,2019-03-17 17:00:00,On Golden Pond,Drama,Mark Rydell,1981,109,12,8.50
PRO001065,2019-03-18 10:00:00,Deadpool 2,Action,David Leitch,2018,119,16,8.00
PRO001066,2019-03-19 10:30:00,The Killing,Crime,Stanley Kubrick,1956,84,12,6.50
PRO001067,2019-03-20 10:00:00,Terminator 2: Judgment Day,Action,James Cameron,1991,137,0,7.50
PRO001068,2019-03-20 13:00:00,The Birds,Drama,Alfred Hitchcock,1963,119,12,8.00
PRO001069,2019-03-20 15:30:00,La Strada,Drama,Federico Fellini,1954,108,12,8.00
PRO001070,2019-03-21 10:00:00,Laura,Drama,Otto Preminger,1944,88,12,8.00
PRO001071,2019-03-21 12:30:00,The Deer Hunter,Drama,Michael Cimino,1978,183,12,6.50
PRO001072,2019-03-22 10:30:00,On Golden Pond,Drama,Mark Rydell,1981,109,12,7.50
PRO001073,2019-03-22 13:00:00,Cabaret,Drama,Bob Fosse,1972,124,12,8.50
PRO001074,2019-03-23 10:00:00,Cabaret,Drama,Bob Fosse,1972,124,12,8.50
PRO001075,2019-03-23 13:00:00,Citizen Kane,Drama,Orson Welles,1941,119,12,6.50
PRO001076,2019-03-23 16:00:00,Rushmore,Comedy,Wes Anderson,1998,93,12,6.50
PRO001077,2019-03-24 10:30:00,Laura,Drama,Otto Preminger,1944,88,12,6.50
PRO001078,2019-03-24 13:00:00,Laura,Drama,Otto Preminger,1944,88,12,7.50
PRO001079,2019-03-24 15:30:00,The Killing,Crime,Stanley Kubrick,1956,84,12,7.50
PRO001080,2019-03-24 17:30:00,Rushmore,Comedy,Wes Anderson,1998,93,12,6.50
PRO001081,2019-03-25 10:00:00,Nosferatu,Fantasy,F.W. Murnau,1922,94,12,8.50
PRO001082,2019-03-25 12:30:00,"Crna macka, beli macor",Comedy,Emir Kusturica,1998,127,16,6.50
PRO001083,2019-03-25 15:30:00,Cool Hand Luke,Crime,Stuart Rosenberg,1967,127,12,7.50
PRO001084,2019-03-26 10:30:00,K.G.F: Chapter 1,Action,Prashanth Neel,2018,156,12,8.50
PRO001085,2019-03-26 14:00:00,Miracle on 34th Street,Comedy,George Seaton,1947,96,12,7.00
PRO001086,2019-03-26 16:30:00,A Star Is Born,Drama,Bradley Cooper,2018,136,12,7.50
PRO001087,2019-03-27 10:30:00,Miracle on 34th Street,Comedy,George Seaton,1947,96,12,7.00
PRO001088,2019-03-27 13:00:00,The Long Goodbye,Comedy,Robert Altman,1973,112,12,6.50
PRO001089,2019-03-27 16:00:00,The Killing,Crime,Stanley Kubrick,1956,84,12,7.50
PRO001090,2019-03-28 10:30:00,Harvey,Comedy,Henry Koster,1950,104,12,8.00
PRO001091,2019-03-28 13:00:00,Being John Malkovich,Comedy,Spike Jonze,1999,113,16,8.00
PRO001092,2019-03-29 10:00:00,Cabaret,Drama,Bob Fosse,1972,124,12,7.50
PRO001093,2019-03-30 10:00:00,Raging Bull,Biography,Martin Scorsese,1980,129,12,7.50
PRO001094,2019-03-30 13:00:00,Citizen Kane,Drama,Orson Welles,1941,119,12,7.00
PRO001095,2019-03-30 16:00:00,Harvey,Comedy,Henry Koster,1950,104,12,8.00
PRO001096,2019-03-30 18:30:00,Tengoku to jigoku,Crime,Akira Kurosawa,1963,143,12,9.00
PRO001097,2019-03-31 10:30:00,Terminator 2: Judgment Day,Action,James Cameron,1991,137,0,7.50
PRO001098,2019-03-31 14:00:00,Nosferatu,Fantasy,F.W. Murnau,1922,94,12,6.50
PRO001099,2019-03-31 16:30:00,Citizen Kane,Drama,Orson Welles,1941,119,12,8.50
PRO001100,2019-03-31 19:00:00,K.G.F: Chapter 1,Action,Prashanth Neel,2018,156,12,8.50
PRO001101,2019-04-01 10:00:00,Nosferatu,Fantasy,F.W. Murnau,1922,94,12,7.00
PRO001102,2019-04-02 10:00:00,The Long Goodbye,Comedy,Robert Altman,1973,112,12,8.50
PRO001103,2019-04-02 12:30:00,Nosferatu,Fantasy,F.W. Murnau,1922,94,12,8.50
PRO001104,2019-04-02 15:00:00,K.G.F: Chapter 1,Action,Prashanth Neel,2018,156,12,7.00
PRO001105,2019-04-03 10:00:00,"Crna macka, beli macor",Comedy,Emir Kusturica,1998,127,16,8.00
PRO001106,2019-04-04 10:30:00,American History X,Drama,Tony Kaye,1998,119,16,8.00
PRO001107,2019-04-04 13:30:00,Paper Moon,Comedy,Peter Bogdanovich,1973,102,0,8.00
PRO001108,2019-04-04 16:00:00,Todo sobre mi madre,Drama,Pedro Almodóvar,1999,101,16,7.00
PRO001109,2019-04-05 10:00:00,The Killing,Crime,Stanley Kubrick,1956,84,12,8.00
PRO001110,2019-04-06 10:00:00,Blowup,Drama,Michelangelo Antonioni,1966,111,12,7.50
PRO001111,2019-04-06 13:00:00,Scarface,Crime,Brian De Palma,1983,170,12,7.50
PRO001112,2019-04-06 16:30:00,The Kid,Comedy,Charles Chaplin,1921,68,12,8.00
PRO001113,2019-04-06 18:30:00,American History X,Drama,Tony Kaye,1998,119,16,8.50
PRO001114,2019-04-07 10:30:00,"Crna macka, beli macor",Comedy,Emir Kusturica,1998,127,16,7.00
PRO001115,2019-04-07 13:30:00,Les quatre cents coups,Crime,François Truffaut,1959,99,12,7.00
PRO001116,2019-04-07 16:00:00,The Kid,Comedy,Charles Chaplin,1921,68,12,8.50
PRO001117,2019-04-08 10:00:00,Rushmore,Comedy,Wes Anderson,1998,93,12,7.50
PRO001118,2019-04-08 12:30:00,Nosferatu,Fantasy,F.W. Murnau,1922,94,12,7.50
PRO001119,2019-04-09 10:00:00,Scarface,Crime,Brian De Palma,1983,170,12,8.50
PRO001120,2019-04-10 10:00:00,Scarface,Crime,Brian De Palma,1983,170,12,7.50
PRO001121,2019-04-10 13:30:00,Terminator 2: Judgment Day,Action,James Cameron,1991,137,0,6.50
PRO001122,2019-04-10 16:30:00,Nosferatu,Fantasy,F.W. Murnau,1922,94,12,7.00
PRO001123,2019-04-11 10:30:00,Harvey,Comedy,Henry Koster,1950,104,12,7.50
PRO001124,2019-04-12 10:30:00,Terminator 2: Judgment Day,Action,James Cameron,1991,137,0,8.00
PRO001125,2019-04-13 10:30:00,Les yeux sans visage,Drama,Georges Franju,1960,90,12,7.00
PRO001126,2019-04-13 13:00:00,Nosferatu,Fantasy,F.W. Murnau,1922,94,12,6.50
PRO001127,2019-04-13 15:30:00,The Kid,Comedy,Charles Chaplin,1921,68,12,7.00
PRO001128,2019-04-13 17:30:00,On Golden Pond,Drama,Mark Rydell,1981,109,12,8.00
PRO001129,2019-04-14 10:00:00,Yôjinbô,Action,Akira Kurosawa,1961,110,12,8.50
PRO001130,2019-04-14 13:00:00,The Kid,Comedy,Charles Chaplin,1921,68,12,8.00
PRO001131,2019-04-14 15:00:00,Harvey,Comedy,Henry Koster,1950,104,12,6.50
PRO001132,2019-04-15 10:30:00,Ikiru,Drama,Akira Kurosawa,1952,143,12,8.00
PRO001133,2019-04-15 13:30:00,Scarface,Crime,Brian De Palma,1983,170,12,7.50
PRO001134,2019-04-15 17:00:00,On Golden Pond,Drama,Mark Rydell,1981,109,12,6.50
PRO001135,2019-04-16 10:30:00,Yôjinbô,Action,Akira Kurosawa,1961,110,12,8.50
PRO001136,2019-04-16 13:00:00,Ferris Bueller's Day Off,Comedy,John Hughes,1986,103,0,6.50
PRO001137,2019-04-16 15:30:00,Die Hard: With a Vengeance,Action,John McTiernan,1995,128,12,7.50
PRO001138,2019-04-17 10:00:00,Kaze no tani no Naushika,Animation,Hayao Miyazaki,1984,117,0,8.00
PRO001139,2019-04-18 10:30:00,La double vie de Véronique,Drama,Krzysztof Kieslowski,1991,98,16,6.50
PRO001140,2019-04-18 13:00:00,Ikiru,Drama,Akira Kurosawa,1952,143,12,7.50
PRO001141,2019-04-18 16:30:00,The Kid,Comedy,Charles Chaplin,1921,68,12,8.00
PRO001142,2019-04-19 10:30:00,Ikiru,Drama,Akira Kurosawa,1952,143,12,8.00
PRO001143,2019-04-19 13:30:00,Der Name der Rose,Crime,Jean-Jacques Annaud,1986,130,16,6.50
PRO001144,2019-04-20 10:00:00,Cabaret,Drama,Bob Fosse,1972,124,12,8.50
PRO001145,2019-04-20 13:00:00,Cabaret,Drama,Bob Fosse,1972,124,12,6.50
PRO001146,2019-04-20 16:00:00,Dark City,Mystery,Alex Proyas,1998,100,12,7.00
PRO001147,2019-04-21 10:00:00,The Killing,Crime,Stanley Kubrick,1956,84,12,7.50
PRO001148,2019-04-21 12:30:00,The Straight Story,Biography,David Lynch,1999,112,0,7.00
PRO001149,2019-04-21 15:30:00,Ikiru,Drama,Akira Kurosawa,1952,143,12,7.50
PRO001150,2019-04-21 18:30:00,Paths of Glory,Drama,Stanley Kubrick,1957,88,12,10.00
PRO001151,2019-04-22 10:30:00,A Few Good Men,Drama,Rob Reiner,1992,138,0,7.50
PRO001152,2019-04-22 13:30:00,Die Hard: With a Vengeance,Action,John McTiernan,1995,128,12,8.50
PRO001153,2019-04-22 16:30:00,Blowup,Drama,Michelangelo Antonioni,1966,111,12,7.50
PRO001154,2019-04-23 10:00:00,Tengoku to jigoku,Crime,Akira Kurosawa,1963,143,12,6.50
PRO001155,2019-04-23 13:00:00,Die Hard: With a Vengeance,Action,John McTiernan,1995,128,12,8.50
PRO001156,2019-04-24 10:30:00,Citizen Kane,Drama,Orson Welles,1941,119,12,7.50
PRO001157,2019-04-24 13:30:00,The Sting,Comedy,George Roy Hill,1973,129,0,7.50
PRO001158,2019-04-24 16:30:00,The Long Goodbye,Comedy,Robert Altman,1973,112,12,7.50
PRO001159,2019-04-25 10:00:00,A Few Good Men,Drama,Rob Reiner,1992,138,0,7.50
PRO001160,2019-04-25 13:00:00,Dog Day Afternoon,Biography,Sidney Lumet,1975,125,0,6.50
PRO001161,2019-04-25 16:00:00,Viskningar och rop,Drama,Ingmar Bergman,1972,91,12,8.00
PRO001162,2019-04-26 10:00:00,Bound by Honor,Crime,Taylor Hackford,1993,180,16,8.50
PRO001163,2019-04-26 14:00:00,Gifted,Drama,Marc Webb,2017,101,12,6.50
PRO001164,2019-04-27 10:30:00,Nosferatu,Fantasy,F.W. Murnau,1922,94,12,8.50
PRO001165,2019-04-27 13:00:00,The Deer Hunter,Drama,Michael Cimino,1978,183,12,6.50
PRO001166,2019-04-27 17:00:00,The Deer Hunter,Drama,Michael Cimino,1978,183,12,8.00
PRO001167,2019-04-27 21:00:00,Nosferatu,Fantasy,F.W. Murnau,1922,94,12,9.00
PRO001168,2019-04-28 10:30:00,The Last Emperor,Biography,Bernardo Bertolucci,1987,163,0,7.00
PRO001169,2019-04-28 14:00:00,The Sting,Comedy,George Roy Hill,1973,129,0,7.00
PRO001170,2019-04-28 17:00:00,Red River,Action,Howard Hawks,1948,133,12,7.50
PRO001171,2019-04-29 10:30:00,Amadeus,Biography,Milos Forman,1984,160,16,7.00
PRO001172,2019-04-30 10:00:00,A Few Good Men,Drama,Rob Reiner,1992,138,0,8.00
PRO001173,2019-04-30 13:30:00,Bound by Honor,Crime,Taylor Hackford,1993,180,16,7.50
PRO001174,2019-04-30 17:30:00,The Kid,Comedy,Charles Chaplin,1921,68,12,7.50
PRO001175,2019-05-01 10:00:00,Yôjinbô,Action,Akira Kurosawa,1961,110,12,8.50
PRO001176,2019-05-02 10:00:00,A Few Good Men,Drama,Rob Reiner,1992,138,0,7.50
PRO001177,2019-05-02 13:00:00,Red River,Action,Howard Hawks,1948,133,12,7.00
PRO001178,2019-05-02 16:00:00,Raging Bull,Biography,Martin Scorsese,1980,129,12,8.00
PRO001179,2019-05-03 10:30:00,Viskningar och rop,Drama,Ingmar Bergman,1972,91,12,6.50
PRO001180,2019-05-04 10:00:00,Se7en,Crime,David Fincher,1995,127,12,8.50
PRO001181,2019-05-04 13:00:00,The Sting,Comedy,George Roy Hill,1973,129,0,8.00
PRO001182,2019-05-04 16:00:00,The Last Emperor,Biography,Bernardo Bertolucci,1987,163,0,8.00
PRO001183,2019-05-04 19:30:00,Dazed and Confused,Comedy,Richard Linklater,1993,102,0,10.00
PRO001184,2019-05-05 10:00:00,Ferris Bueller's Day Off,Comedy,John Hughes,1986,103,0,7.50
PRO001185,2019-05-05 12:30:00,Raging Bull,Biography,Martin Scorsese,1980,129,12,7.50
PRO001186,2019-05-05 15:30:00,The Kid,Comedy,Charles Chaplin,1921,68,12,7.50
PRO001187,2019-05-05 17:30:00,Misery,Drama,Rob Reiner,1990,107,16,7.00
PRO001188,2019-05-06 10:00:00,Dazed and Confused,Comedy,Richard Linklater,1993,102,0,8.00
PRO001189,2019-05-06 12:30:00,Dazed and Confused,Comedy,Richard Linklater,1993,102,0,8.50
PRO001190,2019-05-07 10:30:00,Se7en,Crime,David Fincher,1995,127,12,8.00
PRO001191,2019-05-07 13:30:00,Les yeux sans visage,Drama,Georges Franju,1960,90,12,7.00
PRO001192,2019-05-08 10:00:00,Once Were Warriors,Crime,Lee Tamahori,1994,102,12,7.50
PRO001193,2019-05-08 12:30:00,Ferris Bueller's Day Off,Comedy,John Hughes,1986,103,0,8.50
PRO001194,2019-05-08 15:00:00,Dazed and Confused,Comedy,Richard Linklater,1993,102,0,7.50
PRO001195,2019-05-09 10:00:00,Only the Brave,Action,Joseph Kosinski,2017,134,12,7.50
PRO001196,2019-05-10 10:00:00,Viskningar och rop,Drama,Ingmar Bergman,1972,91,12,7.00
PRO001197,2019-05-10 12:30:00,A Few Good Men,Drama,Rob Reiner,1992,138,0,8.50
PRO001198,2019-05-10 15:30:00,Der Name der Rose,Crime,Jean-Jacques Annaud,1986,130,16,7.00
PRO001199,2019-05-11 10:00:00,Bound by Honor,Crime,Taylor Hackford,1993,180,16,8.50
PRO001200,2019-05-11 14:00:00,Stalag 17,Comedy,Billy Wilder,1953,120,12,7.50
PRO001201,2019-05-11 17:00:00,Malcolm X,Biography,Spike Lee,1992,202,0,8.00
PRO001202,2019-05-12 10:30:00,Kaze no tani no Naushika,Animation,Hayao Miyazaki,1984,117,0,6.50
PRO001203,2019-05-12 13:30:00,Dog Day Afternoon,Biography,Sidney Lumet,1975,125,0,8.50
PRO001204,2019-05-12 16:30:00,Malcolm X,Biography,Spike Lee,1992,202,0,7.00
PRO001205,2019-05-12 21:00:00,Tengoku to jigoku,Crime,Akira Kurosawa,1963,143,12,9.50
PRO001206,2019-05-13 10:00:00,Viskningar och rop,Drama,Ingmar Bergman,1972,91,12,7.00
PRO001207,2019-05-13 12:30:00,Dirty Harry,Action,Don Siegel,1971,102,12,7.00
PRO001208,2019-05-13 15:00:00,Stalag 17,Comedy,Billy Wilder,1953,120,12,8.00
PRO001209,2019-05-14 10:30:00,Stalag 17,Comedy,Billy Wilder,1953,120,12,7.50
PRO001210,2019-05-14 13:00:00,Once Were Warriors,Crime,Lee Tamahori,1994,102,12,7.00
PRO001211,2019-05-14 15:30:00,The Blues Brothers,Action,John Landis,1980,133,0,7.00
PRO001212,2019-05-15 10:30:00,Gifted,Drama,Marc Webb,2017,101,12,7.00
PRO001213,2019-05-15 13:00:00,Viskningar och rop,Drama,Ingmar Bergman,1972,91,12,6.50
PRO001214,2019-05-15 15:30:00,Kaze no tani no Naushika,Animation,Hayao Miyazaki,1984,117,0,8.00
PRO001215,2019-05-16 10:00:00,Stalag 17,Comedy,Billy Wilder,1953,120,12,6.50
PRO001216,2019-05-17 10:30:00,Dark City,Mystery,Alex Proyas,1998,100,12,7.00
PRO001217,2019-05-17 13:00:00,Misery,Drama,Rob Reiner,1990,107,16,7.00
PRO001218,2019-05-18 10:00:00,Jules et Jim,Drama,François Truffaut,1962,105,12,6.50
PRO001219,2019-05-18 12:30:00,Harvey,Comedy,Henry Koster,1950,104,12,6.50
PRO001220,2019-05-18 15:00:00,Blowup,Drama,Michelangelo Antonioni,1966,111,12,7.50
PRO001221,2019-05-18 17:30:00,Se7en,Crime,David Fincher,1995,127,12,7.00
PRO001222,2019-05-19 10:00:00,Gifted,Drama,Marc Webb,2017,101,12,8.50
PRO001223,2019-05-19 12:30:00,Malcolm X,Biography,Spike Lee,1992,202,0,6.50
PRO001224,2019-05-19 17:00:00,Dog Day Afternoon,Biography,Sidney Lumet,1975,125,0,7.00
PRO001225,2019-05-20 10:00:00,Se7en,Crime,David Fincher,1995,127,12,8.50
PRO001226,2019-05-20 13:00:00,Titanic,Drama,James Cameron,1997,194,12,8.50
PRO001227,2019-05-21 10:00:00,Once Were Warriors,Crime,Lee Tamahori,1994,102,12,7.00
PRO001228,2019-05-22 10:30:00,Dirty Harry,Action,Don Siegel,1971,102,12,6.50
PRO001229,2019-05-23 10:30:00,Malcolm X,Biography,Spike Lee,1992,202,0,8.00
PRO001230,2019-05-24 10:00:00,Viskningar och rop,Drama,Ingmar Bergman,1972,91,12,8.50
PRO001231,2019-05-24 12:30:00,Stalag 17,Comedy,Billy Wilder,1953,120,12,6.50
PRO001232,2019-05-24 15:30:00,Dazed and Confused,Comedy,Richard Linklater,1993,102,0,7.00
PRO001233,2019-05-25 10:00:00,"South Park: Bigger, Longer & Uncut",Animation,Trey Parker,1999,81,12,6.50
PRO001234,2019-05-25 12:30:00,The Sting,Comedy,George Roy Hill,1973,129,0,8.00
PRO001235,2019-05-25 15:30:00,Stalag 17,Comedy,Billy Wilder,1953,120,12,8.50
PRO001236,2019-05-26 10:00:00,Se7en,Crime,David Fincher,1995,127,12,7.50
PRO001237,2019-05-26 13:00:00,Der Name der Rose,Crime,Jean-Jacques Annaud,1986,130,16,7.00
PRO001238,2019-05-26 16:00:00,Goldfinger,Action,Guy Hamilton,1964,110,12,7.00
PRO001239,2019-05-27 10:30:00,Dog Day Afternoon,Biography,Sidney Lumet,1975,125,0,6.50
PRO001240,2019-05-27 13:30:00,Les diaboliques,Crime,Henri-Georges Clouzot,1955,117,12,6.50
PRO001241,2019-05-28 10:00:00,Le samouraï,Crime,Jean-Pierre Melville,1967,105,12,6.50
PRO001242,2019-05-28 12:30:00,Raging Bull,Biography,Martin Scorsese,1980,129,12,7.50
PRO001243,2019-05-28 15:30:00,"South Park: Bigger, Longer & Uncut",Animation,Trey Parker,1999,81,12,8.00
PRO001244,2019-05-29 10:00:00,The Wizard of Oz,Adventure,Victor Fleming,1939,102,0,7.00
PRO001245,2019-05-29 12:30:00,Les diaboliques,Crime,Henri-Georges Clouzot,1955,117,12,8.50
PRO001246,2019-05-30 10:00:00,The Wizard of Oz,Adventure,Victor Fleming,1939,102,0,7.50
PRO001247,2019-05-31 10:00:00,Les yeux sans visage,Drama,Georges Franju,1960,90,12,6.50
PRO001248,2019-06-01 10:00:00,The Outlaw Josey Wales,Western,Clint Eastwood,1976,135,12,8.50
PRO001249,2019-06-01 13:00:00,Les diaboliques,Crime,Henri-Georges Clouzot,1955,117,12,8.50
PRO001250,2019-06-01 16:00:00,The Outlaw Josey Wales,Western,Clint Eastwood,1976,135,12,8.00
PRO001251,2019-06-02 10:30:00,Notorious,Drama,Alfred Hitchcock,1946,102,0,8.50
PRO001252,2019-06-02 13:00:00,Jules et Jim,Drama,François Truffaut,1962,105,12,7.50
PRO001253,2019-06-02 15:30:00,Titanic,Drama,James Cameron,1997,194,12,7.00
PRO001254,2019-06-03 10:30:00,Dirty Harry,Action,Don Siegel,1971,102,12,8.50
PRO001255,2019-06-04 10:00:00,Le samouraï,Crime,Jean-Pierre Melville,1967,105,12,7.50
PRO001256,2019-06-05 10:30:00,The Outlaw Josey Wales,Western,Clint Eastwood,1976,135,12,7.00
PRO001257,2019-06-05 13:30:00,Rebel Without a Cause,Drama,Nicholas Ray,1955,111,12,7.50
PRO001258,2019-06-05 16:30:00,Trois couleurs: Rouge,Drama,Krzysztof Kieslowski,1994,99,0,8.00
PRO001259,2019-06-06 10:30:00,Stalag 17,Comedy,Billy Wilder,1953,120,12,8.00
PRO001260,2019-06-06 13:30:00,Notorious,Drama,Alfred Hitchcock,1946,102,0,7.00
PRO001261,2019-06-06 16:00:00,Malcolm X,Biography,Spike Lee,1992,202,0,7.00
PRO001262,2019-06-07 10:00:00,Once Were Warriors,Crime,Lee Tamahori,1994,102,12,8.50
PRO001263,2019-06-07 12:30:00,Dirty Harry,Action,Don Siegel,1971,102,12,8.50
PRO001264,2019-06-08 10:30:00,Trois couleurs: Rouge,Drama,Krzysztof Kieslowski,1994,99,0,7.00
PRO001265,2019-06-08 13:00:00,The Blues Brothers,Action,John Landis,1980,133,0,7.50
PRO001266,2019-06-08 16:00:00,"South Park: Bigger, Longer & Uncut",Animation,Trey Parker,1999,81,12,8.50
PRO001267,2019-06-08 18:30:00,The Dirty Dozen,Action,Robert Aldrich,1967,150,12,8.50
PRO001268,2019-06-09 10:00:00,Raging Bull,Biography,Martin Scorsese,1980,129,12,6.50
PRO001269,2019-06-09 13:00:00,Les diaboliques,Crime,Henri-Georges Clouzot,1955,117,12,8.50
PRO001270,2019-06-09 16:00:00,The Last of the Mohicans,Action,Michael Mann,1992,112,12,6.50
PRO001271,2019-06-09 18:30:00,Young Frankenstein,Comedy,Mel Brooks,1974,106,12,9.50
PRO001272,2019-06-10 10:00:00,Shichinin no samurai,Action,Akira Kurosawa,1954,207,0,7.50
PRO001273,2019-06-10 14:30:00,The Last of the Mohicans,Action,Michael Mann,1992,112,12,8.00
PRO001274,2019-06-11 10:30:00,Night on Earth,Comedy,Jim Jarmusch,1991,129,16,7.00
PRO001275,2019-06-11 13:30:00,Notorious,Drama,Alfred Hitchcock,1946,102,0,8.50
PRO001276,2019-06-11 16:00:00,Shichinin no samurai,Action,Akira Kurosawa,1954,207,0,8.00
PRO001277,2019-06-12 10:30:00,Young Frankenstein,Comedy,Mel Brooks,1974,106,12,6.50
PRO001278,2019-06-12 13:00:00,Jules et Jim,Drama,François Truffaut,1962,105,12,7.00
PRO001279,2019-06-13 10:30:00,Viskningar och rop,Drama,Ingmar Bergman,1972,91,12,8.00
PRO001280,2019-06-13 13:00:00,As Good as It Gets,Comedy,James L. Brooks,1997,139,12,7.00
PRO001281,2019-06-14 10:30:00,Wind River,Crime,Taylor Sheridan,2017,107,16,7.50
PRO001282,2019-06-14 13:00:00,Wind River,Crime,Taylor Sheridan,2017,107,16,8.50
PRO001283,2019-06-14 15:30:00,Trois couleurs: Rouge,Drama,Krzysztof Kieslowski,1994,99,0,6.50
PRO001284,2019-06-15 10:00:00,The Wizard of Oz,Adventure,Victor Fleming,1939,102,0,8.50
PRO001285,2019-06-15 12:30:00,Jules et Jim,Drama,François Truffaut,1962,105,12,7.00
PRO001286,2019-06-15 15:00:00,Shichinin no samurai,Action,Akira Kurosawa,1954,207,0,6.50
PRO001287,2019-06-15 19:30:00,Shichinin no samurai,Action,Akira Kurosawa,1954,207,0,9.00
PRO001288,2019-06-16 10:30:00,The Wizard of Oz,Adventure,Victor Fleming,1939,102,0,7.00
PRO001289,2019-06-16 13:00:00,Goldfinger,Action,Guy Hamilton,1964,110,12,7.00
PRO001290,2019-06-16 15:30:00,Jules et Jim,Drama,François Truffaut,1962,105,12,6.50
PRO001291,2019-06-17 10:00:00,The Wizard of Oz,Adventure,Victor Fleming,1939,102,0,6.50
PRO001292,2019-06-17 12:30:00,As Good as It Gets,Comedy,James L. Brooks,1997,139,12,6.50
PRO001293,2019-06-18 10:30:00,Young Frankenstein,Comedy,Mel Brooks,1974,106,12,8.50
PRO001294,2019-06-18 13:00:00,Raging Bull,Biography,Martin Scorsese,1980,129,12,6.50
PRO001295,2019-06-18 16:00:00,Jules et Jim,Drama,François Truffaut,1962,105,12,7.50
PRO001296,2019-06-19 10:30:00,Jules et Jim,Drama,François Truffaut,1962,105,12,8.00
PRO001297,2019-06-19 13:00:00,Se7en,Crime,David Fincher,1995,127,12,7.50
PRO001298,2019-06-20 10:30:00,Trois couleurs: Rouge,Drama,Krzysztof Kieslowski,1994,99,0,8.00
PRO001299,2019-06-20 13:00:00,Trois couleurs: Rouge,Drama,Krzysztof Kieslowski,1994,99,0,8.00
PRO001300,2019-06-21 10:30:00,Titanic,Drama,James Cameron,1997,194,12,8.50
PRO001301,2019-06-21 14:30:00,As Good as It Gets,Comedy,James L. Brooks,1997,139,12,7.50
PRO001302,2019-06-22 10:30:00,Le samouraï,Crime,Jean-Pierre Melville,1967,105,12,7.00
PRO001303,2019-06-22 13:00:00,La Strada,Drama,Federico Fellini,1954,108,12,8.50
PRO001304,2019-06-22 15:30:00,Trois couleurs: Blanc,Comedy,Krzysztof Kieslowski,1994,92,0,8.00
PRO001305,2019-06-22 18:00:00,Shichinin no samurai,Action,Akira Kurosawa,1954,207,0,8.50
PRO001306,2019-06-23 10:30:00,Wind River,Crime,Taylor Sheridan,2017,107,16,7.00
PRO001307,2019-06-23 13:00:00,Donnie Brasco,Biography,Mike Newell,1997,127,12,6.50
PRO001308,2019-06-23 16:00:00,Night on Earth,Comedy,Jim Jarmusch,1991,129,16,8.50
PRO001309,2019-06-23 19:00:00,Fried Green Tomatoes,Drama,Jon Avnet,1991,130,12,8.50
PRO001310,2019-06-24 10:30:00,The Dirty Dozen,Action,Robert Aldrich,1967,150,12,6.50
PRO001311,2019-06-24 14:00:00,Donnie Brasco,Biography,Mike Newell,1997,127,12,8.00
PRO001312,2019-06-24 17:00:00,Wind River,Crime,Taylor Sheridan,2017,107,16,8.50
PRO001313,2019-06-25 10:00:00,Shichinin no samurai,Action,Akira Kurosawa,1954,207,0,8.00
PRO001314,2019-06-25 14:30:00,Le samouraï,Crime,Jean-Pierre Melville,1967,105,12,7.00
PRO001315,2019-06-25 17:00:00,Fried Green Tomatoes,Drama,Jon Avnet,1991,130,12,7.50
PRO001316,2019-06-26 10:00:00,Once Upon a Time in America,Crime,Sergio Leone,1984,229,12,8.50
PRO001317,2019-06-27 10:30:00,La Strada,Drama,Federico Fellini,1954,108,12,6.50
PRO001318,2019-06-28 10:30:00,La double vie de Véronique,Drama,Krzysztof Kieslowski,1991,98,16,6.50
PRO001319,2019-06-28 13:00:00,The Outlaw Josey Wales,Western,Clint Eastwood,1976,135,12,6.50
PRO001320,2019-06-29 10:30:00,The Quiet Man,Comedy,John Ford,1952,129,12,8.00
PRO001321,2019-06-29 13:30:00,Shichinin no samurai,Action,Akira Kurosawa,1954,207,0,7.00
PRO001322,2019-06-29 18:00:00,Shichinin no samurai,Action,Akira Kurosawa,1954,207,0,8.50
PRO001323,2019-06-29 22:30:00,Once Upon a Time in America,Crime,Sergio Leone,1984,229,12,10.00
PRO001324,2019-06-30 10:30:00,The Quiet Man,Comedy,John Ford,1952,129,12,7.50
PRO001325,2019-06-30 13:30:00,Notorious,Drama,Alfred Hitchcock,1946,102,0,8.50
PRO001326,2019-06-30 16:00:00,The Wizard of Oz,Adventure,Victor Fleming,1939,102,0,8.50
PRO001327,2019-06-30 18:30:00,Le samouraï,Crime,Jean-Pierre Melville,1967,105,12,9.00
PRO001328,2019-07-01 10:30:00,The Philadelphia Story,Comedy,George Cukor,1940,112,12,6.50
PRO001329,2019-07-02 10:00:00,Dirty Harry,Action,Don Siegel,1971,102,12,8.00
PRO001330,2019-07-02 12:30:00,The Dirty Dozen,Action,Robert Aldrich,1967,150,12,8.50
PRO001331,2019-07-02 16:00:00,The Philadelphia Story,Comedy,George Cukor,1940,112,12,8.50
PRO001332,2019-07-03 10:00:00,"Lock, Stock and Two Smoking Barrels",Action,Guy Ritchie,1998,107,12,6.50
PRO001333,2019-07-03 12:30:00,Trois couleurs: Blanc,Comedy,Krzysztof Kieslowski,1994,92,0,8.50
PRO001334,2019-07-03 15:00:00,Malcolm X,Biography,Spike Lee,1992,202,0,7.50
PRO001335,2019-07-04 10:00:00,Titanic,Drama,James Cameron,1997,194,12,6.50
PRO001336,2019-07-04 14:00:00,Trois couleurs: Blanc,Comedy,Krzysztof Kieslowski,1994,92,0,7.50
PRO001337,2019-07-04 16:30:00,The Wizard of Oz,Adventure,Victor Fleming,1939,102,0,7.00
PRO001338,2019-07-05 10:30:00,As Good as It Gets,Comedy,James L. Brooks,1997,139,12,8.50
PRO001339,2019-07-05 13:30:00,The Dirty Dozen,Action,Robert Aldrich,1967,150,12,7.50
PRO001340,2019-07-06 10:30:00,Sabrina,Comedy,Billy Wilder,1954,113,12,7.50
PRO001341,2019-07-06 13:00:00,Fried Green Tomatoes,Drama,Jon Avnet,1991,130,12,6.50
PRO001342,2019-07-06 16:00:00,Malcolm X,Biography,Spike Lee,1992,202,0,7.50
PRO001343,2019-07-06 20:30:00,The Quiet Man,Comedy,John Ford,1952,129,12,10.00
PRO001344,2019-07-07 10:00:00,Sholay,Action,Ramesh Sippy,1975,204,0,7.00
PRO001345,2019-07-07 14:00:00,"Lock, Stock and Two Smoking Barrels",Action,Guy Ritchie,1998,107,12,6.50
PRO001346,2019-07-07 16:30:00,Wind River,Crime,Taylor Sheridan,2017,107,16,8.00
PRO001347,2019-07-07 19:00:00,Singin' in the Rain,Comedy,Stanley Donen,1952,103,0,9.50
PRO001348,2019-07-08 10:30:00,Once Upon a Time in America,Crime,Sergio Leone,1984,229,12,7.50
PRO001349,2019-07-08 15:00:00,Fried Green Tomatoes,Drama,Jon Avnet,1991,130,12,7.50
PRO001350,2019-07-08 18:00:00,The Naked Gun: From the Files of Police Squad!,Comedy,David Zucker,1988,85,0,9.50
PRO001351,2019-07-09 10:00:00,Malcolm X,Biography,Spike Lee,1992,202,0,7.50
PRO001352,2019-07-10 10:30:00,Sabrina,Comedy,Billy Wilder,1954,113,12,7.50
PRO001353,2019-07-11 10:00:00,Malcolm X,Biography,Spike Lee,1992,202,0,7.50
PRO001354,2019-07-11 14:00:00,Sholay,Action,Ramesh Sippy,1975,204,0,8.50
PRO001355,2019-07-11 18:30:00,The Dirty Dozen,Action,Robert Aldrich,1967,150,12,8.50
PRO001356,2019-07-12 10:00:00,La Strada,Drama,Federico Fellini,1954,108,12,6.50
PRO001357,2019-07-13 10:00:00,The Long Goodbye,Comedy,Robert Altman,1973,112,12,6.50
PRO001358,2019-07-13 13:00:00,The Long Goodbye,Comedy,Robert Altman,1973,112,12,6.50
PRO001359,2019-07-13 16:00:00,Once Upon a Time in America,Crime,Sergio Leone,1984,229,12,7.00
PRO001360,2019-07-13 20:30:00,Wind River,Crime,Taylor Sheridan,2017,107,16,10.00
PRO001361,2019-07-14 10:00:00,La passion de Jeanne d'Arc,Biography,Carl Theodor Dreyer,1928,110,12,7.50
PRO001362,2019-07-14 13:00:00,La double vie de Véronique,Drama,Krzysztof Kieslowski,1991,98,16,8.00
PRO001363,2019-07-14 15:30:00,The Long Goodbye,Comedy,Robert Altman,1973,112,12,6.50
PRO001364,2019-07-14 18:00:00,Sabrina,Comedy,Billy Wilder,1954,113,12,9.00
PRO001365,2019-07-15 10:30:00,The Quiet Man,Comedy,John Ford,1952,129,12,8.50
PRO001366,2019-07-15 13:30:00,Trois couleurs: Blanc,Comedy,Krzysztof Kieslowski,1994,92,0,8.50
PRO001367,2019-07-15 16:00:00,Nelyubov,Drama,Andrey Zvyagintsev,2017,127,16,7.50
PRO001368,2019-07-16 10:00:00,Gifted,Drama,Marc Webb,2017,101,12,8.50
PRO001369,2019-07-17 10:00:00,Viskningar och rop,Drama,Ingmar Bergman,1972,91,12,7.00
PRO001370,2019-07-17 12:30:00,Malcolm X,Biography,Spike Lee,1992,202,0,6.50
PRO001371,2019-07-18 10:00:00,Malcolm X,Biography,Spike Lee,1992,202,0,8.00
PRO001372,2019-07-19 10:00:00,Nelyubov,Drama,Andrey Zvyagintsev,2017,127,16,6.50
PRO001373,2019-07-20 10:00:00,Sabrina,Comedy,Billy Wilder,1954,113,12,6.50
PRO001374,2019-07-20 13:00:00,The Godfather: Part III,Crime,Francis Ford Coppola,1990,162,12,6.50
PRO001375,2019-07-20 16:30:00,The Long Goodbye,Comedy,Robert Altman,1973,112,12,7.00
PRO001376,2019-07-20 19:30:00,Once Upon a Time in America,Crime,Sergio Leone,1984,229,12,9.00
PRO001377,2019-07-21 10:00:00,Sholay,Action,Ramesh Sippy,1975,204,0,7.00
PRO001378,2019-07-21 14:30:00,La passion de Jeanne d'Arc,Biography,Carl Theodor Dreyer,1928,110,12,6.50
PRO001379,2019-07-21 17:00:00,Trois couleurs: Rouge,Drama,Krzysztof Kieslowski,1994,99,0,8.50
PRO001380,2019-07-21 19:30:00,The Naked Gun: From the Files of Police Squad!,Comedy,David Zucker,1988,85,0,9.00
PRO001381,2019-07-22 10:00:00,Dunkirk,Action,Christopher Nolan,2017,106,12,6.50
PRO001382,2019-07-22 12:30:00,Fried Green Tomatoes,Drama,Jon Avnet,1991,130,12,8.00
PRO001383,2019-07-23 10:30:00,Sabrina,Comedy,Billy Wilder,1954,113,12,7.00
PRO001384,2019-07-23 13:30:00,Sabrina,Comedy,Billy Wilder,1954,113,12,7.00
PRO001385,2019-07-23 16:00:00,Rebecca,Drama,Alfred Hitchcock,1940,130,12,7.50
PRO001386,2019-07-24 10:30:00,Sabrina,Comedy,Billy Wilder,1954,113,12,6.50
PRO001387,2019-07-24 13:00:00,Rebecca,Drama,Alfred Hitchcock,1940,130,12,8.00
PRO001388,2019-07-25 10:00:00,Chinatown,Drama,Roman Polanski,1974,130,12,7.00
PRO001389,2019-07-25 13:00:00,Fried Green Tomatoes,Drama,Jon Avnet,1991,130,12,8.00
PRO001390,2019-07-25 16:00:00,La double vie de Véronique,Drama,Krzysztof Kieslowski,1991,98,16,8.50
PRO001391,2019-07-26 10:00:00,Gifted,Drama,Marc Webb,2017,101,12,8.00
PRO001392,2019-07-26 12:30:00,Once Upon a Time in America,Crime,Sergio Leone,1984,229,12,7.50
PRO001393,2019-07-26 17:00:00,The Godfather: Part III,Crime,Francis Ford Coppola,1990,162,12,7.00
PRO001394,2019-07-27 10:30:00,The Naked Gun: From the Files of Police Squad!,Comedy,David Zucker,1988,85,0,7.50
PRO001395,2019-07-27 13:00:00,Taxi Driver,Crime,Martin Scorsese,1976,114,12,7.00
PRO001396,2019-07-27 16:00:00,Sabrina,Comedy,Billy Wilder,1954,113,12,6.50
PRO001397,2019-07-28 10:00:00,Dunkirk,Action,Christopher Nolan,2017,106,12,6.50
PRO001398,2019-07-28 12:30:00,Donnie Brasco,Biography,Mike Newell,1997,127,12,8.00
PRO001399,2019-07-28 15:30:00,The Godfather: Part III,Crime,Francis Ford Coppola,1990,162,12,7.50
PRO001400,2019-07-28 19:00:00,La passion de Jeanne d'Arc,Biography,Carl Theodor Dreyer,1928,110,12,10.00
PRO001401,2019-07-29 10:00:00,Once Upon a Time in America,Crime,Sergio Leone,1984,229,12,8.00
PRO001402,2019-07-29 14:30:00,Rebecca,Drama,Alfred Hitchcock,1940,130,12,7.50
PRO001403,2019-07-29 17:30:00,The Purple Rose of Cairo,Comedy,Woody Allen,1985,82,0,7.50
PRO001404,2019-07-30 10:00:00,Fried Green Tomatoes,Drama,Jon Avnet,1991,130,12,8.50
PRO001405,2019-07-31 10:30:00,Malcolm X,Biography,Spike Lee,1992,202,0,8.50
PRO001406,2019-08-01 10:00:00,La double vie de Véronique,Drama,Krzysztof Kieslowski,1991,98,16,7.50
PRO001407,2019-08-01 12:30:00,La passion de Jeanne d'Arc,Biography,Carl Theodor Dreyer,1928,110,12,8.00
PRO001408,2019-08-02 10:00:00,Chinatown,Drama,Roman Polanski,1974,130,12,7.00
PRO001409,2019-08-02 13:00:00,Nelyubov,Drama,Andrey Zvyagintsev,2017,127,16,7.00
PRO001410,2019-08-02 16:00:00,Donnie Brasco,Biography,Mike Newell,1997,127,12,6.50
PRO001411,2019-08-03 10:30:00,La passion de Jeanne d'Arc,Biography,Carl Theodor Dreyer,1928,110,12,8.00
PRO001412,2019-08-03 13:00:00,Gifted,Drama,Marc Webb,2017,101,12,6.50
PRO001413,2019-08-03 15:30:00,Goldfinger,Action,Guy Hamilton,1964,110,12,7.50
PRO001414,2019-08-04 10:30:00,Once Upon a Time in America,Crime,Sergio Leone,1984,229,12,8.00
PRO001415,2019-08-04 15:00:00,Rebecca,Drama,Alfred Hitchcock,1940,130,12,8.50
PRO001416,2019-08-04 18:00:00,La double vie de Véronique,Drama,Krzysztof Kieslowski,1991,98,16,9.00
PRO001417,2019-08-04 20:30:00,The Exorcist,Horror,William Friedkin,1973,122,12,9.00
PRO001418,2019-08-05 10:30:00,Sholay,Action,Ramesh Sippy,1975,204,0,6.50
PRO001419,2019-08-05 15:00:00,Baahubali 2: The Conclusion,Action,S.S. Rajamouli,2017,167,12,8.00
PRO001420,2019-08-06 10:30:00,Baahubali 2: The Conclusion,Action,S.S. Rajamouli,2017,167,12,7.50
PRO001421,2019-08-06 14:00:00,On the Waterfront,Crime,Elia Kazan,1954,108,12,8.50
PRO001422,2019-08-07 10:00:00,Gifted,Drama,Marc Webb,2017,101,12,8.00
PRO001423,2019-08-07 12:30:00,On the Waterfront,Crime,Elia Kazan,1954,108,12,8.00
PRO001424,2019-08-07 15:00:00,Goldfinger,Action,Guy Hamilton,1964,110,12,6.50
PRO001425,2019-08-08 10:00:00,The Naked Gun: From the Files of Police Squad!,Comedy,David Zucker,1988,85,0,7.00
PRO001426,2019-08-08 12:30:00,Once Upon a Time in America,Crime,Sergio Leone,1984,229,12,8.50
PRO001427,2019-08-08 17:00:00,The Godfather: Part III,Crime,Francis Ford Coppola,1990,162,12,7.50
PRO001428,2019-08-09 10:30:00,Heat,Crime,Michael Mann,1995,170,12,8.00
PRO001429,2019-08-09 14:30:00,The Exorcist,Horror,William Friedkin,1973,122,12,7.00
PRO001430,2019-08-10 10:00:00,Chinatown,Drama,Roman Polanski,1974,130,12,8.50
PRO001431,2019-08-10 13:00:00,Chinatown,Drama,Roman Polanski,1974,130,12,7.00
PRO001432,2019-08-10 16:00:00,Baahubali 2: The Conclusion,Action,S.S. Rajamouli,2017,167,12,8.50
PRO001433,2019-08-10 20:00:00,Baahubali 2: The Conclusion,Action,S.S. Rajamouli,2017,167,12,10.00
PRO001434,2019-08-11 10:00:00,Gifted,Drama,Marc Webb,2017,101,12,7.00
PRO001435,2019-08-11 12:30:00,Rebecca,Drama,Alfred Hitchcock,1940,130,12,8.50
PRO001436,2019-08-11 15:30:00,Dunkirk,Action,Christopher Nolan,2017,106,12,7.50
PRO001437,2019-08-11 18:00:00,La passion de Jeanne d'Arc,Biography,Carl Theodor Dreyer,1928,110,12,8.50
PRO001438,2019-08-12 10:00:00,God's Own Country,Drama,Francis Lee,2017,104,12,6.50
PRO001439,2019-08-13 10:00:00,Heat,Crime,Michael Mann,1995,170,12,8.00
PRO001440,2019-08-13 13:30:00,The Purple Rose of Cairo,Comedy,Woody Allen,1985,82,0,6.50
PRO001441,2019-08-13 15:30:00,Dark City,Mystery,Alex Proyas,1998,100,12,7.00
PRO001442,2019-08-14 10:00:00,Breaking the Waves,Drama,Lars von Trier,1996,159,16,8.50
PRO001443,2019-08-15 10:00:00,The Exorcist,Horror,William Friedkin,1973,122,12,7.00
PRO001444,2019-08-16 10:30:00,Donnie Brasco,Biography,Mike Newell,1997,127,12,6.50
PRO001445,2019-08-16 13:30:00,The Little Mermaid,Animation,Ron Clements,1989,83,0,7.50
PRO001446,2019-08-16 16:00:00,Once Upon a Time in America,Crime,Sergio Leone,1984,229,12,6.50
PRO001447,2019-08-17 10:30:00,Dead Poets Society,Comedy,Peter Weir,1989,128,0,8.00
PRO001448,2019-08-17 13:30:00,Gifted,Drama,Marc Webb,2017,101,12,7.00
PRO001449,2019-08-17 16:00:00,Night on Earth,Comedy,Jim Jarmusch,1991,129,16,7.50
PRO001450,2019-08-18 10:30:00,Watership Down,Animation,Martin Rosen,1978,91,0,7.00
PRO001451,2019-08-18 13:00:00,The Purple Rose of Cairo,Comedy,Woody Allen,1985,82,0,6.50
PRO001452,2019-08-18 15:30:00,On the Waterfront,Crime,Elia Kazan,1954,108,12,7.00
PRO001453,2019-08-19 10:30:00,The Gold Rush,Adventure,Charles Chaplin,1925,95,12,8.00
PRO001454,2019-08-19 13:00:00,God's Own Country,Drama,Francis Lee,2017,104,12,6.50
PRO001455,2019-08-20 10:30:00,The Exorcist,Horror,William Friedkin,1973,122,12,8.50
PRO001456,2019-08-21 10:30:00,Donnie Brasco,Biography,Mike Newell,1997,127,12,8.50
PRO001457,2019-08-22 10:30:00,Dead Poets Society,Comedy,Peter Weir,1989,128,0,8.50
PRO001458,2019-08-22 13:30:00,1917,Drama,Sam Mendes,2019,119,16,7.50
PRO001459,2019-08-22 16:00:00,Night on Earth,Comedy,Jim Jarmusch,1991,129,16,8.00
PRO001460,2019-08-23 10:30:00,Good Will Hunting,Drama,Gus Van Sant,1997,126,0,6.50
PRO001461,2019-08-24 10:00:00,Good Will Hunting,Drama,Gus Van Sant,1997,126,0,7.50
PRO001462,2019-08-24 13:00:00,Only the Brave,Action,Joseph Kosinski,2017,134,12,7.00
PRO001463,2019-08-24 16:00:00,Dead Poets Society,Comedy,Peter Weir,1989,128,0,6.50
PRO001464,2019-08-25 10:30:00,Escape from Alcatraz,Action,Don Siegel,1979,112,12,8.00
PRO001465,2019-08-25 13:30:00,Dark City,Mystery,Alex Proyas,1998,100,12,6.50
PRO001466,2019-08-25 16:00:00,Chinatown,Drama,Roman Polanski,1974,130,12,7.00
PRO001467,2019-08-25 19:00:00,1917,Drama,Sam Mendes,2019,119,16,9.00
PRO001468,2019-08-26 10:30:00,Gifted,Drama,Marc Webb,2017,101,12,8.00
PRO001469,2019-08-26 13:00:00,Good Will Hunting,Drama,Gus Van Sant,1997,126,0,6.50
PRO001470,2019-08-27 10:30:00,Donnie Brasco,Biography,Mike Newell,1997,127,12,7.00
PRO001471,2019-08-27 13:30:00,Escape from Alcatraz,Action,Don Siegel,1979,112,12,8.50
PRO001472,2019-08-27 16:00:00,The Exorcist,Horror,William Friedkin,1973,122,12,6.50
PRO001473,2019-08-28 10:30:00,Escape from Alcatraz,Action,Don Siegel,1979,112,12,6.50
PRO001474,2019-08-28 13:00:00,Stalker,Drama,Andrei Tarkovsky,1979,162,0,8.00
PRO001475,2019-08-29 10:30:00,1917,Drama,Sam Mendes,2019,119,16,7.00
PRO001476,2019-08-29 13:30:00,Breaking the Waves,Drama,Lars von Trier,1996,159,16,8.00
PRO001477,2019-08-29 17:00:00,The Little Mermaid,Animation,Ron Clements,1989,83,0,8.00
PRO001478,2019-08-30 10:30:00,Heat,Crime,Michael Mann,1995,170,12,6.50
PRO001479,2019-08-30 14:30:00,The Little Mermaid,Animation,Ron Clements,1989,83,0,7.50
PRO001480,2019-08-30 16:30:00,Donnie Brasco,Biography,Mike Newell,1997,127,12,7.00
PRO001481,2019-08-31 10:30:00,Night on Earth,Comedy,Jim Jarmusch,1991,129,16,6.50
PRO001482,2019-08-31 13:30:00,Dark City,Mystery,Alex Proyas,1998,100,12,6.50
PRO001483,2019-08-31 16:00:00,Watership Down,Animation,Martin Rosen,1978,91,0,8.50
PRO001484,2019-09-01 10:30:00,God's Own Country,Drama,Francis Lee,2017,104,12,7.00
PRO001485,2019-09-01 13:00:00,Only the Brave,Action,Joseph Kosinski,2017,134,12,7.50
PRO001486,2019-09-01 16:00:00,Good Will Hunting,Drama,Gus Van Sant,1997,126,0,8.50
PRO001487,2019-09-02 10:30:00,On the Waterfront,Crime,Elia Kazan,1954,108,12,6.50
PRO001488,2019-09-03 10:00:00,Donnie Brasco,Biography,Mike Newell,1997,127,12,8.00
PRO001489,2019-09-04 10:00:00,Gifted,Drama,Marc Webb,2017,101,12,8.00
PRO001490,2019-09-04 12:30:00,The Little Mermaid,Animation,Ron Clements,1989,83,0,6.50
PRO001491,2019-09-05 10:00:00,God's Own Country,Drama,Francis Lee,2017,104,12,7.00
PRO001492,2019-09-06 10:30:00,Gifted,Drama,Marc Webb,2017,101,12,6.50
PRO001493,2019-09-06 13:00:00,The Remains of the Day,Drama,James Ivory,1993,134,0,6.50
PRO001494,2019-09-06 16:00:00,The Gold Rush,Adventure,Charles Chaplin,1925,95,12,8.50
PRO001495,2019-09-07 10:00:00,Night on Earth,Comedy,Jim Jarmusch,1991,129,16,7.00
PRO001496,2019-09-07 13:00:00,Watership Down,Animation,Martin Rosen,1978,91,0,7.00
PRO001497,2019-09-07 15:30:00,Only the Brave,Action,Joseph Kosinski,2017,134,12,7.50
PRO001498,2019-09-07 18:30:00,The Manchurian Candidate,Drama,John Frankenheimer,1962,126,12,8.50
PRO001499,2019-09-08 10:30:00,Gone with the Wind,Drama,Victor Fleming,1939,238,0,7.50
PRO001500,2019-09-08 15:30:00,Escape from Alcatraz,Action,Don Siegel,1979,112,12,7.00
PRO001501,2019-09-08 18:00:00,The Gold Rush,Adventure,Charles Chaplin,1925,95,12,9.50
PRO001502,2019-09-09 10:00:00,Lethal Weapon,Action,Richard Donner,1987,109,12,7.50
PRO001503,2019-09-10 10:30:00,Watership Down,Animation,Martin Rosen,1978,91,0,7.00
PRO001504,2019-09-10 13:00:00,Unforgiven,Drama,Clint Eastwood,1992,130,12,8.00
PRO001505,2019-09-10 16:00:00,On the Waterfront,Crime,Elia Kazan,1954,108,12,6.50
PRO001506,2019-09-11 10:00:00,Donnie Brasco,Biography,Mike Newell,1997,127,12,8.00
PRO001507,2019-09-11 13:00:00,God's Own Country,Drama,Francis Lee,2017,104,12,7.50
PRO001508,2019-09-12 10:00:00,Dead Poets Society,Comedy,Peter Weir,1989,128,0,8.50
PRO001509,2019-09-12 13:00:00,La Strada,Drama,Federico Fellini,1954,108,12,7.00
PRO001510,2019-09-12 15:30:00,Escape from Alcatraz,Action,Don Siegel,1979,112,12,7.50
PRO001511,2019-09-13 10:30:00,Lethal Weapon,Action,Richard Donner,1987,109,12,7.00
PRO001512,2019-09-13 13:00:00,La Strada,Drama,Federico Fellini,1954,108,12,6.50
PRO001513,2019-09-13 15:30:00,The Manchurian Candidate,Drama,John Frankenheimer,1962,126,12,7.50
PRO001514,2019-09-14 10:00:00,Dead Poets Society,Comedy,Peter Weir,1989,128,0,8.50
PRO001515,2019-09-14 13:00:00,The Exorcist,Horror,William Friedkin,1973,122,12,6.50
PRO001516,2019-09-14 16:00:00,La Strada,Drama,Federico Fellini,1954,108,12,8.00
PRO001517,2019-09-14 19:00:00,Lethal Weapon,Action,Richard Donner,1987,109,12,9.50
PRO001518,2019-09-15 10:30:00,The Remains of the Day,Drama,James Ivory,1993,134,0,6.50
PRO001519,2019-09-15 13:30:00,Lethal Weapon,Action,Richard Donner,1987,109,12,7.00
PRO001520,2019-09-15 16:00:00,Donnie Brasco,Biography,Mike Newell,1997,127,12,8.50
PRO001521,2019-09-16 10:30:00,Dead Poets Society,Comedy,Peter Weir,1989,128,0,7.00
PRO001522,2019-09-16 13:30:00,Le notti di Cabiria,Drama,Federico Fellini,1957,110,12,6.50
PRO001523,2019-09-16 16:00:00,Donnie Brasco,Biography,Mike Newell,1997,127,12,6.50
PRO001524,2019-09-17 10:30:00,Magnolia,Drama,Paul Thomas Anderson,1999,188,16,7.00
PRO001525,2019-09-17 14:30:00,The Little Mermaid,Animation,Ron Clements,1989,83,0,8.00
PRO001526,2019-09-17 16:30:00,Donnie Brasco,Biography,Mike Newell,1997,127,12,6.50
PRO001527,2019-09-18 10:30:00,Clerks,Comedy,Kevin Smith,1994,92,16,7.00
PRO001528,2019-09-18 13:00:00,Watership Down,Animation,Martin Rosen,1978,91,0,7.50
PRO001529,2019-09-19 10:00:00,Donnie Brasco,Biography,Mike Newell,1997,127,12,7.50
PRO001530,2019-09-19 13:00:00,The Circus,Comedy,Charles Chaplin,1928,72,12,8.00
PRO001531,2019-09-19 15:00:00,La Strada,Drama,Federico Fellini,1954,108,12,8.00
PRO001532,2019-09-20 10:00:00,Unforgiven,Drama,Clint Eastwood,1992,130,12,7.50
PRO001533,2019-09-21 10:30:00,Donnie Brasco,Biography,Mike Newell,1997,127,12,7.50
PRO001534,2019-09-21 13:30:00,Donnie Brasco,Biography,Mike Newell,1997,127,12,8.00
PRO001535,2019-09-21 16:30:00,Le notti di Cabiria,Drama,Federico Fellini,1957,110,12,8.50
PRO001536,2019-09-22 10:30:00,Dead Poets Society,Comedy,Peter Weir,1989,128,0,7.00
PRO001537,2019-09-22 13:30:00,Lethal Weapon,Action,Richard Donner,1987,109,12,7.50
PRO001538,2019-09-22 16:00:00,Gone with the Wind,Drama,Victor Fleming,1939,238,0,6.50
PRO001539,2019-09-23 10:00:00,Only the Brave,Action,Joseph Kosinski,2017,134,12,8.00
PRO001540,2019-09-23 13:00:00,Lethal Weapon,Action,Richard Donner,1987,109,12,8.00
PRO001541,2019-09-23 16:00:00,Only the Brave,Action,Joseph Kosinski,2017,134,12,7.00
PRO001542,2019-09-24 10:00:00,Unforgiven,Drama,Clint Eastwood,1992,130,12,8.50
PRO001543,2019-09-25 10:00:00,Unforgiven,Drama,Clint Eastwood,1992,130,12,8.00
PRO001544,2019-09-26 10:00:00,Donnie Brasco,Biography,Mike Newell,1997,127,12,8.50
PRO001545,2019-09-27 10:30:00,The Manchurian Candidate,Drama,John Frankenheimer,1962,126,12,8.50
PRO001546,2019-09-27 13:30:00,Dead Poets Society,Comedy,Peter Weir,1989,128,0,8.50
PRO001547,2019-09-28 10:00:00,The Manchurian Candidate,Drama,John Frankenheimer,1962,126,12,7.00
PRO001548,2019-09-28 13:00:00,Loving Vincent,Animation,Dorota Kobiela,2017,94,12,6.50
PRO001549,2019-09-28 15:30:00,The Manchurian Candidate,Drama,John Frankenheimer,1962,126,12,8.50
PRO001550,2019-09-28 18:30:00,Lethal Weapon,Action,Richard Donner,1987,109,12,8.50
PRO001551,2019-09-29 10:00:00,2001: A Space Odyssey,Adventure,Stanley Kubrick,1968,149,0,6.50
PRO001552,2019-09-29 13:30:00,La Strada,Drama,Federico Fellini,1954,108,12,7.00
PRO001553,2019-09-29 16:30:00,Gone with the Wind,Drama,Victor Fleming,1939,238,0,6.50
PRO001554,2019-09-30 10:00:00,2001: A Space Odyssey,Adventure,Stanley Kubrick,1968,149,0,6.50
PRO001555,2019-10-01 10:30:00,2001: A Space Odyssey,Adventure,Stanley Kubrick,1968,149,0,7.50
PRO001556,2019-10-01 14:00:00,The Manchurian Candidate,Drama,John Frankenheimer,1962,126,12,6.50
PRO001557,2019-10-02 10:30:00,Reservoir Dogs,Crime,Quentin Tarantino,1992,99,16,7.00
PRO001558,2019-10-02 13:00:00,Clerks,Comedy,Kevin Smith,1994,92,16,8.50
PRO001559,2019-10-03 10:00:00,Stalker,Drama,Andrei Tarkovsky,1979,162,0,6.50
PRO001560,2019-10-04 10:00:00,Stalker,Drama,Andrei Tarkovsky,1979,162,0,7.00
PRO001561,2019-10-05 10:30:00,La planète sauvage,Animation,René Laloux,1973,72,0,6.50
PRO001562,2019-10-05 12:30:00,Magnolia,Drama,Paul Thomas Anderson,1999,188,16,7.00
PRO001563,2019-10-05 16:30:00,Clerks,Comedy,Kevin Smith,1994,92,16,7.00
PRO001564,2019-10-06 10:30:00,La planète sauvage,Animation,René Laloux,1973,72,0,7.00
PRO001565,2019-10-06 12:30:00,The Circus,Comedy,Charles Chaplin,1928,72,12,8.50
PRO001566,2019-10-06 14:30:00,Magnolia,Drama,Paul Thomas Anderson,1999,188,16,6.50
PRO001567,2019-10-07 10:00:00,Donnie Brasco,Biography,Mike Newell,1997,127,12,8.00
PRO001568,2019-10-08 10:30:00,La double vie de Véronique,Drama,Krzysztof Kieslowski,1991,98,16,8.00
PRO001569,2019-10-08 13:00:00,La double vie de Véronique,Drama,Krzysztof Kieslowski,1991,98,16,7.50
PRO001570,2019-10-08 15:30:00,Casino,Crime,Martin Scorsese,1995,178,12,6.50
PRO001571,2019-10-09 10:30:00,Ben-Hur,Adventure,William Wyler,1959,212,0,8.00
PRO001572,2019-10-09 15:00:00,On the Waterfront,Crime,Elia Kazan,1954,108,12,8.00
PRO001573,2019-10-10 10:30:00,Inherit the Wind,Biography,Stanley Kramer,1960,128,12,6.50
PRO001574,2019-10-10 13:30:00,Clerks,Comedy,Kevin Smith,1994,92,16,8.50
PRO001575,2019-10-11 10:30:00,The Ladykillers,Comedy,Alexander Mackendrick,1955,91,12,6.50
PRO001576,2019-10-11 13:00:00,First Blood,Action,Ted Kotcheff,1982,93,12,6.50
PRO001577,2019-10-11 15:30:00,First Blood,Action,Ted Kotcheff,1982,93,12,7.00
PRO001578,2019-10-12 10:00:00,The Ladykillers,Comedy,Alexander Mackendrick,1955,91,12,8.00
PRO001579,2019-10-12 12:30:00,First Blood,Action,Ted Kotcheff,1982,93,12,6.50
PRO001580,2019-10-12 15:00:00,The Circus,Comedy,Charles Chaplin,1928,72,12,8.50
PRO001581,2019-10-12 17:00:00,The Fifth Element,Action,Luc Besson,1997,126,12,7.50
PRO001582,2019-10-13 10:30:00,The Manchurian Candidate,Drama,John Frankenheimer,1962,126,12,7.50
PRO001583,2019-10-13 13:30:00,First Blood,Action,Ted Kotcheff,1982,93,12,6.50
PRO001584,2019-10-13 16:00:00,La planète sauvage,Animation,René Laloux,1973,72,0,7.50
PRO001585,2019-10-14 10:00:00,Magnolia,Drama,Paul Thomas Anderson,1999,188,16,8.00
PRO001586,2019-10-14 14:00:00,Casino,Crime,Martin Scorsese,1995,178,12,6.50
PRO001587,2019-10-15 10:30:00,La planète sauvage,Animation,René Laloux,1973,72,0,7.00
PRO001588,2019-10-15 12:30:00,The Manchurian Candidate,Drama,John Frankenheimer,1962,126,12,8.50
PRO001589,2019-10-15 15:30:00,Casino,Crime,Martin Scorsese,1995,178,12,8.00
PRO001590,2019-10-16 10:30:00,Il conformista,Drama,Bernardo Bertolucci,1970,113,12,7.50
PRO001591,2019-10-16 13:00:00,Ben-Hur,Adventure,William Wyler,1959,212,0,7.50
PRO001592,2019-10-17 10:00:00,Bound by Honor,Crime,Taylor Hackford,1993,180,16,6.50
PRO001593,2019-10-17 14:00:00,La planète sauvage,Animation,René Laloux,1973,72,0,8.50
PRO001594,2019-10-18 10:00:00,Il conformista,Drama,Bernardo Bertolucci,1970,113,12,7.00
PRO001595,2019-10-19 10:00:00,Naked,Comedy,Mike Leigh,1993,132,12,7.50
PRO001596,2019-10-19 13:00:00,Before Sunrise,Drama,Richard Linklater,1995,101,16,8.00
PRO001597,2019-10-19 15:30:00,Eskiya,Crime,Yavuz Turgul,1996,128,12,8.00
PRO001598,2019-10-19 18:30:00,The Thin Man,Comedy,W.S. Van Dyke,1934,91,12,9.00
PRO001599,2019-10-20 10:00:00,Eskiya,Crime,Yavuz Turgul,1996,128,12,6.50
PRO001600,2019-10-20 13:00:00,The Thin Man,Comedy,W.S. Van Dyke,1934,91,12,7.50
PRO001601,2019-10-20 15:30:00,The Game,Action,David Fincher,1997,129,12,7.50
PRO001602,2019-10-20 18:30:00,Ben-Hur,Adventure,William Wyler,1959,212,0,8.50
PRO001603,2019-10-21 10:30:00,Before Sunrise,Drama,Richard Linklater,1995,101,16,7.00
PRO001604,2019-10-21 13:00:00,Inherit the Wind,Biography,Stanley Kramer,1960,128,12,6.50
PRO001605,2019-10-22 10:00:00,First Blood,Action,Ted Kotcheff,1982,93,12,7.00
PRO001606,2019-10-22 12:30:00,First Blood,Action,Ted Kotcheff,1982,93,12,8.00
PRO001607,2019-10-23 10:30:00,Il conformista,Drama,Bernardo Bertolucci,1970,113,12,6.50
PRO001608,2019-10-23 13:00:00,Casino,Crime,Martin Scorsese,1995,178,12,7.00
PRO001609,2019-10-24 10:00:00,Bound by Honor,Crime,Taylor Hackford,1993,180,16,7.00
PRO001610,2019-10-25 10:00:00,Ben-Hur,Adventure,William Wyler,1959,212,0,8.00
PRO001611,2019-10-26 10:30:00,Casino,Crime,Martin Scorsese,1995,178,12,8.50
PRO001612,2019-10-26 14:30:00,Eskiya,Crime,Yavuz Turgul,1996,128,12,8.00
PRO001613,2019-10-26 17:30:00,Ben-Hur,Adventure,William Wyler,1959,212,0,7.50
PRO001614,2019-10-26 22:00:00,The Thin Man,Comedy,W.S. Van Dyke,1934,91,12,9.00
PRO001615,2019-10-27 10:00:00,La double vie de Véronique,Drama,Krzysztof Kieslowski,1991,98,16,7.50
PRO001616,2019-10-27 12:30:00,Eskiya,Crime,Yavuz Turgul,1996,128,12,7.00
PRO001617,2019-10-27 15:30:00,Magnolia,Drama,Paul Thomas Anderson,1999,188,16,8.50
PRO001618,2019-10-28 10:30:00,Naked,Comedy,Mike Leigh,1993,132,12,7.00
PRO001619,2019-10-28 13:30:00,The Thin Man,Comedy,W.S. Van Dyke,1934,91,12,7.00
PRO001620,2019-10-29 10:00:00,Chung Hing sam lam,Comedy,Kar-Wai Wong,1994,102,0,7.50
PRO001621,2019-10-30 10:00:00,Sound of Metal,Drama,Darius Marder,2019,120,16,6.50
PRO001622,2019-10-30 13:00:00,Naked,Comedy,Mike Leigh,1993,132,12,7.00
PRO001623,2019-10-30 16:00:00,Manbiki kazoku,Crime,Hirokazu Koreeda,2018,121,12,6.50
PRO001624,2019-10-31 10:30:00,Il conformista,Drama,Bernardo Bertolucci,1970,113,12,7.50
PRO001625,2019-10-31 13:30:00,La double vie de Véronique,Drama,Krzysztof Kieslowski,1991,98,16,8.00
PRO001626,2019-10-31 16:00:00,Bound by Honor,Crime,Taylor Hackford,1993,180,16,6.50
PRO001627,2019-11-01 10:00:00,Before Sunrise,Drama,Richard Linklater,1995,101,16,8.50
PRO001628,2019-11-02 10:30:00,Before Sunrise,Drama,Richard Linklater,1995,101,16,8.50
PRO001629,2019-11-02 13:00:00,Ben-Hur,Adventure,William Wyler,1959,212,0,8.50
PRO001630,2019-11-02 17:30:00,Sound of Metal,Drama,Darius Marder,2019,120,16,6.50
PRO001631,2019-11-02 20:30:00,Casino,Crime,Martin Scorsese,1995,178,12,9.50
PRO001632,2019-11-03 10:00:00,Ben-Hur,Adventure,William Wyler,1959,212,0,6.50
PRO001633,2019-11-03 14:30:00,Sweet Smell of Success,Drama,Alexander Mackendrick,1957,96,12,8.50
PRO001634,2019-11-03 17:00:00,First Blood,Action,Ted Kotcheff,1982,93,12,6.50
PRO001635,2019-11-03 19:30:00,To Be or Not to Be,Comedy,Ernst Lubitsch,1942,99,12,10.00
PRO001636,2019-11-04 10:30:00,Chung Hing sam lam,Comedy,Kar-Wai Wong,1994,102,0,6.50
PRO001637,2019-11-05 10:00:00,On the Waterfront,Crime,Elia Kazan,1954,108,12,7.50
PRO001638,2019-11-05 13:00:00,First Blood,Action,Ted Kotcheff,1982,93,12,8.00
PRO001639,2019-11-06 10:30:00,Anand,Drama,Hrishikesh Mukherjee,1971,122,0,8.50
PRO001640,2019-11-06 13:30:00,Naked,Comedy,Mike Leigh,1993,132,12,7.50
PRO001641,2019-11-07 10:00:00,Butch Cassidy and the Sundance Kid,Biography,George Roy Hill,1969,110,6,7.50
PRO001642,2019-11-08 10:30:00,The Game,Action,David Fincher,1997,129,12,7.00
PRO001643,2019-11-09 10:00:00,Ben-Hur,Adventure,William Wyler,1959,212,0,7.00
PRO001644,2019-11-09 14:30:00,Sound of Metal,Drama,Darius Marder,2019,120,16,7.50
PRO001645,2019-11-09 17:00:00,La double vie de Véronique,Drama,Krzysztof Kieslowski,1991,98,16,7.50
PRO001646,2019-11-09 19:30:00,Butch Cassidy and the Sundance Kid,Biography,George Roy Hill,1969,110,6,8.50
PRO001647,2019-11-10 10:30:00,Casino,Crime,Martin Scorsese,1995,178,12,8.00
PRO001648,2019-11-10 14:30:00,La double vie de Véronique,Drama,Krzysztof Kieslowski,1991,98,16,7.50
PRO001649,2019-11-10 17:00:00,A Night at the Opera,Comedy,Sam Wood,1935,96,12,6.50
PRO001650,2019-11-11 10:30:00,Before Sunrise,Drama,Richard Linklater,1995,101,16,6.50
PRO001651,2019-11-12 10:30:00,Anand,Drama,Hrishikesh Mukherjee,1971,122,0,8.00
PRO001652,2019-11-13 10:30:00,Butch Cassidy and the Sundance Kid,Biography,George Roy Hill,1969,110,6,7.50
PRO001653,2019-11-13 13:00:00,The Princess Bride,Adventure,Rob Reiner,1987,98,0,6.50
PRO001654,2019-11-14 10:00:00,City Lights,Comedy,Charles Chaplin,1931,87,0,8.00
PRO001655,2019-11-14 12:30:00,Avengers: Infinity War,Action,Anthony Russo,2018,149,12,8.00
PRO001656,2019-11-14 16:00:00,Sound of Metal,Drama,Darius Marder,2019,120,16,8.50
PRO001657,2019-11-15 10:00:00,Before Sunrise,Drama,Richard Linklater,1995,101,16,8.50
PRO001658,2019-11-15 12:30:00,Breaking the Waves,Drama,Lars von Trier,1996,159,16,8.00
PRO001659,2019-11-15 16:00:00,La passion de Jeanne d'Arc,Biography,Carl Theodor Dreyer,1928,110,12,8.50
PRO001660,2019-11-16 10:00:00,Breaking the Waves,Drama,Lars von Trier,1996,159,16,6.50
PRO001661,2019-11-16 13:30:00,The Thin Man,Comedy,W.S. Van Dyke,1934,91,12,7.00
PRO001662,2019-11-16 16:00:00,Fight Club,Drama,David Fincher,1999,139,12,6.50
PRO001663,2019-11-17 10:30:00,On the Waterfront,Crime,Elia Kazan,1954,108,12,8.00
PRO001664,2019-11-17 13:00:00,Il conformista,Drama,Bernardo Bertolucci,1970,113,12,7.00
PRO001665,2019-11-17 15:30:00,Batman: Mask of the Phantasm,Animation,Kevin Altieri,1993,76,6,8.50
PRO001666,2019-11-17 17:30:00,Naked,Comedy,Mike Leigh,1993,132,12,7.00
PRO001667,2019-11-18 10:30:00,The Princess Bride,Adventure,Rob Reiner,1987,98,0,7.00
PRO001668,2019-11-18 13:00:00,Kumonosu-jô,Drama,Akira Kurosawa,1957,110,12,6.50
PRO001669,2019-11-19 10:00:00,The Thin Man,Comedy,W.S. Van Dyke,1934,91,12,7.00
PRO001670,2019-11-20 10:30:00,Fight Club,Drama,David Fincher,1999,139,12,7.50
PRO001671,2019-11-20 13:30:00,Sweet Smell of Success,Drama,Alexander Mackendrick,1957,96,12,7.50
PRO001672,2019-11-21 10:30:00,La passion de Jeanne d'Arc,Biography,Carl Theodor Dreyer,1928,110,12,8.00
PRO001673,2019-11-22 10:30:00,Fight Club,Drama,David Fincher,1999,139,12,6.50
PRO001674,2019-11-22 13:30:00,Kumonosu-jô,Drama,Akira Kurosawa,1957,110,12,7.50
PRO001675,2019-11-22 16:00:00,The Nightmare Before Christmas,Animation,Henry Selick,1993,76,0,8.00
PRO001676,2019-11-23 10:00:00,Mary Poppins,Comedy,Robert Stevenson,1964,139,0,6.50
PRO001677,2019-11-23 13:00:00,The Boondock Saints,Action,Troy Duffy,1999,108,16,6.50
PRO001678,2019-11-23 16:00:00,La passion de Jeanne d'Arc,Biography,Carl Theodor Dreyer,1928,110,12,7.00
PRO001679,2019-11-23 18:30:00,Ben-Hur,Adventure,William Wyler,1959,212,0,9.50
PRO001680,2019-11-24 10:00:00,The Princess Bride,Adventure,Rob Reiner,1987,98,0,7.00
PRO001681,2019-11-24 12:30:00,The Princess Bride,Adventure,Rob Reiner,1987,98,0,7.00
PRO001682,2019-11-24 15:00:00,Gattaca,Drama,Andrew Niccol,1997,106,12,7.00
PRO001683,2019-11-25 10:00:00,Avengers: Infinity War,Action,Anthony Russo,2018,149,12,7.00
PRO001684,2019-11-25 13:30:00,Sweet Smell of Success,Drama,Alexander Mackendrick,1957,96,12,6.50
PRO001685,2019-11-25 16:00:00,Bonnie and Clyde,Action,Arthur Penn,1967,111,12,8.00
PRO001686,2019-11-26 10:00:00,Gattaca,Drama,Andrew Niccol,1997,106,12,7.50
PRO001687,2019-11-27 10:30:00,Breaking the Waves,Drama,Lars von Trier,1996,159,16,7.50
PRO001688,2019-11-27 14:00:00,Mary Poppins,Comedy,Robert Stevenson,1964,139,0,7.50
PRO001689,2019-11-28 10:30:00,Fight Club,Drama,David Fincher,1999,139,12,6.50
PRO001690,2019-11-28 13:30:00,Home Alone,Comedy,Chris Columbus,1990,103,0,7.00
PRO001691,2019-11-28 16:00:00,The Nightmare Before Christmas,Animation,Henry Selick,1993,76,0,7.50
PRO001692,2019-11-29 10:30:00,Breaking the Waves,Drama,Lars von Trier,1996,159,16,7.50
PRO001693,2019-11-29 14:00:00,Mary Poppins,Comedy,Robert Stevenson,1964,139,0,7.50
PRO001694,2019-11-29 17:30:00,The Nightmare Before Christmas,Animation,Henry Selick,1993,76,0,7.50
PRO001695,2019-11-30 10:00:00,Tombstone,Action,George P. Cosmatos,1993,130,16,7.00
PRO001696,2019-11-30 13:00:00,The Ladykillers,Comedy,Alexander Mackendrick,1955,91,12,8.00
PRO001697,2019-11-30 15:30:00,A Night at the Opera,Comedy,Sam Wood,1935,96,12,6.50
PRO001698,2019-11-30 18:00:00,Tombstone,Action,George P. Cosmatos,1993,130,16,9.00
PRO001699,2019-12-01 10:30:00,La passion de Jeanne d'Arc,Biography,Carl Theodor Dreyer,1928,110,12,6.50
PRO001700,2019-12-01 13:00:00,La passion de Jeanne d'Arc,Biography,Carl Theodor Dreyer,1928,110,12,6.50
PRO001701,2019-12-01 15:30:00,Trois couleurs: Rouge,Drama,Krzysztof Kieslowski,1994,99,0,7.00
PRO001702,2019-12-02 10:30:00,Fight Club,Drama,David Fincher,1999,139,12,7.00
PRO001703,2019-12-03 10:00:00,The Sixth Sense,Drama,M. Night Shyamalan,1999,107,12,7.00
PRO001704,2019-12-03 13:00:00,Gattaca,Drama,Andrew Niccol,1997,106,12,8.50
PRO001705,2019-12-03 15:30:00,Gattaca,Drama,Andrew Niccol,1997,106,12,7.50
PRO001706,2019-12-04 10:00:00,Home Alone,Comedy,Chris Columbus,1990,103,0,8.00
PRO001707,2019-12-04 12:30:00,Avengers: Infinity War,Action,Anthony Russo,2018,149,12,7.00
PRO001708,2019-12-04 16:00:00,The Longest Day,Action,Ken Annakin,1962,178,0,8.00
PRO001709,2019-12-05 10:30:00,American History X,Drama,Tony Kaye,1998,119,16,6.50
PRO001710,2019-12-05 13:30:00,The Sixth Sense,Drama,M. Night Shyamalan,1999,107,12,7.50
PRO001711,2019-12-06 10:30:00,Bonnie and Clyde,Action,Arthur Penn,1967,111,12,8.00
PRO001712,2019-12-07 10:00:00,The Message,Biography,Moustapha Akkad,1976,177,6,7.50
PRO001713,2019-12-07 13:30:00,The Nightmare Before Christmas,Animation,Henry Selick,1993,76,0,7.50
PRO001714,2019-12-07 15:30:00,The Outlaw Josey Wales,Western,Clint Eastwood,1976,135,12,8.50
PRO001715,2019-12-07 18:30:00,Gattaca,Drama,Andrew Niccol,1997,106,12,9.50
PRO001716,2019-12-08 10:30:00,Trois couleurs: Rouge,Drama,Krzysztof Kieslowski,1994,99,0,7.00
PRO001717,2019-12-08 13:00:00,Anand,Drama,Hrishikesh Mukherjee,1971,122,0,8.00
PRO001718,2019-12-08 16:00:00,La passion de Jeanne d'Arc,Biography,Carl Theodor Dreyer,1928,110,12,8.50
PRO001719,2019-12-09 10:00:00,Anand,Drama,Hrishikesh Mukherjee,1971,122,0,7.00
PRO001720,2019-12-09 13:00:00,Zulu,Drama,Cy Endfield,1964,138,0,7.00
PRO001721,2019-12-09 16:30:00,Breaking the Waves,Drama,Lars von Trier,1996,159,16,8.00
PRO001722,2019-12-10 10:30:00,Miller's Crossing,Crime,Joel Coen,1990,115,16,6.50
PRO001723,2019-12-11 10:30:00,Home Alone,Comedy,Chris Columbus,1990,103,0,8.00
PRO001724,2019-12-12 10:30:00,The Sixth Sense,Drama,M. Night Shyamalan,1999,107,12,8.00
PRO001725,2019-12-12 13:30:00,The Boondock Saints,Action,Troy Duffy,1999,108,16,8.50
PRO001726,2019-12-12 16:30:00,Trois couleurs: Rouge,Drama,Krzysztof Kieslowski,1994,99,0,6.50
PRO001727,2019-12-13 10:30:00,Fear and Loathing in Las Vegas,Adventure,Terry Gilliam,1998,118,16,7.50
PRO001728,2019-12-13 13:30:00,The Nightmare Before Christmas,Animation,Henry Selick,1993,76,0,6.50
PRO001729,2019-12-13 15:30:00,The Outlaw Josey Wales,Western,Clint Eastwood,1976,135,12,6.50
PRO001730,2019-12-14 10:00:00,Fear and Loathing in Las Vegas,Adventure,Terry Gilliam,1998,118,16,6.50
PRO001731,2019-12-14 13:00:00,Avengers: Infinity War,Action,Anthony Russo,2018,149,12,8.50
PRO001732,2019-12-14 16:30:00,Secrets & Lies,Comedy,Mike Leigh,1996,136,0,6.50
PRO001733,2019-12-14 19:30:00,Zulu,Drama,Cy Endfield,1964,138,0,9.00
PRO001734,2019-12-15 10:00:00,American History X,Drama,Tony Kaye,1998,119,16,7.00
PRO001735,2019-12-15 13:00:00,Avengers: Infinity War,Action,Anthony Russo,2018,149,12,6.50
PRO001736,2019-12-15 16:30:00,The Longest Day,Action,Ken Annakin,1962,178,0,8.00
PRO001737,2019-12-16 10:00:00,A Few Good Men,Drama,Rob Reiner,1992,138,0,8.50
PRO001738,2019-12-16 13:00:00,American History X,Drama,Tony Kaye,1998,119,16,7.00
PRO001739,2019-12-16 16:00:00,Breaking the Waves,Drama,Lars von Trier,1996,159,16,7.50
PRO001740,2019-12-17 10:30:00,The Magnificent Seven,Action,John Sturges,1960,128,12,7.50
PRO001741,2019-12-17 13:30:00,Secrets & Lies,Comedy,Mike Leigh,1996,136,0,8.50
PRO001742,2019-12-18 10:30:00,Green Book,Biography,Peter Farrelly,2018,130,12,7.50
PRO001743,2019-12-18 13:30:00,Mad Max 2,Action,George Miller,1981,96,12,7.00
PRO001744,2019-12-19 10:00:00,Tombstone,Action,George P. Cosmatos,1993,130,16,7.00
PRO001745,2019-12-19 13:00:00,The Princess Bride,Adventure,Rob Reiner,1987,98,0,7.50
PRO001746,2019-12-20 10:00:00,The Longest Day,Action,Ken Annakin,1962,178,0,7.50
PRO001747,2019-12-21 10:00:00,Bringing Up Baby,Comedy,Howard Hawks,1938,102,12,8.50
PRO001748,2019-12-21 12:30:00,Casino,Crime,Martin Scorsese,1995,178,12,8.50
PRO001749,2019-12-21 16:30:00,Casino,Crime,Martin Scorsese,1995,178,12,8.50
PRO001750,2019-12-21 20:30:00,Home Alone,Comedy,Chris Columbus,1990,103,0,9.50
PRO001751,2019-12-22 10:30:00,Secrets & Lies,Comedy,Mike Leigh,1996,136,0,7.50
PRO001752,2019-12-22 14:00:00,Secrets & Lies,Comedy,Mike Leigh,1996,136,0,7.00
PRO001753,2019-12-22 17:30:00,Tombstone,Action,George P. Cosmatos,1993,130,16,7.00
PRO001754,2019-12-22 20:30:00,Green Book,Biography,Peter Farrelly,2018,130,12,9.50
PRO001755,2019-12-23 10:30:00,The Longest Day,Action,Ken Annakin,1962,178,0,8.00
PRO001756,2019-12-24 10:00:00,Green Book,Biography,Peter Farrelly,2018,130,12,7.50
PRO001757,2019-12-24 13:00:00,Lola rennt,Crime,Tom Tykwer,1998,81,12,8.00
PRO001758,2019-12-24 15:00:00,The Sixth Sense,Drama,M. Night Shyamalan,1999,107,12,8.00
PRO001759,2019-12-25 10:00:00,Green Book,Biography,Peter Farrelly,2018,130,12,7.00
PRO001760,2019-12-26 10:00:00,Dom za vesanje,Comedy,Emir Kusturica,1988,142,16,7.50
PRO001761,2019-12-26 13:30:00,Tombstone,Action,George P. Cosmatos,1993,130,16,6.50
PRO001762,2019-12-27 10:00:00,Gattaca,Drama,Andrew Niccol,1997,106,12,8.50
PRO001763,2019-12-27 12:30:00,To Kill a Mockingbird,Crime,Robert Mulligan,1962,129,0,8.00
PRO001764,2019-12-28 10:30:00,Tombstone,Action,George P. Cosmatos,1993,130,16,7.50
PRO001765,2019-12-28 13:30:00,A Night at the Opera,Comedy,Sam Wood,1935,96,12,8.00
PRO001766,2019-12-28 16:00:00,A Few Good Men,Drama,Rob Reiner,1992,138,0,8.00
PRO001767,2019-12-28 19:00:00,Bonnie and Clyde,Action,Arthur Penn,1967,111,12,9.50
PRO001768,2019-12-29 10:00:00,Tombstone,Action,George P. Cosmatos,1993,130,16,8.50
PRO001769,2019-12-29 13:00:00,Zulu,Drama,Cy Endfield,1964,138,0,7.00
PRO001770,2019-12-29 16:00:00,Ran,Action,Akira Kurosawa,1985,162,0,6.50
PRO001771,2019-12-29 19:30:00,To Kill a Mockingbird,Crime,Robert Mulligan,1962,129,0,9.50
PRO001772,2019-12-30 10:30:00,A Few Good Men,Drama,Rob Reiner,1992,138,0,6.50
PRO001773,2019-12-30 13:30:00,Ran,Action,Akira Kurosawa,1985,162,0,8.50
PRO001774,2019-12-30 17:00:00,Bonnie and Clyde,Action,Arthur Penn,1967,111,12,6.50
PRO001775,2019-12-31 10:00:00,The Longest Day,Action,Ken Annakin,1962,178,0,8.50
PRO001776,2019-12-31 14:00:00,Lola rennt,Crime,Tom Tykwer,1998,81,12,6.50
PRO001777,2020-01-01 10:00:00,Zulu,Drama,Cy Endfield,1964,138,0,7.00
PRO001778,2020-01-01 13:30:00,To Kill a Mockingbird,Crime,Robert Mulligan,1962,129,0,6.50
PRO001779,2020-01-02 10:30:00,Gattaca,Drama,Andrew Niccol,1997,106,12,7.00
PRO001780,2020-01-02 13:00:00,American History X,Drama,Tony Kaye,1998,119,16,8.00
PRO001781,2020-01-03 10:30:00,Ran,Action,Akira Kurosawa,1985,162,0,7.50
PRO001782,2020-01-04 10:30:00,The Outlaw Josey Wales,Western,Clint Eastwood,1976,135,12,8.00
PRO001783,2020-01-04 13:30:00,Lola rennt,Crime,Tom Tykwer,1998,81,12,8.50
PRO001784,2020-01-04 16:00:00,Lola rennt,Crime,Tom Tykwer,1998,81,12,6.50
PRO001785,2020-01-05 10:00:00,Ran,Action,Akira Kurosawa,1985,162,0,8.50
PRO001786,2020-01-05 13:30:00,Ran,Action,Akira Kurosawa,1985,162,0,7.50
PRO001787,2020-01-05 17:00:00,Withnail & I,Comedy,Bruce Robinson,1987,107,16,8.50
PRO001788,2020-01-05 20:00:00,Bringing Up Baby,Comedy,Howard Hawks,1938,102,12,10.00
PRO001789,2020-01-06 10:30:00,Home Alone,Comedy,Chris Columbus,1990,103,0,8.00
PRO001790,2020-01-06 13:00:00,Avengers: Infinity War,Action,Anthony Russo,2018,149,12,8.00
PRO001791,2020-01-07 10:30:00,Avengers: Infinity War,Action,Anthony Russo,2018,149,12,7.50
PRO001792,2020-01-07 13:30:00,A Few Good Men,Drama,Rob Reiner,1992,138,0,8.00
PRO001793,2020-01-07 16:30:00,To Kill a Mockingbird,Crime,Robert Mulligan,1962,129,0,7.00
PRO001794,2020-01-08 10:30:00,Frankenstein,Drama,James Whale,1931,70,12,8.50
PRO001795,2020-01-08 12:30:00,Cat on a Hot Tin Roof,Drama,Richard Brooks,1958,108,12,6.50
PRO001796,2020-01-09 10:30:00,Ford v Ferrari,Action,James Mangold,2019,152,12,7.00
PRO001797,2020-01-09 14:00:00,Mad Max 2,Action,George Miller,1981,96,12,6.50
PRO001798,2020-01-09 16:30:00,Casino,Crime,Martin Scorsese,1995,178,12,7.50
PRO001799,2020-01-10 10:00:00,Casino,Crime,Martin Scorsese,1995,178,12,8.50
PRO001800,2020-01-10 14:00:00,Bringing Up Baby,Comedy,Howard Hawks,1938,102,12,7.50
PRO001801,2020-01-11 10:30:00,Zulu,Drama,Cy Endfield,1964,138,0,8.00
PRO001802,2020-01-11 14:00:00,Mad Max 2,Action,George Miller,1981,96,12,6.50
PRO001803,2020-01-11 16:30:00,October Sky,Biography,Joe Johnston,1999,108,6,6.50
PRO001804,2020-01-11 19:30:00,Mary Poppins,Comedy,Robert Stevenson,1964,139,0,9.50
PRO001805,2020-01-12 10:30:00,Ran,Action,Akira Kurosawa,1985,162,0,7.50
PRO001806,2020-01-12 14:00:00,Ford v Ferrari,Action,James Mangold,2019,152,12,8.50
PRO001807,2020-01-12 17:30:00,The Nightmare Before Christmas,Animation,Henry Selick,1993,76,0,8.00
PRO001808,2020-01-13 10:30:00,The Longest Day,Action,Ken Annakin,1962,178,0,6.50
PRO001809,2020-01-13 14:30:00,"Lock, Stock and Two Smoking Barrels",Action,Guy Ritchie,1998,107,12,8.00
PRO001810,2020-01-13 17:00:00,Secrets & Lies,Comedy,Mike Leigh,1996,136,0,8.50
PRO001811,2020-01-14 10:30:00,Mad Max 2,Action,George Miller,1981,96,12,7.00
PRO001812,2020-01-14 13:00:00,Home Alone,Comedy,Chris Columbus,1990,103,0,8.00
PRO001813,2020-01-15 10:00:00,The Longest Day,Action,Ken Annakin,1962,178,0,6.50
PRO001814,2020-01-15 14:00:00,Bonnie and Clyde,Action,Arthur Penn,1967,111,12,8.50
PRO001815,2020-01-15 17:00:00,The Longest Day,Action,Ken Annakin,1962,178,0,8.50
PRO001816,2020-01-16 10:00:00,Avengers: Infinity War,Action,Anthony Russo,2018,149,12,8.50
PRO001817,2020-01-17 10:00:00,Secrets & Lies,Comedy,Mike Leigh,1996,136,0,8.50
PRO001818,2020-01-18 10:30:00,Mary Poppins,Comedy,Robert Stevenson,1964,139,0,6.50
PRO001819,2020-01-18 13:30:00,The Matrix,Action,Lana Wachowski,1999,136,12,6.50
PRO001820,2020-01-18 16:30:00,Ford v Ferrari,Action,James Mangold,2019,152,12,6.50
PRO001821,2020-01-18 20:00:00,The Matrix,Action,Lana Wachowski,1999,136,12,8.50
PRO001822,2020-01-19 10:00:00,Zulu,Drama,Cy Endfield,1964,138,0,8.00
PRO001823,2020-01-19 13:00:00,Green Book,Biography,Peter Farrelly,2018,130,12,8.00
PRO001824,2020-01-19 16:00:00,To Kill a Mockingbird,Crime,Robert Mulligan,1962,129,0,7.00
PRO001825,2020-01-20 10:00:00,A Few Good Men,Drama,Rob Reiner,1992,138,0,7.50
PRO001826,2020-01-21 10:00:00,"Lock, Stock and Two Smoking Barrels",Action,Guy Ritchie,1998,107,12,6.50
PRO001827,2020-01-21 12:30:00,The Little Mermaid,Animation,Ron Clements,1989,83,0,6.50
PRO001828,2020-01-21 14:30:00,The Little Mermaid,Animation,Ron Clements,1989,83,0,7.50
PRO001829,2020-01-22 10:00:00,Mad Max 2,Action,George Miller,1981,96,12,8.50
PRO001830,2020-01-23 10:00:00,Casino,Crime,Martin Scorsese,1995,178,12,8.50
PRO001831,2020-01-23 14:00:00,Lawrence of Arabia,Adventure,David Lean,1962,228,0,8.50
PRO001832,2020-01-23 18:30:00,Bonnie and Clyde,Action,Arthur Penn,1967,111,12,9.00
PRO001833,2020-01-24 10:00:00,Bonnie and Clyde,Action,Arthur Penn,1967,111,12,8.00
PRO001834,2020-01-25 10:00:00,Dom za vesanje,Comedy,Emir Kusturica,1988,142,16,7.00
PRO001835,2020-01-25 13:30:00,Kurenai no buta,Animation,Hayao Miyazaki,1992,94,0,8.50
PRO001836,2020-01-25 16:00:00,The Matrix,Action,Lana Wachowski,1999,136,12,7.00
PRO001837,2020-01-26 10:00:00,The Matrix,Action,Lana Wachowski,1999,136,12,8.00
PRO001838,2020-01-26 13:00:00,Ran,Action,Akira Kurosawa,1985,162,0,7.00
PRO001839,2020-01-26 16:30:00,Ford v Ferrari,Action,James Mangold,2019,152,12,8.00
PRO001840,2020-01-27 10:00:00,The Little Mermaid,Animation,Ron Clements,1989,83,0,6.50
PRO001841,2020-01-28 10:00:00,The Matrix,Action,Lana Wachowski,1999,136,12,8.00
PRO001842,2020-01-28 13:00:00,Frankenstein,Drama,James Whale,1931,70,12,7.50
PRO001843,2020-01-28 15:00:00,Green Book,Biography,Peter Farrelly,2018,130,12,6.50
PRO001844,2020-01-29 10:00:00,Vivre sa vie: Film en douze tableaux,Drama,Jean-Luc Godard,1962,80,12,7.00
PRO001845,2020-01-29 12:00:00,The Matrix,Action,Lana Wachowski,1999,136,12,6.50
PRO001846,2020-01-29 15:00:00,Ford v Ferrari,Action,James Mangold,2019,152,12,7.50
PRO001847,2020-01-30 10:00:00,Frankenstein,Drama,James Whale,1931,70,12,8.00
PRO001848,2020-01-30 12:00:00,Cat on a Hot Tin Roof,Drama,Richard Brooks,1958,108,12,8.00
PRO001849,2020-01-30 14:30:00,Les quatre cents coups,Crime,François Truffaut,1959,99,12,7.50
PRO001850,2020-01-31 10:00:00,Dom za vesanje,Comedy,Emir Kusturica,1988,142,16,6.50
PRO001851,2020-01-31 13:00:00,Bonnie and Clyde,Action,Arthur Penn,1967,111,12,7.50
PRO001852,2020-02-01 10:00:00,"Lock, Stock and Two Smoking Barrels",Action,Guy Ritchie,1998,107,12,7.50
PRO001853,2020-02-01 12:30:00,Bonnie and Clyde,Action,Arthur Penn,1967,111,12,8.00
PRO001854,2020-02-01 15:00:00,The Matrix,Action,Lana Wachowski,1999,136,12,6.50
PRO001855,2020-02-02 10:00:00,Bringing Up Baby,Comedy,Howard Hawks,1938,102,12,8.50
PRO001856,2020-02-02 12:30:00,Kurenai no buta,Animation,Hayao Miyazaki,1992,94,0,7.00
PRO001857,2020-02-02 15:00:00,Lawrence of Arabia,Adventure,David Lean,1962,228,0,7.00
PRO001858,2020-02-02 19:30:00,Il conformista,Drama,Bernardo Bertolucci,1970,113,12,9.50
PRO001859,2020-02-03 10:30:00,"Lock, Stock and Two Smoking Barrels",Action,Guy Ritchie,1998,107,12,8.50
PRO001860,2020-02-03 13:00:00,Lawrence of Arabia,Adventure,David Lean,1962,228,0,8.00
PRO001861,2020-02-03 17:30:00,The Matrix,Action,Lana Wachowski,1999,136,12,6.50
PRO001862,2020-02-04 10:00:00,"Lock, Stock and Two Smoking Barrels",Action,Guy Ritchie,1998,107,12,7.00
PRO001863,2020-02-05 10:00:00,La dolce vita,Comedy,Federico Fellini,1960,174,12,8.00
PRO001864,2020-02-05 13:30:00,A Clockwork Orange,Crime,Stanley Kubrick,1971,136,12,7.50
PRO001865,2020-02-06 10:00:00,Green Book,Biography,Peter Farrelly,2018,130,12,7.50
PRO001866,2020-02-06 13:00:00,Bonnie and Clyde,Action,Arthur Penn,1967,111,12,8.00
PRO001867,2020-02-07 10:30:00,A Clockwork Orange,Crime,Stanley Kubrick,1971,136,12,7.00
PRO001868,2020-02-07 13:30:00,Cat on a Hot Tin Roof,Drama,Richard Brooks,1958,108,12,8.00
PRO001869,2020-02-07 16:00:00,Frankenstein,Drama,James Whale,1931,70,12,8.00
PRO001870,2020-02-08 10:30:00,The Matrix,Action,Lana Wachowski,1999,136,12,6.50
PRO001871,2020-02-08 13:30:00,Once Upon a Time... in Hollywood,Comedy,Quentin Tarantino,2019,161,12,6.50
PRO001872,2020-02-08 17:00:00,Kurenai no buta,Animation,Hayao Miyazaki,1992,94,0,8.50
PRO001873,2020-02-09 10:30:00,"Lock, Stock and Two Smoking Barrels",Action,Guy Ritchie,1998,107,12,7.00
PRO001874,2020-02-09 13:00:00,Lawrence of Arabia,Adventure,David Lean,1962,228,0,7.00
PRO001875,2020-02-09 17:30:00,Kurenai no buta,Animation,Hayao Miyazaki,1992,94,0,8.50
PRO001876,2020-02-10 10:00:00,The Game,Action,David Fincher,1997,129,12,7.50
PRO001877,2020-02-10 13:00:00,Bringing Up Baby,Comedy,Howard Hawks,1938,102,12,7.00
PRO001878,2020-02-10 15:30:00,Lawrence of Arabia,Adventure,David Lean,1962,228,0,7.50
PRO001879,2020-02-11 10:30:00,Once Upon a Time... in Hollywood,Comedy,Quentin Tarantino,2019,161,12,7.00
PRO001880,2020-02-11 14:00:00,The Little Mermaid,Animation,Ron Clements,1989,83,0,6.50
PRO001881,2020-02-12 10:30:00,Badlands,Action,Terrence Malick,1973,94,6,8.00
PRO001882,2020-02-12 13:00:00,The Adventures of Robin Hood,Action,Michael Curtiz,1938,102,6,8.50
PRO001883,2020-02-12 15:30:00,Bonnie and Clyde,Action,Arthur Penn,1967,111,12,8.50
PRO001884,2020-02-13 10:30:00,Il conformista,Drama,Bernardo Bertolucci,1970,113,12,6.50
PRO001885,2020-02-14 10:00:00,Once Upon a Time... in Hollywood,Comedy,Quentin Tarantino,2019,161,12,6.50
PRO001886,2020-02-14 13:30:00,The Matrix,Action,Lana Wachowski,1999,136,12,7.50
PRO001887,2020-02-15 10:00:00,The Godfather: Part II,Crime,Francis Ford Coppola,1974,202,12,7.00
PRO001888,2020-02-15 14:30:00,La dolce vita,Comedy,Federico Fellini,1960,174,12,8.50
PRO001889,2020-02-15 18:00:00,Lost Highway,Mystery,David Lynch,1997,134,12,9.00
PRO001890,2020-02-16 10:30:00,Lost Highway,Mystery,David Lynch,1997,134,12,7.00
PRO001891,2020-02-16 13:30:00,A Clockwork Orange,Crime,Stanley Kubrick,1971,136,12,8.50
PRO001892,2020-02-16 16:30:00,Kurenai no buta,Animation,Hayao Miyazaki,1992,94,0,7.00
PRO001893,2020-02-17 10:30:00,Sweet Smell of Success,Drama,Alexander Mackendrick,1957,96,12,7.50
PRO001894,2020-02-17 13:00:00,A Bronx Tale,Crime,Robert De Niro,1993,121,16,8.00
PRO001895,2020-02-17 16:00:00,"Planes, Trains & Automobiles",Comedy,John Hughes,1987,93,0,7.00
PRO001896,2020-02-18 10:00:00,Il conformista,Drama,Bernardo Bertolucci,1970,113,12,7.50
PRO001897,2020-02-18 13:00:00,Les quatre cents coups,Crime,François Truffaut,1959,99,12,8.00
PRO001898,2020-02-19 10:30:00,The Godfather: Part II,Crime,Francis Ford Coppola,1974,202,12,8.00
PRO001899,2020-02-20 10:00:00,Kurenai no buta,Animation,Hayao Miyazaki,1992,94,0,7.00
PRO001900,2020-02-20 12:30:00,Lost Highway,Mystery,David Lynch,1997,134,12,6.50
PRO001901,2020-02-21 10:00:00,A Bronx Tale,Crime,Robert De Niro,1993,121,16,6.50
PRO001902,2020-02-21 13:00:00,Groundhog Day,Comedy,Harold Ramis,1993,101,0,6.50
PRO001903,2020-02-21 15:30:00,Les quatre cents coups,Crime,François Truffaut,1959,99,12,7.50
PRO001904,2020-02-22 10:00:00,White Heat,Action,Raoul Walsh,1949,114,12,8.00
PRO001905,2020-02-22 13:00:00,Braveheart,Biography,Mel Gibson,1995,178,12,8.00
PRO001906,2020-02-22 17:00:00,L.A. Confidential,Crime,Curtis Hanson,1997,138,12,6.50
PRO001907,2020-02-23 10:00:00,La vita è bella,Comedy,Roberto Benigni,1997,116,0,7.50
PRO001908,2020-02-23 12:30:00,Braveheart,Biography,Mel Gibson,1995,178,12,7.50
PRO001909,2020-02-23 16:30:00,Il conformista,Drama,Bernardo Bertolucci,1970,113,12,7.50
PRO001910,2020-02-24 10:00:00,Manbiki kazoku,Crime,Hirokazu Koreeda,2018,121,12,7.50
PRO001911,2020-02-25 10:30:00,Braveheart,Biography,Mel Gibson,1995,178,12,7.50
PRO001912,2020-02-25 14:30:00,Il conformista,Drama,Bernardo Bertolucci,1970,113,12,8.50
PRO001913,2020-02-26 10:30:00,La vita è bella,Comedy,Roberto Benigni,1997,116,0,7.50
PRO001914,2020-02-26 13:00:00,The Lion in Winter,Biography,Anthony Harvey,1968,134,6,7.50
PRO001915,2020-02-26 16:00:00,Les quatre cents coups,Crime,François Truffaut,1959,99,12,7.00
PRO001916,2020-02-27 10:30:00,Batoru rowaiaru,Action,Kinji Fukasaku,2000,114,12,6.50
PRO001917,2020-02-28 10:00:00,Bonnie and Clyde,Action,Arthur Penn,1967,111,12,7.00
PRO001918,2020-02-28 12:30:00,Groundhog Day,Comedy,Harold Ramis,1993,101,0,7.50
PRO001919,2020-02-28 15:00:00,La vita è bella,Comedy,Roberto Benigni,1997,116,0,8.00
PRO001920,2020-02-29 10:00:00,A Clockwork Orange,Crime,Stanley Kubrick,1971,136,12,8.00
PRO001921,2020-02-29 13:00:00,Kagemusha,Drama,Akira Kurosawa,1980,180,0,8.50
PRO001922,2020-02-29 17:00:00,Dancer in the Dark,Crime,Lars von Trier,2000,140,0,8.50
PRO001923,2020-02-29 20:00:00,Kagemusha,Drama,Akira Kurosawa,1980,180,0,9.00
PRO001924,2020-03-01 10:30:00,Sweet Smell of Success,Drama,Alexander Mackendrick,1957,96,12,7.50
PRO001925,2020-03-01 13:00:00,The Manchurian Candidate,Drama,John Frankenheimer,1962,126,12,6.50
PRO001926,2020-03-01 16:00:00,Once Upon a Time... in Hollywood,Comedy,Quentin Tarantino,2019,161,12,7.00
PRO001927,2020-03-01 19:30:00,A Bronx Tale,Crime,Robert De Niro,1993,121,16,10.00
PRO001928,2020-03-02 10:00:00,Crimes and Misdemeanors,Comedy,Woody Allen,1989,104,12,8.50
PRO001929,2020-03-02 12:30:00,Crimes and Misdemeanors,Comedy,Woody Allen,1989,104,12,8.00
PRO001930,2020-03-02 15:00:00,Sweet Smell of Success,Drama,Alexander Mackendrick,1957,96,12,8.00
PRO001931,2020-03-03 10:00:00,Vivre sa vie: Film en douze tableaux,Drama,Jean-Luc Godard,1962,80,12,7.00
PRO001932,2020-03-03 12:00:00,A Clockwork Orange,Crime,Stanley Kubrick,1971,136,12,7.50
PRO001933,2020-03-04 10:00:00,Mr. Smith Goes to Washington,Comedy,Frank Capra,1939,129,12,7.50
PRO001934,2020-03-04 13:00:00,JFK,Drama,Oliver Stone,1991,189,12,8.00
PRO001935,2020-03-05 10:30:00,Braveheart,Biography,Mel Gibson,1995,178,12,8.00
PRO001936,2020-03-06 10:00:00,La battaglia di Algeri,Drama,Gillo Pontecorvo,1966,121,12,6.50
PRO001937,2020-03-06 13:00:00,JFK,Drama,Oliver Stone,1991,189,12,7.00
PRO001938,2020-03-06 17:00:00,The Lion in Winter,Biography,Anthony Harvey,1968,134,6,7.50
PRO001939,2020-03-07 10:00:00,Batoru rowaiaru,Action,Kinji Fukasaku,2000,114,12,7.50
PRO001940,2020-03-07 13:00:00,Festen,Drama,Thomas Vinterberg,1998,105,16,7.00
PRO001941,2020-03-07 15:30:00,La battaglia di Algeri,Drama,Gillo Pontecorvo,1966,121,12,6.50
PRO001942,2020-03-08 10:30:00,L.A. Confidential,Crime,Curtis Hanson,1997,138,12,7.00
PRO001943,2020-03-08 13:30:00,JFK,Drama,Oliver Stone,1991,189,12,6.50
PRO001944,2020-03-08 17:30:00,Sweet Smell of Success,Drama,Alexander Mackendrick,1957,96,12,8.00
PRO001945,2020-03-08 20:00:00,La battaglia di Algeri,Drama,Gillo Pontecorvo,1966,121,12,8.50
PRO001946,2020-03-09 10:30:00,Kagemusha,Drama,Akira Kurosawa,1980,180,0,7.00
PRO001947,2020-03-09 14:30:00,The Shop Around the Corner,Comedy,Ernst Lubitsch,1940,99,12,8.50
PRO001948,2020-03-09 17:00:00,Manbiki kazoku,Crime,Hirokazu Koreeda,2018,121,12,6.50
PRO001949,2020-03-10 10:30:00,The Sixth Sense,Drama,M. Night Shyamalan,1999,107,12,7.00
PRO001950,2020-03-10 13:00:00,JFK,Drama,Oliver Stone,1991,189,12,6.50
PRO001951,2020-03-10 17:00:00,Mr. Smith Goes to Washington,Comedy,Frank Capra,1939,129,12,8.00
PRO001952,2020-03-11 10:30:00,Kurenai no buta,Animation,Hayao Miyazaki,1992,94,0,7.50
PRO001953,2020-03-11 13:00:00,Blade Runner,Action,Ridley Scott,1982,117,12,7.50
PRO001954,2020-03-11 16:00:00,L.A. Confidential,Crime,Curtis Hanson,1997,138,12,7.50
PRO001955,2020-03-12 10:30:00,Sweet Smell of Success,Drama,Alexander Mackendrick,1957,96,12,7.00
PRO001956,2020-03-12 13:00:00,JFK,Drama,Oliver Stone,1991,189,12,8.00
PRO001957,2020-03-12 17:00:00,La battaglia di Algeri,Drama,Gillo Pontecorvo,1966,121,12,6.50
PRO001958,2020-03-13 10:00:00,Batoru rowaiaru,Action,Kinji Fukasaku,2000,114,12,7.50
PRO001959,2020-03-13 13:00:00,Blade Runner,Action,Ridley Scott,1982,117,12,7.50
PRO001960,2020-03-14 10:30:00,Blade Runner,Action,Ridley Scott,1982,117,12,7.50
PRO001961,2020-03-14 13:30:00,Festen,Drama,Thomas Vinterberg,1998,105,16,7.50
PRO001962,2020-03-14 16:00:00,Sling Blade,Drama,Billy Bob Thornton,1996,135,16,8.00
PRO001963,2020-03-15 10:30:00,The Adventures of Robin Hood,Action,Michael Curtiz,1938,102,6,7.00
PRO001964,2020-03-15 13:00:00,La battaglia di Algeri,Drama,Gillo Pontecorvo,1966,121,12,6.50
PRO001965,2020-03-15 16:00:00,Festen,Drama,Thomas Vinterberg,1998,105,16,7.00
PRO001966,2020-03-15 18:30:00,Sweet Smell of Success,Drama,Alexander Mackendrick,1957,96,12,9.50
PRO001967,2020-03-16 10:00:00,White Heat,Action,Raoul Walsh,1949,114,12,8.00
PRO001968,2020-03-17 10:00:00,Groundhog Day,Comedy,Harold Ramis,1993,101,0,8.00
PRO001969,2020-03-17 12:30:00,Sling Blade,Drama,Billy Bob Thornton,1996,135,16,7.50
PRO001970,2020-03-17 15:30:00,The Shop Around the Corner,Comedy,Ernst Lubitsch,1940,99,12,7.00
PRO001971,2020-03-18 10:00:00,Sling Blade,Drama,Billy Bob Thornton,1996,135,16,7.00
PRO001972,2020-03-18 13:00:00,Festen,Drama,Thomas Vinterberg,1998,105,16,7.50
PRO001973,2020-03-18 15:30:00,Mr. Smith Goes to Washington,Comedy,Frank Capra,1939,129,12,7.50
PRO001974,2020-03-19 10:30:00,The Lion in Winter,Biography,Anthony Harvey,1968,134,6,7.50
PRO001975,2020-03-19 13:30:00,White Heat,Action,Raoul Walsh,1949,114,12,6.50
PRO001976,2020-03-20 10:30:00,A Bronx Tale,Crime,Robert De Niro,1993,121,16,8.00
PRO001977,2020-03-21 10:30:00,JFK,Drama,Oliver Stone,1991,189,12,8.00
PRO001978,2020-03-21 14:30:00,Sling Blade,Drama,Billy Bob Thornton,1996,135,16,8.00
PRO001979,2020-03-21 17:30:00,White Heat,Action,Raoul Walsh,1949,114,12,8.50
PRO001980,2020-03-21 20:00:00,Groundhog Day,Comedy,Harold Ramis,1993,101,0,10.00
PRO001981,2020-03-22 10:00:00,Sweet Smell of Success,Drama,Alexander Mackendrick,1957,96,12,8.00
PRO001982,2020-03-22 12:30:00,Blade Runner,Action,Ridley Scott,1982,117,12,7.00
PRO001983,2020-03-22 15:00:00,Glengarry Glen Ross,Crime,James Foley,1992,100,16,8.50
PRO001984,2020-03-23 10:30:00,Batoru rowaiaru,Action,Kinji Fukasaku,2000,114,12,8.50
PRO001985,2020-03-23 13:30:00,Mr. Smith Goes to Washington,Comedy,Frank Capra,1939,129,12,7.50
PRO001986,2020-03-24 10:00:00,Kagemusha,Drama,Akira Kurosawa,1980,180,0,6.50
PRO001987,2020-03-24 14:00:00,JFK,Drama,Oliver Stone,1991,189,12,8.00
PRO001988,2020-03-24 18:00:00,The Sixth Sense,Drama,M. Night Shyamalan,1999,107,12,10.00
PRO001989,2020-03-25 10:30:00,The Sixth Sense,Drama,M. Night Shyamalan,1999,107,12,8.50
PRO001990,2020-03-25 13:00:00,Stagecoach,Adventure,John Ford,1939,96,12,7.50
PRO001991,2020-03-25 15:30:00,Sling Blade,Drama,Billy Bob Thornton,1996,135,16,7.00
PRO001992,2020-03-26 10:30:00,The Shop Around the Corner,Comedy,Ernst Lubitsch,1940,99,12,8.50
PRO001993,2020-03-26 13:00:00,Toy Story,Animation,John Lasseter,1995,81,0,8.00
PRO001994,2020-03-27 10:00:00,White Heat,Action,Raoul Walsh,1949,114,12,7.00
PRO001995,2020-03-28 10:00:00,JFK,Drama,Oliver Stone,1991,189,12,8.00
PRO001996,2020-03-28 14:00:00,The Lion in Winter,Biography,Anthony Harvey,1968,134,6,8.00
PRO001997,2020-03-28 17:00:00,Blade Runner,Action,Ridley Scott,1982,117,12,7.00
PRO001998,2020-03-28 19:30:00,The Sixth Sense,Drama,M. Night Shyamalan,1999,107,12,9.50
PRO001999,2020-03-29 10:30:00,Blade Runner,Action,Ridley Scott,1982,117,12,8.50
PRO002000,2020-03-29 13:00:00,Crimes and Misdemeanors,Comedy,Woody Allen,1989,104,12,7.00
PRO002001,2020-03-29 15:30:00,Annie Hall,Comedy,Woody Allen,1977,93,12,8.00
PRO002002,2020-03-29 18:00:00,Festen,Drama,Thomas Vinterberg,1998,105,16,10.00
PRO002003,2020-03-30 10:30:00,La vita è bella,Comedy,Roberto Benigni,1997,116,0,7.00
PRO002004,2020-03-31 10:00:00,Sling Blade,Drama,Billy Bob Thornton,1996,135,16,6.50
PRO002005,2020-03-31 13:00:00,Freaks,Drama,Tod Browning,1932,64,12,8.00
PRO002006,2020-03-31 15:00:00,The Manchurian Candidate,Drama,John Frankenheimer,1962,126,12,6.50
PRO002007,2020-04-01 10:00:00,Stagecoach,Adventure,John Ford,1939,96,12,6.50
PRO002008,2020-04-02 10:30:00,The Lion in Winter,Biography,Anthony Harvey,1968,134,6,7.00
PRO002009,2020-04-02 13:30:00,Freaks,Drama,Tod Browning,1932,64,12,6.50
PRO002010,2020-04-03 10:00:00,The Man Who Shot Liberty Valance,Drama,John Ford,1962,123,12,8.00
PRO002011,2020-04-03 13:00:00,JFK,Drama,Oliver Stone,1991,189,12,8.00
PRO002012,2020-04-03 17:00:00,JFK,Drama,Oliver Stone,1991,189,12,6.50
PRO002013,2020-04-04 10:00:00,Double Indemnity,Crime,Billy Wilder,1944,107,12,7.50
PRO002014,2020-04-04 13:00:00,Solaris,Drama,Andrei Tarkovsky,1972,167,6,6.50
PRO002015,2020-04-04 16:30:00,White Heat,Action,Raoul Walsh,1949,114,12,7.50
PRO002016,2020-04-04 19:30:00,The Ten Commandments,Adventure,Cecil B. DeMille,1956,220,0,10.00
PRO002017,2020-04-05 10:30:00,The French Connection,Action,William Friedkin,1971,104,12,6.50
PRO002018,2020-04-05 13:00:00,Trois couleurs: Rouge,Drama,Krzysztof Kieslowski,1994,99,0,6.50
PRO002019,2020-04-05 15:30:00,Batoru rowaiaru,Action,Kinji Fukasaku,2000,114,12,7.00
PRO002020,2020-04-05 18:30:00,Home Alone,Comedy,Chris Columbus,1990,103,0,9.50
PRO002021,2020-04-06 10:00:00,Festen,Drama,Thomas Vinterberg,1998,105,16,8.50
PRO002022,2020-04-06 12:30:00,Annie Hall,Comedy,Woody Allen,1977,93,12,7.00
PRO002023,2020-04-07 10:00:00,Festen,Drama,Thomas Vinterberg,1998,105,16,8.50
PRO002024,2020-04-08 10:30:00,Mr. Smith Goes to Washington,Comedy,Frank Capra,1939,129,12,8.00
PRO002025,2020-04-09 10:00:00,Amarcord,Comedy,Federico Fellini,1973,123,16,7.00
PRO002026,2020-04-09 13:00:00,Metropolis,Drama,Fritz Lang,1927,153,12,8.50
PRO002027,2020-04-09 16:30:00,Double Indemnity,Crime,Billy Wilder,1944,107,12,7.00
PRO002028,2020-04-10 10:30:00,Amarcord,Comedy,Federico Fellini,1973,123,16,8.00
PRO002029,2020-04-10 13:30:00,Metropolis,Drama,Fritz Lang,1927,153,12,7.50
PRO002030,2020-04-10 17:00:00,Double Indemnity,Crime,Billy Wilder,1944,107,12,7.50
PRO002031,2020-04-11 10:30:00,Double Indemnity,Crime,Billy Wilder,1944,107,12,6.50
PRO002032,2020-04-11 13:00:00,Dead Man,Adventure,Jim Jarmusch,1995,121,16,7.50
PRO002033,2020-04-11 16:00:00,Annie Hall,Comedy,Woody Allen,1977,93,12,7.50
PRO002034,2020-04-12 10:00:00,Rupan sansei: Kariosutoro no shiro,Animation,Hayao Miyazaki,1979,100,0,7.00
PRO002035,2020-04-12 12:30:00,Batoru rowaiaru,Action,Kinji Fukasaku,2000,114,12,8.50
PRO002036,2020-04-12 15:30:00,The Man Who Shot Liberty Valance,Drama,John Ford,1962,123,12,6.50
PRO002037,2020-04-12 18:30:00,Blade Runner,Action,Ridley Scott,1982,117,12,8.50
PRO002038,2020-04-13 10:30:00,Manbiki kazoku,Crime,Hirokazu Koreeda,2018,121,12,8.50
PRO002039,2020-04-13 13:30:00,The French Connection,Action,William Friedkin,1971,104,12,7.50
PRO002040,2020-04-14 10:00:00,Kagemusha,Drama,Akira Kurosawa,1980,180,0,8.50
PRO002041,2020-04-15 10:30:00,The Ten Commandments,Adventure,Cecil B. DeMille,1956,220,0,7.00
PRO002042,2020-04-15 15:00:00,Crimes and Misdemeanors,Comedy,Woody Allen,1989,104,12,8.50
PRO002043,2020-04-15 17:30:00,Dead Man,Adventure,Jim Jarmusch,1995,121,16,8.50
PRO002044,2020-04-16 10:30:00,Dead Man,Adventure,Jim Jarmusch,1995,121,16,8.50
PRO002045,2020-04-16 13:30:00,The Manchurian Candidate,Drama,John Frankenheimer,1962,126,12,6.50
PRO002046,2020-04-17 10:30:00,Blade Runner,Action,Ridley Scott,1982,117,12,7.50
PRO002047,2020-04-18 10:00:00,The Manchurian Candidate,Drama,John Frankenheimer,1962,126,12,8.50
PRO002048,2020-04-18 13:00:00,Home Alone,Comedy,Chris Columbus,1990,103,0,6.50
PRO002049,2020-04-18 15:30:00,Freaks,Drama,Tod Browning,1932,64,12,8.50
PRO002050,2020-04-18 17:30:00,Double Indemnity,Crime,Billy Wilder,1944,107,12,7.00
PRO002051,2020-04-19 10:00:00,The French Connection,Action,William Friedkin,1971,104,12,7.00
PRO002052,2020-04-19 12:30:00,Double Indemnity,Crime,Billy Wilder,1944,107,12,8.50
PRO002053,2020-04-19 15:00:00,The Man Who Shot Liberty Valance,Drama,John Ford,1962,123,12,8.00
PRO002054,2020-04-19 18:00:00,Metropolis,Drama,Fritz Lang,1927,153,12,10.00
PRO002055,2020-04-20 10:30:00,Crimes and Misdemeanors,Comedy,Woody Allen,1989,104,12,8.50
PRO002056,2020-04-20 13:00:00,JFK,Drama,Oliver Stone,1991,189,12,7.50
PRO002057,2020-04-20 17:00:00,Festen,Drama,Thomas Vinterberg,1998,105,16,6.50
PRO002058,2020-04-21 10:30:00,The Man Who Shot Liberty Valance,Drama,John Ford,1962,123,12,7.50
PRO002059,2020-04-21 13:30:00,Freaks,Drama,Tod Browning,1932,64,12,7.00
PRO002060,2020-04-21 15:30:00,Stagecoach,Adventure,John Ford,1939,96,12,8.00
PRO002061,2020-04-22 10:30:00,Manbiki kazoku,Crime,Hirokazu Koreeda,2018,121,12,7.50
PRO002062,2020-04-23 10:30:00,Die Hard: With a Vengeance,Action,John McTiernan,1995,128,12,7.50
PRO002063,2020-04-23 13:30:00,Solaris,Drama,Andrei Tarkovsky,1972,167,6,6.50
PRO002064,2020-04-24 10:00:00,Rupan sansei: Kariosutoro no shiro,Animation,Hayao Miyazaki,1979,100,0,7.50
PRO002065,2020-04-25 10:00:00,Freaks,Drama,Tod Browning,1932,64,12,8.50
PRO002066,2020-04-25 12:00:00,Toy Story,Animation,John Lasseter,1995,81,0,7.00
PRO002067,2020-04-25 14:30:00,The Manchurian Candidate,Drama,John Frankenheimer,1962,126,12,6.50
PRO002068,2020-04-25 17:30:00,"O Brother, Where Art Thou?",Adventure,Joel Coen,2000,107,0,8.50
PRO002069,2020-04-26 10:00:00,Home Alone,Comedy,Chris Columbus,1990,103,0,8.00
PRO002070,2020-04-26 12:30:00,The Man Who Shot Liberty Valance,Drama,John Ford,1962,123,12,6.50
PRO002071,2020-04-26 15:30:00,Breaking the Waves,Drama,Lars von Trier,1996,159,16,7.00
PRO002072,2020-04-27 10:00:00,Die Hard: With a Vengeance,Action,John McTiernan,1995,128,12,6.50
PRO002073,2020-04-27 13:00:00,Rosemary's Baby,Drama,Roman Polanski,1968,137,12,7.50
PRO002074,2020-04-27 16:00:00,Double Indemnity,Crime,Billy Wilder,1944,107,12,8.00
PRO002075,2020-04-28 10:30:00,Festen,Drama,Thomas Vinterberg,1998,105,16,8.50
PRO002076,2020-04-29 10:00:00,Rosemary's Baby,Drama,Roman Polanski,1968,137,12,8.00
PRO002077,2020-04-30 10:00:00,Die Hard: With a Vengeance,Action,John McTiernan,1995,128,12,7.00
PRO002078,2020-04-30 13:00:00,Breaking the Waves,Drama,Lars von Trier,1996,159,16,7.50
PRO002079,2020-05-01 10:30:00,Double Indemnity,Crime,Billy Wilder,1944,107,12,8.50
PRO002080,2020-05-01 13:00:00,Freaks,Drama,Tod Browning,1932,64,12,8.00
PRO002081,2020-05-01 15:00:00,La double vie de Véronique,Drama,Krzysztof Kieslowski,1991,98,16,8.00
PRO002082,2020-05-02 10:00:00,"O Brother, Where Art Thou?",Adventure,Joel Coen,2000,107,0,7.50
PRO002083,2020-05-02 12:30:00,"O Brother, Where Art Thou?",Adventure,Joel Coen,2000,107,0,7.50
PRO002084,2020-05-02 15:30:00,Home Alone,Comedy,Chris Columbus,1990,103,0,8.50
PRO002085,2020-05-03 10:30:00,Annie Hall,Comedy,Woody Allen,1977,93,12,6.50
PRO002086,2020-05-03 13:00:00,Rupan sansei: Kariosutoro no shiro,Animation,Hayao Miyazaki,1979,100,0,8.50
PRO002087,2020-05-03 15:30:00,Metropolis,Drama,Fritz Lang,1927,153,12,7.00
PRO002088,2020-05-04 10:00:00,Die Hard: With a Vengeance,Action,John McTiernan,1995,128,12,7.50
PRO002089,2020-05-05 10:30:00,Home Alone,Comedy,Chris Columbus,1990,103,0,7.50
PRO002090,2020-05-05 13:00:00,La double vie de Véronique,Drama,Krzysztof Kieslowski,1991,98,16,8.00
PRO002091,2020-05-06 10:30:00,Fanny och Alexander,Drama,Ingmar Bergman,1982,188,12,6.50
PRO002092,2020-05-07 10:00:00,Crimes and Misdemeanors,Comedy,Woody Allen,1989,104,12,6.50
PRO002093,2020-05-07 12:30:00,The Ten Commandments,Adventure,Cecil B. DeMille,1956,220,0,7.00
PRO002094,2020-05-08 10:30:00,The Manchurian Candidate,Drama,John Frankenheimer,1962,126,12,6.50
PRO002095,2020-05-08 13:30:00,Rosemary's Baby,Drama,Roman Polanski,1968,137,12,8.50
PRO002096,2020-05-09 10:00:00,Rosemary's Baby,Drama,Roman Polanski,1968,137,12,8.50
PRO002097,2020-05-09 13:00:00,Die Hard: With a Vengeance,Action,John McTiernan,1995,128,12,8.00
PRO002098,2020-05-09 16:00:00,Modern Times,Comedy,Charles Chaplin,1936,87,0,8.50
PRO002099,2020-05-09 18:00:00,Freaks,Drama,Tod Browning,1932,64,12,9.50
PRO002100,2020-05-10 10:00:00,Sanjuro,Action,Akira Kurosawa,1962,96,0,8.50
PRO002101,2020-05-10 12:30:00,Metropolis,Drama,Fritz Lang,1927,153,12,8.50
PRO002102,2020-05-10 16:00:00,Titanic,Drama,James Cameron,1997,194,12,7.00
PRO002103,2020-05-10 20:00:00,The Invisible Man,Horror,James Whale,1933,71,12,8.50
PRO002104,2020-05-11 10:00:00,Sanjuro,Action,Akira Kurosawa,1962,96,0,8.00
PRO002105,2020-05-12 10:30:00,Fanny och Alexander,Drama,Ingmar Bergman,1982,188,12,8.00
PRO002106,2020-05-13 10:30:00,Ferris Bueller's Day Off,Comedy,John Hughes,1986,103,0,8.00
PRO002107,2020-05-13 13:00:00,Who Framed Roger Rabbit,Animation,Robert Zemeckis,1988,104,0,7.50
PRO002108,2020-05-13 15:30:00,Modern Times,Comedy,Charles Chaplin,1936,87,0,8.50
PRO002109,2020-05-14 10:30:00,Dil Bechara,Comedy,Mukesh Chhabra,2020,101,12,8.50
PRO002110,2020-05-14 13:00:00,American History X,Drama,Tony Kaye,1998,119,16,7.00
PRO002111,2020-05-14 16:00:00,Rosemary's Baby,Drama,Roman Polanski,1968,137,12,6.50
PRO002112,2020-05-15 10:30:00,La double vie de Véronique,Drama,Krzysztof Kieslowski,1991,98,16,7.50
PRO002113,2020-05-15 13:00:00,Double Indemnity,Crime,Billy Wilder,1944,107,12,8.00
PRO002114,2020-05-16 10:00:00,Dil Bechara,Comedy,Mukesh Chhabra,2020,101,12,7.50
PRO002115,2020-05-16 12:30:00,Le dîner de cons,Comedy,Francis Veber,1998,80,12,8.00
PRO002116,2020-05-16 14:30:00,Young Frankenstein,Comedy,Mel Brooks,1974,106,12,8.00
PRO002117,2020-05-17 10:00:00,Breaking the Waves,Drama,Lars von Trier,1996,159,16,7.50
PRO002118,2020-05-17 13:30:00,American History X,Drama,Tony Kaye,1998,119,16,7.00
PRO002119,2020-05-17 16:30:00,La règle du jeu,Comedy,Jean Renoir,1939,110,12,7.00
PRO002120,2020-05-18 10:00:00,The French Connection,Action,William Friedkin,1971,104,12,7.00
PRO002121,2020-05-19 10:00:00,Breaking the Waves,Drama,Lars von Trier,1996,159,16,8.50
PRO002122,2020-05-19 13:30:00,La double vie de Véronique,Drama,Krzysztof Kieslowski,1991,98,16,7.50
PRO002123,2020-05-19 16:00:00,The Manchurian Candidate,Drama,John Frankenheimer,1962,126,12,6.50
PRO002124,2020-05-20 10:30:00,Breaking the Waves,Drama,Lars von Trier,1996,159,16,8.50
PRO002125,2020-05-20 14:00:00,Ferris Bueller's Day Off,Comedy,John Hughes,1986,103,0,8.50
PRO002126,2020-05-21 10:00:00,The Ten Commandments,Adventure,Cecil B. DeMille,1956,220,0,8.50
PRO002127,2020-05-21 14:30:00,Hera Pheri,Action,Priyadarshan,2000,156,0,8.50
PRO002128,2020-05-21 18:00:00,Rosemary's Baby,Drama,Roman Polanski,1968,137,12,9.50
PRO002129,2020-05-22 10:30:00,Double Indemnity,Crime,Billy Wilder,1944,107,12,7.00
PRO002130,2020-05-22 13:00:00,Sanjuro,Action,Akira Kurosawa,1962,96,0,8.00
PRO002131,2020-05-23 10:30:00,Hera Pheri,Action,Priyadarshan,2000,156,0,8.50
PRO002132,2020-05-23 14:00:00,Der Name der Rose,Crime,Jean-Jacques Annaud,1986,130,16,8.00
PRO002133,2020-05-23 17:00:00,Titanic,Drama,James Cameron,1997,194,12,8.50
PRO002134,2020-05-24 10:30:00,Portrait de la jeune fille en feu,Drama,Céline Sciamma,2019,122,16,6.50
PRO002135,2020-05-24 13:30:00,Rosemary's Baby,Drama,Roman Polanski,1968,137,12,7.50
PRO002136,2020-05-24 16:30:00,Modern Times,Comedy,Charles Chaplin,1936,87,0,7.50
PRO002137,2020-05-24 19:00:00,Fanny och Alexander,Drama,Ingmar Bergman,1982,188,12,8.50
PRO002138,2020-05-25 10:00:00,Rosemary's Baby,Drama,Roman Polanski,1968,137,12,8.50
PRO002139,2020-05-26 10:00:00,American History X,Drama,Tony Kaye,1998,119,16,8.00
PRO002140,2020-05-26 12:30:00,Ferris Bueller's Day Off,Comedy,John Hughes,1986,103,0,7.00
PRO002141,2020-05-26 15:00:00,Titanic,Drama,James Cameron,1997,194,12,8.00
PRO002142,2020-05-27 10:30:00,Arsenic and Old Lace,Comedy,Frank Capra,1942,118,12,8.00
PRO002143,2020-05-27 13:30:00,City Lights,Comedy,Charles Chaplin,1931,87,0,6.50
PRO002144,2020-05-27 16:00:00,American History X,Drama,Tony Kaye,1998,119,16,7.00
PRO002145,2020-05-28 10:30:00,Ferris Bueller's Day Off,Comedy,John Hughes,1986,103,0,7.00
PRO002146,2020-05-29 10:30:00,Fanny och Alexander,Drama,Ingmar Bergman,1982,188,12,8.00
PRO002147,2020-05-29 14:30:00,Sanjuro,Action,Akira Kurosawa,1962,96,0,8.50
PRO002148,2020-05-29 17:00:00,Portrait de la jeune fille en feu,Drama,Céline Sciamma,2019,122,16,7.50
PRO002149,2020-05-30 10:30:00,Andhadhun,Crime,Sriram Raghavan,2018,139,12,7.00
PRO002150,2020-05-30 13:30:00,The Thin Red Line,Drama,Terrence Malick,1998,170,12,7.50
PRO002151,2020-05-30 17:00:00,Who Framed Roger Rabbit,Animation,Robert Zemeckis,1988,104,0,7.50
PRO002152,2020-05-31 10:30:00,"O Brother, Where Art Thou?",Adventure,Joel Coen,2000,107,0,7.50
PRO002153,2020-05-31 13:00:00,The Matrix,Action,Lana Wachowski,1999,136,12,6.50
PRO002154,2020-05-31 16:00:00,"O Brother, Where Art Thou?",Adventure,Joel Coen,2000,107,0,7.00
PRO002155,2020-06-01 10:00:00,Ed Wood,Biography,Tim Burton,1994,127,0,6.50
PRO002156,2020-06-01 13:00:00,Hera Pheri,Action,Priyadarshan,2000,156,0,7.00
PRO002157,2020-06-02 10:00:00,Inherit the Wind,Biography,Stanley Kramer,1960,128,12,6.50
PRO002158,2020-06-03 10:00:00,The Matrix,Action,Lana Wachowski,1999,136,12,8.50
PRO002159,2020-06-03 13:00:00,Who Framed Roger Rabbit,Animation,Robert Zemeckis,1988,104,0,6.50
PRO002160,2020-06-03 15:30:00,American History X,Drama,Tony Kaye,1998,119,16,6.50
PRO002161,2020-06-04 10:30:00,American History X,Drama,Tony Kaye,1998,119,16,7.50
PRO002162,2020-06-04 13:00:00,Breakfast at Tiffany's,Comedy,Blake Edwards,1961,115,12,7.50
PRO002163,2020-06-05 10:30:00,Inherit the Wind,Biography,Stanley Kramer,1960,128,12,7.50
PRO002164,2020-06-05 13:30:00,Der Name der Rose,Crime,Jean-Jacques Annaud,1986,130,16,7.50
PRO002165,2020-06-05 16:30:00,Ferris Bueller's Day Off,Comedy,John Hughes,1986,103,0,7.50
PRO002166,2020-06-06 10:30:00,Inherit the Wind,Biography,Stanley Kramer,1960,128,12,8.50
PRO002167,2020-06-06 13:30:00,Life of Brian,Comedy,Terry Jones,1979,94,16,6.50
PRO002168,2020-06-06 16:00:00,Freaks,Drama,Tod Browning,1932,64,12,7.00
PRO002169,2020-06-07 10:00:00,Inherit the Wind,Biography,Stanley Kramer,1960,128,12,6.50
PRO002170,2020-06-07 13:00:00,Der Name der Rose,Crime,Jean-Jacques Annaud,1986,130,16,7.50
PRO002171,2020-06-07 16:00:00,Breakfast at Tiffany's,Comedy,Blake Edwards,1961,115,12,7.00
PRO002172,2020-06-07 19:00:00,City Lights,Comedy,Charles Chaplin,1931,87,0,8.50
PRO002173,2020-06-08 10:30:00,The Matrix,Action,Lana Wachowski,1999,136,12,7.00
PRO002174,2020-06-09 10:30:00,Life of Brian,Comedy,Terry Jones,1979,94,16,8.50
PRO002175,2020-06-09 13:00:00,Titanic,Drama,James Cameron,1997,194,12,8.50
PRO002176,2020-06-10 10:00:00,Bringing Up Baby,Comedy,Howard Hawks,1938,102,12,8.00
PRO002177,2020-06-10 12:30:00,Dances with Wolves,Adventure,Kevin Costner,1990,181,0,8.00
PRO002178,2020-06-11 10:00:00,Bringing Up Baby,Comedy,Howard Hawks,1938,102,12,7.50
PRO002179,2020-06-11 12:30:00,Freaks,Drama,Tod Browning,1932,64,12,8.50
PRO002180,2020-06-11 14:30:00,Andhadhun,Crime,Sriram Raghavan,2018,139,12,6.50
PRO002181,2020-06-12 10:30:00,Breakfast at Tiffany's,Comedy,Blake Edwards,1961,115,12,6.50
PRO002182,2020-06-13 10:30:00,Bringing Up Baby,Comedy,Howard Hawks,1938,102,12,8.50
PRO002183,2020-06-13 13:00:00,Der Name der Rose,Crime,Jean-Jacques Annaud,1986,130,16,6.50
PRO002184,2020-06-13 16:00:00,Billy Elliot,Drama,Stephen Daldry,2000,110,16,8.00
PRO002185,2020-06-14 10:30:00,Gandhi,Biography,Richard Attenborough,1982,191,0,8.00
PRO002186,2020-06-14 14:30:00,Bride of Frankenstein,Drama,James Whale,1935,75,12,8.50
PRO002187,2020-06-14 16:30:00,Life of Brian,Comedy,Terry Jones,1979,94,16,7.50
PRO002188,2020-06-15 10:30:00,Gladiator,Action,Ridley Scott,2000,155,12,8.00
PRO002189,2020-06-15 14:00:00,The Gentlemen,Action,Guy Ritchie,2019,113,12,8.00
PRO002190,2020-06-15 16:30:00,Gandhi,Biography,Richard Attenborough,1982,191,0,6.50
PRO002191,2020-06-16 10:00:00,Billy Elliot,Drama,Stephen Daldry,2000,110,16,7.50
PRO002192,2020-06-16 12:30:00,Charade,Comedy,Stanley Donen,1963,113,0,7.50
PRO002193,2020-06-16 15:00:00,Ed Wood,Biography,Tim Burton,1994,127,0,7.00
PRO002194,2020-06-17 10:30:00,Life of Brian,Comedy,Terry Jones,1979,94,16,7.50
PRO002195,2020-06-17 13:00:00,Bride of Frankenstein,Drama,James Whale,1935,75,12,8.50
PRO002196,2020-06-17 15:00:00,Titanic,Drama,James Cameron,1997,194,12,8.00
PRO002197,2020-06-18 10:00:00,Who Framed Roger Rabbit,Animation,Robert Zemeckis,1988,104,0,8.50
PRO002198,2020-06-19 10:00:00,Andhadhun,Crime,Sriram Raghavan,2018,139,12,7.00
PRO002199,2020-06-20 10:00:00,Dil Bechara,Comedy,Mukesh Chhabra,2020,101,12,6.50
PRO002200,2020-06-20 12:30:00,The Matrix,Action,Lana Wachowski,1999,136,12,7.00
PRO002201,2020-06-20 15:30:00,Green Book,Biography,Peter Farrelly,2018,130,12,7.00
PRO002202,2020-06-21 10:00:00,Inherit the Wind,Biography,Stanley Kramer,1960,128,12,8.00
PRO002203,2020-06-21 13:00:00,October Sky,Biography,Joe Johnston,1999,108,6,6.50
PRO002204,2020-06-21 15:30:00,The Thin Red Line,Drama,Terrence Malick,1998,170,12,8.00
PRO002205,2020-06-22 10:30:00,Hera Pheri,Action,Priyadarshan,2000,156,0,7.50
PRO002206,2020-06-22 14:00:00,Green Book,Biography,Peter Farrelly,2018,130,12,7.50
PRO002207,2020-06-23 10:30:00,Ferris Bueller's Day Off,Comedy,John Hughes,1986,103,0,6.50
PRO002208,2020-06-23 13:00:00,Gladiator,Action,Ridley Scott,2000,155,12,8.50
PRO002209,2020-06-23 16:30:00,Jurassic Park,Action,Steven Spielberg,1993,127,12,6.50
PRO002210,2020-06-24 10:30:00,Jurassic Park,Action,Steven Spielberg,1993,127,12,7.00
PRO002211,2020-06-25 10:00:00,Bride of Frankenstein,Drama,James Whale,1935,75,12,8.00
PRO002212,2020-06-26 10:30:00,The Red Shoes,Drama,Michael Powell,1948,135,12,6.50
PRO002213,2020-06-26 13:30:00,Bringing Up Baby,Comedy,Howard Hawks,1938,102,12,8.00
PRO002214,2020-06-27 10:30:00,Jurassic Park,Action,Steven Spielberg,1993,127,12,8.00
PRO002215,2020-06-27 13:30:00,Billy Elliot,Drama,Stephen Daldry,2000,110,16,7.50
PRO002216,2020-06-27 16:30:00,Gandhi,Biography,Richard Attenborough,1982,191,0,8.50
PRO002217,2020-06-28 10:00:00,Freaks,Drama,Tod Browning,1932,64,12,7.00
PRO002218,2020-06-28 12:00:00,Life of Brian,Comedy,Terry Jones,1979,94,16,7.50
PRO002219,2020-06-28 14:30:00,October Sky,Biography,Joe Johnston,1999,108,6,7.50
PRO002220,2020-06-28 17:00:00,October Sky,Biography,Joe Johnston,1999,108,6,8.00
PRO002221,2020-06-29 10:30:00,Gladiator,Action,Ridley Scott,2000,155,12,6.50
PRO002222,2020-06-30 10:30:00,Bringing Up Baby,Comedy,Howard Hawks,1938,102,12,6.50
PRO002223,2020-06-30 13:00:00,Home Alone,Comedy,Chris Columbus,1990,103,0,8.50
PRO002224,2020-07-01 10:00:00,Ba wang bie ji,Drama,Kaige Chen,1993,171,16,6.50
PRO002225,2020-07-01 14:00:00,The Matrix,Action,Lana Wachowski,1999,136,12,7.50
PRO002226,2020-07-02 10:30:00,The Gentlemen,Action,Guy Ritchie,2019,113,12,8.00
PRO002227,2020-07-02 13:00:00,Harvey,Comedy,Henry Koster,1950,104,12,7.50
PRO002228,2020-07-03 10:30:00,Harold and Maude,Comedy,Hal Ashby,1971,91,6,7.50
PRO002229,2020-07-03 13:00:00,Arsenic and Old Lace,Comedy,Frank Capra,1942,118,12,7.00
PRO002230,2020-07-04 10:30:00,Der Name der Rose,Crime,Jean-Jacques Annaud,1986,130,16,7.00
PRO002231,2020-07-04 13:30:00,Jurassic Park,Action,Steven Spielberg,1993,127,12,7.50
PRO002232,2020-07-04 16:30:00,October Sky,Biography,Joe Johnston,1999,108,6,7.50
PRO002233,2020-07-04 19:00:00,October Sky,Biography,Joe Johnston,1999,108,6,8.50
PRO002234,2020-07-05 10:30:00,Home Alone,Comedy,Chris Columbus,1990,103,0,7.50
PRO002235,2020-07-05 13:00:00,October Sky,Biography,Joe Johnston,1999,108,6,8.00
PRO002236,2020-07-05 15:30:00,Ferris Bueller's Day Off,Comedy,John Hughes,1986,103,0,7.00
PRO002237,2020-07-05 18:00:00,Home Alone,Comedy,Chris Columbus,1990,103,0,10.00
PRO002238,2020-07-06 10:00:00,Dances with Wolves,Adventure,Kevin Costner,1990,181,0,8.50
PRO002239,2020-07-06 14:00:00,Bride of Frankenstein,Drama,James Whale,1935,75,12,7.50
PRO002240,2020-07-06 16:00:00,Gladiator,Action,Ridley Scott,2000,155,12,8.00
PRO002241,2020-07-07 10:00:00,The Day the Earth Stood Still,Drama,Robert Wise,1951,92,0,8.00
PRO002242,2020-07-08 10:30:00,Harold and Maude,Comedy,Hal Ashby,1971,91,6,8.50
PRO002243,2020-07-08 13:00:00,Knives Out,Comedy,Rian Johnson,2019,130,12,8.50
PRO002244,2020-07-08 16:00:00,Vivre sa vie: Film en douze tableaux,Drama,Jean-Luc Godard,1962,80,12,8.50
PRO002245,2020-07-09 10:00:00,Harvey,Comedy,Henry Koster,1950,104,12,7.50
PRO002246,2020-07-10 10:00:00,Life of Brian,Comedy,Terry Jones,1979,94,16,8.00
PRO002247,2020-07-10 12:30:00,Charade,Comedy,Stanley Donen,1963,113,0,8.00
PRO002248,2020-07-10 15:30:00,Il postino,Biography,Michael Radford,1994,108,0,7.00
PRO002249,2020-07-11 10:30:00,Bride of Frankenstein,Drama,James Whale,1935,75,12,8.00
PRO002250,2020-07-11 12:30:00,The Naked Gun: From the Files of Police Squad!,Comedy,David Zucker,1988,85,0,7.50
PRO002251,2020-07-11 15:00:00,Harvey,Comedy,Henry Koster,1950,104,12,7.50
PRO002252,2020-07-11 17:30:00,Home Alone,Comedy,Chris Columbus,1990,103,0,8.00
PRO002253,2020-07-12 10:30:00,Spoorloos,Mystery,George Sluizer,1988,107,12,7.50
PRO002254,2020-07-12 13:00:00,Scarface: The Shame of the Nation,Action,Howard Hawks,1932,93,6,7.50
PRO002255,2020-07-12 15:30:00,The Gentlemen,Action,Guy Ritchie,2019,113,12,7.50
PRO002256,2020-07-12 18:00:00,Life of Brian,Comedy,Terry Jones,1979,94,16,9.00
PRO002257,2020-07-13 10:00:00,Vampire Hunter D: Bloodlust,Animation,Yoshiaki Kawajiri,2000,103,0,8.50
PRO002258,2020-07-13 12:30:00,Dances with Wolves,Adventure,Kevin Costner,1990,181,0,6.50
PRO002259,2020-07-14 10:30:00,Home Alone,Comedy,Chris Columbus,1990,103,0,6.50
PRO002260,2020-07-14 13:00:00,Mission: Impossible - Fallout,Action,Christopher McQuarrie,2018,147,12,8.00
PRO002261,2020-07-14 16:00:00,Il postino,Biography,Michael Radford,1994,108,0,7.00
PRO002262,2020-07-15 10:30:00,Life of Brian,Comedy,Terry Jones,1979,94,16,7.00
PRO002263,2020-07-15 13:00:00,Vampire Hunter D: Bloodlust,Animation,Yoshiaki Kawajiri,2000,103,0,6.50
PRO002264,2020-07-16 10:30:00,Tôkyô monogatari,Drama,Yasujirô Ozu,1953,136,0,7.50
PRO002265,2020-07-16 13:30:00,Deadpool 2,Action,David Leitch,2018,119,16,7.00
PRO002266,2020-07-17 10:30:00,Tôkyô monogatari,Drama,Yasujirô Ozu,1953,136,0,8.50
PRO002267,2020-07-18 10:00:00,Knives Out,Comedy,Rian Johnson,2019,130,12,6.50
PRO002268,2020-07-18 13:00:00,Blood Simple,Crime,Joel Coen,1984,99,12,8.00
PRO002269,2020-07-18 15:30:00,Jurassic Park,Action,Steven Spielberg,1993,127,12,6.50
PRO002270,2020-07-18 18:30:00,The Remains of the Day,Drama,James Ivory,1993,134,0,9.00
PRO002271,2020-07-19 10:00:00,Der Himmel über Berlin,Drama,Wim Wenders,1987,128,0,8.50
PRO002272,2020-07-19 13:00:00,Dr. Strangelove or: How I Learned to Stop Worrying and Love the Bomb,Comedy,Stanley Kubrick,1964,95,12,6.50
PRO002273,2020-07-19 15:30:00,Gandhi,Biography,Richard Attenborough,1982,191,0,6.50
PRO002274,2020-07-20 10:30:00,A Few Good Men,Drama,Rob Reiner,1992,138,0,6.50
PRO002275,2020-07-21 10:30:00,Mary Poppins,Comedy,Robert Stevenson,1964,139,0,8.50
PRO002276,2020-07-22 10:30:00,Kaze no tani no Naushika,Animation,Hayao Miyazaki,1984,117,0,6.50
PRO002277,2020-07-22 13:00:00,Barry Lyndon,Adventure,Stanley Kubrick,1975,185,6,6.50
PRO002278,2020-07-23 10:00:00,Vivre sa vie: Film en douze tableaux,Drama,Jean-Luc Godard,1962,80,12,7.50
PRO002279,2020-07-23 12:00:00,Barry Lyndon,Adventure,Stanley Kubrick,1975,185,6,6.50
PRO002280,2020-07-23 16:00:00,Taxi Driver,Crime,Martin Scorsese,1976,114,12,7.50
PRO002281,2020-07-24 10:00:00,The Naked Gun: From the Files of Police Squad!,Comedy,David Zucker,1988,85,0,7.00
PRO002282,2020-07-24 12:00:00,Il postino,Biography,Michael Radford,1994,108,0,7.50
PRO002283,2020-07-24 14:30:00,Taxi Driver,Crime,Martin Scorsese,1976,114,12,8.00
PRO002284,2020-07-25 10:00:00,Star Wars,Action,George Lucas,1977,121,12,7.00
PRO002285,2020-07-25 13:00:00,Vampire Hunter D: Bloodlust,Animation,Yoshiaki Kawajiri,2000,103,0,8.00
PRO002286,2020-07-25 15:30:00,The Sound of Music,Biography,Robert Wise,1965,172,0,7.50
PRO002287,2020-07-25 19:00:00,Blood Simple,Crime,Joel Coen,1984,99,12,8.50
PRO002288,2020-07-26 10:30:00,Kaze no tani no Naushika,Animation,Hayao Miyazaki,1984,117,0,8.00
PRO002289,2020-07-26 13:00:00,Tôkyô monogatari,Drama,Yasujirô Ozu,1953,136,0,6.50
PRO002290,2020-07-26 16:00:00,Tôkyô monogatari,Drama,Yasujirô Ozu,1953,136,0,8.50
PRO002291,2020-07-26 19:00:00,"Crna macka, beli macor",Comedy,Emir Kusturica,1998,127,16,10.00
PRO002292,2020-07-27 10:00:00,Scarface: The Shame of the Nation,Action,Howard Hawks,1932,93,6,7.00
PRO002293,2020-07-28 10:30:00,A Few Good Men,Drama,Rob Reiner,1992,138,0,7.00
PRO002294,2020-07-29 10:00:00,Bohemian Rhapsody,Biography,Bryan Singer,2018,134,12,7.50
PRO002295,2020-07-30 10:30:00,Citizen Kane,Drama,Orson Welles,1941,119,12,8.50
PRO002296,2020-07-30 13:30:00,Kaze no tani no Naushika,Animation,Hayao Miyazaki,1984,117,0,7.00
PRO002297,2020-07-30 16:00:00,The Ladykillers,Comedy,Alexander Mackendrick,1955,91,12,7.50
PRO002298,2020-07-31 10:30:00,Star Wars,Action,George Lucas,1977,121,12,6.50
PRO002299,2020-07-31 13:30:00,Kaze no tani no Naushika,Animation,Hayao Miyazaki,1984,117,0,7.00
PRO002300,2020-08-01 10:30:00,Spoorloos,Mystery,George Sluizer,1988,107,12,8.00
PRO002301,2020-08-01 13:30:00,Mary Poppins,Comedy,Robert Stevenson,1964,139,0,7.00
PRO002302,2020-08-01 16:30:00,Deadpool 2,Action,David Leitch,2018,119,16,6.50
PRO002303,2020-08-02 10:30:00,Citizen Kane,Drama,Orson Welles,1941,119,12,8.00
PRO002304,2020-08-02 13:30:00,The Red Shoes,Drama,Michael Powell,1948,135,12,7.50
PRO002305,2020-08-02 16:30:00,Dead Man,Adventure,Jim Jarmusch,1995,121,16,8.00
PRO002306,2020-08-02 19:30:00,Home Alone,Comedy,Chris Columbus,1990,103,0,8.50
PRO002307,2020-08-03 10:30:00,Jurassic Park,Action,Steven Spielberg,1993,127,12,8.00
PRO002308,2020-08-03 13:30:00,Der Himmel über Berlin,Drama,Wim Wenders,1987,128,0,7.50
PRO002309,2020-08-04 10:00:00,Der Himmel über Berlin,Drama,Wim Wenders,1987,128,0,8.00
PRO002310,2020-08-05 10:00:00,Jurassic Park,Action,Steven Spielberg,1993,127,12,7.50
PRO002311,2020-08-05 13:00:00,The Message,Biography,Moustapha Akkad,1976,177,6,8.00
PRO002312,2020-08-06 10:30:00,Love and Death,Comedy,Woody Allen,1975,85,6,8.00
PRO002313,2020-08-06 12:30:00,Spoorloos,Mystery,George Sluizer,1988,107,12,8.50
PRO002314,2020-08-07 10:30:00,Sense and Sensibility,Drama,Ang Lee,1995,136,0,7.00
PRO002315,2020-08-07 13:30:00,Scarface: The Shame of the Nation,Action,Howard Hawks,1932,93,6,7.00
PRO002316,2020-08-07 16:00:00,Love and Death,Comedy,Woody Allen,1975,85,6,7.50
PRO002317,2020-08-08 10:00:00,The Long Goodbye,Comedy,Robert Altman,1973,112,12,6.50
PRO002318,2020-08-08 13:00:00,Taxi Driver,Crime,Martin Scorsese,1976,114,12,7.00
PRO002319,2020-08-08 15:30:00,L.A. Confidential,Crime,Curtis Hanson,1997,138,12,8.50
PRO002320,2020-08-09 10:00:00,Nueve reinas,Crime,Fabián Bielinsky,2000,114,16,6.50
PRO002321,2020-08-09 13:00:00,Taxi Driver,Crime,Martin Scorsese,1976,114,12,7.50
PRO002322,2020-08-09 16:00:00,Tôkyô monogatari,Drama,Yasujirô Ozu,1953,136,0,7.00
PRO002323,2020-08-10 10:00:00,Der Himmel über Berlin,Drama,Wim Wenders,1987,128,0,7.00
PRO002324,2020-08-10 13:00:00,The Message,Biography,Moustapha Akkad,1976,177,6,6.50
PRO002325,2020-08-10 16:30:00,Kaze no tani no Naushika,Animation,Hayao Miyazaki,1984,117,0,8.50
PRO002326,2020-08-11 10:00:00,Bohemian Rhapsody,Biography,Bryan Singer,2018,134,12,8.50
PRO002327,2020-08-11 13:00:00,The Long Goodbye,Comedy,Robert Altman,1973,112,12,7.50
PRO002328,2020-08-11 16:00:00,"Crna macka, beli macor",Comedy,Emir Kusturica,1998,127,16,8.50
PRO002329,2020-08-12 10:30:00,"Crna macka, beli macor",Comedy,Emir Kusturica,1998,127,16,8.00
PRO002330,2020-08-12 13:30:00,Knives Out,Comedy,Rian Johnson,2019,130,12,6.50
PRO002331,2020-08-13 10:00:00,Taxi Driver,Crime,Martin Scorsese,1976,114,12,7.50
PRO002332,2020-08-13 12:30:00,Sense and Sensibility,Drama,Ang Lee,1995,136,0,8.50
PRO002333,2020-08-13 15:30:00,The Long Goodbye,Comedy,Robert Altman,1973,112,12,6.50
PRO002334,2020-08-14 10:00:00,La Strada,Drama,Federico Fellini,1954,108,12,8.50
PRO002335,2020-08-14 12:30:00,The Long Goodbye,Comedy,Robert Altman,1973,112,12,8.00
PRO002336,2020-08-15 10:00:00,Nueve reinas,Crime,Fabián Bielinsky,2000,114,16,7.00
PRO002337,2020-08-15 12:30:00,Dancer in the Dark,Crime,Lars von Trier,2000,140,0,7.50
PRO002338,2020-08-15 16:00:00,Kaze no tani no Naushika,Animation,Hayao Miyazaki,1984,117,0,7.00
PRO002339,2020-08-16 10:30:00,Bohemian Rhapsody,Biography,Bryan Singer,2018,134,12,8.50
PRO002340,2020-08-16 13:30:00,Bohemian Rhapsody,Biography,Bryan Singer,2018,134,12,8.00
PRO002341,2020-08-16 16:30:00,Star Wars,Action,George Lucas,1977,121,12,8.50
PRO002342,2020-08-17 10:30:00,Dancer in the Dark,Crime,Lars von Trier,2000,140,0,7.00
PRO002343,2020-08-17 13:30:00,The Remains of the Day,Drama,James Ivory,1993,134,0,7.50
PRO002344,2020-08-18 10:30:00,The Ladykillers,Comedy,Alexander Mackendrick,1955,91,12,8.50
PRO002345,2020-08-19 10:00:00,Scarface: The Shame of the Nation,Action,Howard Hawks,1932,93,6,8.50
PRO002346,2020-08-19 12:30:00,Love and Death,Comedy,Woody Allen,1975,85,6,6.50
PRO002347,2020-08-20 10:00:00,Sense and Sensibility,Drama,Ang Lee,1995,136,0,8.50
PRO002348,2020-08-20 13:00:00,Mission: Impossible - Fallout,Action,Christopher McQuarrie,2018,147,12,8.50
PRO002349,2020-08-21 10:00:00,East of Eden,Drama,Elia Kazan,1955,118,0,7.50
PRO002350,2020-08-21 12:30:00,Der Himmel über Berlin,Drama,Wim Wenders,1987,128,0,7.00
PRO002351,2020-08-21 15:30:00,L.A. Confidential,Crime,Curtis Hanson,1997,138,12,8.00
PRO002352,2020-08-22 10:00:00,A Few Good Men,Drama,Rob Reiner,1992,138,0,7.00
PRO002353,2020-08-22 13:30:00,The Naked Gun: From the Files of Police Squad!,Comedy,David Zucker,1988,85,0,8.00
PRO002354,2020-08-22 15:30:00,Love and Death,Comedy,Woody Allen,1975,85,6,8.50
PRO002355,2020-08-23 10:00:00,Sense and Sensibility,Drama,Ang Lee,1995,136,0,7.00
PRO002356,2020-08-23 13:00:00,The Remains of the Day,Drama,James Ivory,1993,134,0,8.00
PRO002357,2020-08-23 16:00:00,Love and Death,Comedy,Woody Allen,1975,85,6,8.00
PRO002358,2020-08-24 10:00:00,Kaze no tani no Naushika,Animation,Hayao Miyazaki,1984,117,0,8.00
PRO002359,2020-08-25 10:00:00,Philadelphia,Drama,Jonathan Demme,1993,125,12,8.00
PRO002360,2020-08-25 13:00:00,East of Eden,Drama,Elia Kazan,1955,118,0,8.50
PRO002361,2020-08-26 10:00:00,Shadow of a Doubt,Film-Noir,Alfred Hitchcock,1943,108,6,8.00
PRO002362,2020-08-26 12:30:00,Philadelphia,Drama,Jonathan Demme,1993,125,12,8.50
PRO002363,2020-08-26 15:30:00,Kaze no tani no Naushika,Animation,Hayao Miyazaki,1984,117,0,8.50
PRO002364,2020-08-27 10:30:00,East of Eden,Drama,Elia Kazan,1955,118,0,7.50
PRO002365,2020-08-27 13:30:00,Shadow of a Doubt,Film-Noir,Alfred Hitchcock,1943,108,6,7.00
PRO002366,2020-08-28 10:00:00,Magnolia,Drama,Paul Thomas Anderson,1999,188,16,8.50
PRO002367,2020-08-29 10:30:00,A Few Good Men,Drama,Rob Reiner,1992,138,0,8.50
PRO002368,2020-08-29 13:30:00,Barry Lyndon,Adventure,Stanley Kubrick,1975,185,6,8.50
PRO002369,2020-08-29 17:30:00,Mission: Impossible - Fallout,Action,Christopher McQuarrie,2018,147,12,8.00
PRO002370,2020-08-30 10:00:00,Gattaca,Drama,Andrew Niccol,1997,106,12,6.50
PRO002371,2020-08-30 12:30:00,Philadelphia,Drama,Jonathan Demme,1993,125,12,8.00
PRO002372,2020-08-30 15:30:00,Der Himmel über Berlin,Drama,Wim Wenders,1987,128,0,8.00
PRO002373,2020-08-30 18:30:00,Uri: The Surgical Strike,Action,Aditya Dhar,2018,138,12,9.50
PRO002374,2020-08-31 10:00:00,Sense and Sensibility,Drama,Ang Lee,1995,136,0,7.00
PRO002375,2020-08-31 13:00:00,The Naked Gun: From the Files of Police Squad!,Comedy,David Zucker,1988,85,0,7.50
PRO002376,2020-08-31 15:30:00,"Crna macka, beli macor",Comedy,Emir Kusturica,1998,127,16,7.50
PRO002377,2020-09-01 10:30:00,A Few Good Men,Drama,Rob Reiner,1992,138,0,8.00
PRO002378,2020-09-02 10:30:00,Breakfast at Tiffany's,Comedy,Blake Edwards,1961,115,12,8.00
PRO002379,2020-09-02 13:00:00,The Naked Gun: From the Files of Police Squad!,Comedy,David Zucker,1988,85,0,8.00
PRO002380,2020-09-03 10:00:00,Magnolia,Drama,Paul Thomas Anderson,1999,188,16,8.00
PRO002381,2020-09-03 14:00:00,The Graduate,Comedy,Mike Nichols,1967,106,12,8.50
PRO002382,2020-09-04 10:30:00,La Strada,Drama,Federico Fellini,1954,108,12,7.00
PRO002383,2020-09-04 13:30:00,Goodfellas,Biography,Martin Scorsese,1990,146,12,8.50
PRO002384,2020-09-05 10:30:00,The General,Action,Clyde Bruckman,1926,67,12,8.50
PRO002385,2020-09-05 12:30:00,Mission: Impossible - Fallout,Action,Christopher McQuarrie,2018,147,12,8.00
PRO002386,2020-09-05 16:00:00,Mission: Impossible - Fallout,Action,Christopher McQuarrie,2018,147,12,8.50
PRO002387,2020-09-05 19:30:00,Reservoir Dogs,Crime,Quentin Tarantino,1992,99,16,9.50
PRO002388,2020-09-06 10:00:00,Rashômon,Crime,Akira Kurosawa,1950,88,12,7.50
PRO002389,2020-09-06 12:30:00,Rashômon,Crime,Akira Kurosawa,1950,88,12,8.50
PRO002390,2020-09-06 15:00:00,Reservoir Dogs,Crime,Quentin Tarantino,1992,99,16,8.50
PRO002391,2020-09-06 17:30:00,Trois couleurs: Bleu,Drama,Krzysztof Kieslowski,1993,94,0,8.50
PRO002392,2020-09-07 10:00:00,Midnight Cowboy,Drama,John Schlesinger,1969,113,12,8.00
PRO002393,2020-09-08 10:00:00,A Few Good Men,Drama,Rob Reiner,1992,138,0,6.50
PRO002394,2020-09-09 10:00:00,Where Eagles Dare,Action,Brian G. Hutton,1968,158,0,8.50
PRO002395,2020-09-09 13:30:00,Gandhi,Biography,Richard Attenborough,1982,191,0,6.50
PRO002396,2020-09-09 17:30:00,The Graduate,Comedy,Mike Nichols,1967,106,12,7.00
PRO002397,2020-09-10 10:30:00,Goodfellas,Biography,Martin Scorsese,1990,146,12,8.50
PRO002398,2020-09-11 10:30:00,The Long Goodbye,Comedy,Robert Altman,1973,112,12,8.50
PRO002399,2020-09-11 13:30:00,Magnolia,Drama,Paul Thomas Anderson,1999,188,16,7.50
PRO002400,2020-09-11 17:30:00,Sabrina,Comedy,Billy Wilder,1954,113,12,7.50
PRO002401,2020-09-12 10:30:00,Blue Velvet,Drama,David Lynch,1986,120,12,7.00
PRO002402,2020-09-12 13:30:00,Shadow of a Doubt,Film-Noir,Alfred Hitchcock,1943,108,6,7.00
PRO002403,2020-09-12 16:30:00,Magnolia,Drama,Paul Thomas Anderson,1999,188,16,8.00
PRO002404,2020-09-13 10:00:00,A Few Good Men,Drama,Rob Reiner,1992,138,0,7.50
PRO002405,2020-09-13 13:00:00,Goodfellas,Biography,Martin Scorsese,1990,146,12,8.50
PRO002406,2020-09-13 16:30:00,Reservoir Dogs,Crime,Quentin Tarantino,1992,99,16,6.50
PRO002407,2020-09-13 19:00:00,Breakfast at Tiffany's,Comedy,Blake Edwards,1961,115,12,8.50
PRO002408,2020-09-14 10:00:00,Philadelphia,Drama,Jonathan Demme,1993,125,12,7.00
PRO002409,2020-09-14 13:00:00,Kurenai no buta,Animation,Hayao Miyazaki,1992,94,0,8.00
PRO002410,2020-09-14 15:30:00,Gandhi,Biography,Richard Attenborough,1982,191,0,8.50
PRO002411,2020-09-15 10:30:00,Magnolia,Drama,Paul Thomas Anderson,1999,188,16,6.50
PRO002412,2020-09-15 14:30:00,The General,Action,Clyde Bruckman,1926,67,12,8.50
PRO002413,2020-09-15 16:30:00,Rashômon,Crime,Akira Kurosawa,1950,88,12,6.50
PRO002414,2020-09-16 10:00:00,The Graduate,Comedy,Mike Nichols,1967,106,12,7.00
PRO002415,2020-09-17 10:30:00,"South Park: Bigger, Longer & Uncut",Animation,Trey Parker,1999,81,12,7.50
PRO002416,2020-09-17 12:30:00,The Graduate,Comedy,Mike Nichols,1967,106,12,7.50
PRO002417,2020-09-18 10:30:00,Kurenai no buta,Animation,Hayao Miyazaki,1992,94,0,6.50
PRO002418,2020-09-19 10:00:00,The Last of the Mohicans,Action,Michael Mann,1992,112,12,7.50
PRO002419,2020-09-19 12:30:00,A Few Good Men,Drama,Rob Reiner,1992,138,0,8.00
PRO002420,2020-09-19 15:30:00,A Few Good Men,Drama,Rob Reiner,1992,138,0,7.50
PRO002421,2020-09-19 18:30:00,In the Name of the Father,Biography,Jim Sheridan,1993,133,12,10.00
PRO002422,2020-09-20 10:00:00,In the Name of the Father,Biography,Jim Sheridan,1993,133,12,8.00
PRO002423,2020-09-20 13:00:00,Kurenai no buta,Animation,Hayao Miyazaki,1992,94,0,7.50
PRO002424,2020-09-20 15:30:00,Fargo,Crime,Joel Coen,1996,98,12,6.50
PRO002425,2020-09-21 10:30:00,Reservoir Dogs,Crime,Quentin Tarantino,1992,99,16,8.00
PRO002426,2020-09-21 13:00:00,A Few Good Men,Drama,Rob Reiner,1992,138,0,7.50
PRO002427,2020-09-22 10:30:00,2001: A Space Odyssey,Adventure,Stanley Kubrick,1968,149,0,6.50
PRO002428,2020-09-22 14:00:00,In the Name of the Father,Biography,Jim Sheridan,1993,133,12,7.50
PRO002429,2020-09-23 10:00:00,The Last of the Mohicans,Action,Michael Mann,1992,112,12,6.50
PRO002430,2020-09-23 12:30:00,Dil Bechara,Comedy,Mukesh Chhabra,2020,101,12,7.00
PRO002431,2020-09-23 15:00:00,Dil Bechara,Comedy,Mukesh Chhabra,2020,101,12,8.00
PRO002432,2020-09-24 10:30:00,Dil Bechara,Comedy,Mukesh Chhabra,2020,101,12,8.00
PRO002433,2020-09-25 10:00:00,Midnight Cowboy,Drama,John Schlesinger,1969,113,12,7.50
PRO002434,2020-09-25 13:00:00,Trois couleurs: Bleu,Drama,Krzysztof Kieslowski,1993,94,0,8.50
PRO002435,2020-09-26 10:30:00,Trois couleurs: Bleu,Drama,Krzysztof Kieslowski,1993,94,0,6.50
PRO002436,2020-09-26 13:00:00,The Muppet Movie,Adventure,James Frawley,1979,95,0,8.50
PRO002437,2020-09-26 15:30:00,The Last of the Mohicans,Action,Michael Mann,1992,112,12,6.50
PRO002438,2020-09-27 10:00:00,"South Park: Bigger, Longer & Uncut",Animation,Trey Parker,1999,81,12,6.50
PRO002439,2020-09-27 12:00:00,The Graduate,Comedy,Mike Nichols,1967,106,12,7.50
PRO002440,2020-09-27 14:30:00,Fargo,Crime,Joel Coen,1996,98,12,7.50
PRO002441,2020-09-28 10:00:00,In the Name of the Father,Biography,Jim Sheridan,1993,133,12,6.50
PRO002442,2020-09-29 10:30:00,Uri: The Surgical Strike,Action,Aditya Dhar,2018,138,12,8.00
PRO002443,2020-09-30 10:30:00,The Graduate,Comedy,Mike Nichols,1967,106,12,8.00
PRO002444,2020-10-01 10:30:00,Reservoir Dogs,Crime,Quentin Tarantino,1992,99,16,7.50
PRO002445,2020-10-02 10:00:00,Blue Velvet,Drama,David Lynch,1986,120,12,6.50
PRO002446,2020-10-03 10:00:00,"South Park: Bigger, Longer & Uncut",Animation,Trey Parker,1999,81,12,8.50
PRO002447,2020-10-03 12:00:00,The Muppet Movie,Adventure,James Frawley,1979,95,0,7.00
PRO002448,2020-10-03 14:30:00,The Nightmare Before Christmas,Animation,Henry Selick,1993,76,0,6.50
PRO002449,2020-10-03 16:30:00,Kurenai no buta,Animation,Hayao Miyazaki,1992,94,0,7.50
PRO002450,2020-10-04 10:30:00,In the Name of the Father,Biography,Jim Sheridan,1993,133,12,7.50
PRO002451,2020-10-04 13:30:00,A Few Good Men,Drama,Rob Reiner,1992,138,0,7.00
PRO002452,2020-10-04 16:30:00,Dil Bechara,Comedy,Mukesh Chhabra,2020,101,12,7.00
PRO002453,2020-10-05 10:30:00,Se7en,Crime,David Fincher,1995,127,12,8.00
PRO002454,2020-10-06 10:30:00,Dil Bechara,Comedy,Mukesh Chhabra,2020,101,12,7.00
PRO002455,2020-10-06 13:00:00,A Christmas Story,Comedy,Bob Clark,1983,93,0,7.50
PRO002456,2020-10-07 10:30:00,Where Eagles Dare,Action,Brian G. Hutton,1968,158,0,7.50
PRO002457,2020-10-07 14:00:00,The Muppet Movie,Adventure,James Frawley,1979,95,0,8.00
PRO002458,2020-10-07 16:30:00,The Last of the Mohicans,Action,Michael Mann,1992,112,12,8.50
PRO002459,2020-10-08 10:30:00,A Few Good Men,Drama,Rob Reiner,1992,138,0,8.50
PRO002460,2020-10-08 13:30:00,Spider-Man: Into the Spider-Verse,Animation,Bob Persichetti,2018,117,0,7.00
PRO002461,2020-10-09 10:00:00,M - Eine Stadt sucht einen Mörder,Crime,Fritz Lang,1931,117,12,8.50
PRO002462,2020-10-09 13:00:00,Philadelphia,Drama,Jonathan Demme,1993,125,12,7.50
PRO002463,2020-10-10 10:30:00,Kramer vs. Kramer,Drama,Robert Benton,1979,105,12,8.50
PRO002464,2020-10-10 13:00:00,Rushmore,Comedy,Wes Anderson,1998,93,12,7.00
PRO002465,2020-10-10 15:30:00,Spider-Man: Into the Spider-Verse,Animation,Bob Persichetti,2018,117,0,8.50
PRO002466,2020-10-11 10:00:00,Spartacus,Adventure,Stanley Kubrick,1960,197,12,7.50
PRO002467,2020-10-11 14:00:00,Titanic,Drama,James Cameron,1997,194,12,8.50
PRO002468,2020-10-11 18:00:00,The Bridge on the River Kwai,Adventure,David Lean,1957,161,6,8.50
PRO002469,2020-10-11 21:30:00,Casino,Crime,Martin Scorsese,1995,178,12,8.50
PRO002470,2020-10-12 10:30:00,M - Eine Stadt sucht einen Mörder,Crime,Fritz Lang,1931,117,12,8.00
PRO002471,2020-10-12 13:30:00,Midnight Cowboy,Drama,John Schlesinger,1969,113,12,7.00
PRO002472,2020-10-12 16:00:00,Where Eagles Dare,Action,Brian G. Hutton,1968,158,0,8.00
PRO002473,2020-10-13 10:00:00,Fanny och Alexander,Drama,Ingmar Bergman,1982,188,12,8.00
PRO002474,2020-10-13 14:00:00,Gandhi,Biography,Richard Attenborough,1982,191,0,7.00
PRO002475,2020-10-14 10:00:00,The Last of the Mohicans,Action,Michael Mann,1992,112,12,7.50
PRO002476,2020-10-15 10:00:00,"Il buono, il brutto, il cattivo",Western,Sergio Leone,1966,161,12,7.50
PRO002477,2020-10-15 13:30:00,Fanny och Alexander,Drama,Ingmar Bergman,1982,188,12,7.00
PRO002478,2020-10-16 10:00:00,The Insider,Biography,Michael Mann,1999,157,12,6.50
PRO002479,2020-10-16 13:30:00,Rushmore,Comedy,Wes Anderson,1998,93,12,8.50
PRO002480,2020-10-17 10:30:00,Goodfellas,Biography,Martin Scorsese,1990,146,12,7.00
PRO002481,2020-10-17 13:30:00,Glory,Biography,Edward Zwick,1989,122,16,8.50
PRO002482,2020-10-17 16:30:00,Marriage Story,Comedy,Noah Baumbach,2019,137,0,8.00
PRO002483,2020-10-18 10:00:00,"Il buono, il brutto, il cattivo",Western,Sergio Leone,1966,161,12,8.50
PRO002484,2020-10-18 13:30:00,Kramer vs. Kramer,Drama,Robert Benton,1979,105,12,6.50
PRO002485,2020-10-18 16:00:00,The Muppet Movie,Adventure,James Frawley,1979,95,0,8.50
PRO002486,2020-10-19 10:30:00,The Insider,Biography,Michael Mann,1999,157,12,8.50
PRO002487,2020-10-19 14:00:00,Star Wars: Episode VI - Return of the Jedi,Action,Richard Marquand,1983,131,0,6.50
PRO002488,2020-10-20 10:30:00,In the Name of the Father,Biography,Jim Sheridan,1993,133,12,7.00
PRO002489,2020-10-21 10:00:00,"Il buono, il brutto, il cattivo",Western,Sergio Leone,1966,161,12,8.50
PRO002490,2020-10-21 13:30:00,"Il buono, il brutto, il cattivo",Western,Sergio Leone,1966,161,12,8.00
PRO002491,2020-10-22 10:30:00,Scarface,Crime,Brian De Palma,1983,170,12,6.50
PRO002492,2020-10-22 14:00:00,Per un pugno di dollari,Action,Sergio Leone,1964,99,12,6.50
PRO002493,2020-10-23 10:00:00,The Last of the Mohicans,Action,Michael Mann,1992,112,12,8.50
PRO002494,2020-10-23 12:30:00,Per un pugno di dollari,Action,Sergio Leone,1964,99,12,7.50
PRO002495,2020-10-24 10:30:00,Mission: Impossible - Fallout,Action,Christopher McQuarrie,2018,147,12,7.00
PRO002496,2020-10-24 14:00:00,All That Jazz,Drama,Bob Fosse,1979,123,12,8.00
PRO002497,2020-10-24 17:00:00,Kramer vs. Kramer,Drama,Robert Benton,1979,105,12,8.00
PRO002498,2020-10-25 10:30:00,The Muppet Movie,Adventure,James Frawley,1979,95,0,6.50
PRO002499,2020-10-25 13:00:00,The Godfather,Crime,Francis Ford Coppola,1972,175,12,8.50
PRO002500,2020-10-25 17:00:00,The Big Sleep,Crime,Howard Hawks,1946,114,12,8.50
PRO002501,2020-10-26 10:00:00,All That Jazz,Drama,Bob Fosse,1979,123,12,7.00
PRO002502,2020-10-27 10:00:00,Blazing Saddles,Comedy,Mel Brooks,1974,93,12,6.50
PRO002503,2020-10-28 10:00:00,Glengarry Glen Ross,Crime,James Foley,1992,100,16,7.00
PRO002504,2020-10-28 12:30:00,The Last of the Mohicans,Action,Michael Mann,1992,112,12,6.50
PRO002505,2020-10-29 10:30:00,Todo sobre mi madre,Drama,Pedro Almodóvar,1999,101,16,7.00
PRO002506,2020-10-29 13:00:00,The Magnificent Seven,Action,John Sturges,1960,128,12,7.00
PRO002507,2020-10-29 16:00:00,Kramer vs. Kramer,Drama,Robert Benton,1979,105,12,8.00
PRO002508,2020-10-30 10:30:00,Where Eagles Dare,Action,Brian G. Hutton,1968,158,0,8.50
PRO002509,2020-10-30 14:00:00,Glengarry Glen Ross,Crime,James Foley,1992,100,16,7.50
PRO002510,2020-10-31 10:30:00,The Magnificent Seven,Action,John Sturges,1960,128,12,7.50
PRO002511,2020-10-31 13:30:00,Se7en,Crime,David Fincher,1995,127,12,7.50
PRO002512,2020-10-31 16:30:00,The Princess Bride,Adventure,Rob Reiner,1987,98,0,8.50
PRO002513,2020-10-31 19:00:00,Se7en,Crime,David Fincher,1995,127,12,9.50
PRO002514,2020-11-01 10:00:00,Glory,Biography,Edward Zwick,1989,122,16,8.50
PRO002515,2020-11-01 13:00:00,Glengarry Glen Ross,Crime,James Foley,1992,100,16,7.50
PRO002516,2020-11-01 15:30:00,The Nightmare Before Christmas,Animation,Henry Selick,1993,76,0,8.00
PRO002517,2020-11-01 17:30:00,Fargo,Crime,Joel Coen,1996,98,12,8.00
PRO002518,2020-11-02 10:30:00,Se7en,Crime,David Fincher,1995,127,12,8.00
PRO002519,2020-11-02 13:30:00,Kramer vs. Kramer,Drama,Robert Benton,1979,105,12,7.50
PRO002520,2020-11-03 10:30:00,Star Wars: Episode VI - Return of the Jedi,Action,Richard Marquand,1983,131,0,8.50
PRO002521,2020-11-04 10:00:00,The Magnificent Seven,Action,John Sturges,1960,128,12,7.00
PRO002522,2020-11-04 13:00:00,The Muppet Movie,Adventure,James Frawley,1979,95,0,6.50
PRO002523,2020-11-05 10:30:00,Spider-Man: Into the Spider-Verse,Animation,Bob Persichetti,2018,117,0,8.00
PRO002524,2020-11-05 13:00:00,Fanny och Alexander,Drama,Ingmar Bergman,1982,188,12,8.00
PRO002525,2020-11-05 17:00:00,Empire of the Sun,Action,Steven Spielberg,1987,153,0,8.50
PRO002526,2020-11-06 10:30:00,Gongdong gyeongbi guyeok JSA,Action,Chan-wook Park,2000,110,12,8.50
PRO002527,2020-11-07 10:30:00,The Big Sleep,Crime,Howard Hawks,1946,114,12,6.50
PRO002528,2020-11-07 13:30:00,All That Jazz,Drama,Bob Fosse,1979,123,12,7.50
PRO002529,2020-11-07 16:30:00,Marriage Story,Comedy,Noah Baumbach,2019,137,0,6.50
PRO002530,2020-11-08 10:00:00,Star Wars: Episode VI - Return of the Jedi,Action,Richard Marquand,1983,131,0,6.50
PRO002531,2020-11-08 13:00:00,A Man for All Seasons,Biography,Fred Zinnemann,1966,120,0,8.50
PRO002532,2020-11-08 16:00:00,Empire of the Sun,Action,Steven Spielberg,1987,153,0,7.00
PRO002533,2020-11-09 10:30:00,The Nightmare Before Christmas,Animation,Henry Selick,1993,76,0,6.50
PRO002534,2020-11-10 10:30:00,Roma,Drama,Alfonso Cuarón,2018,135,16,8.00
PRO002535,2020-11-10 13:30:00,The Godfather,Crime,Francis Ford Coppola,1972,175,12,6.50
PRO002536,2020-11-11 10:30:00,M - Eine Stadt sucht einen Mörder,Crime,Fritz Lang,1931,117,12,8.50
PRO002537,2020-11-11 13:30:00,Do the Right Thing,Comedy,Spike Lee,1989,120,16,8.00
PRO002538,2020-11-11 16:30:00,Gongdong gyeongbi guyeok JSA,Action,Chan-wook Park,2000,110,12,7.50
PRO002539,2020-11-12 10:00:00,Marriage Story,Comedy,Noah Baumbach,2019,137,0,6.50
PRO002540,2020-11-12 13:00:00,M - Eine Stadt sucht einen Mörder,Crime,Fritz Lang,1931,117,12,7.50
PRO002541,2020-11-12 15:30:00,Roma,Drama,Alfonso Cuarón,2018,135,16,7.50
PRO002542,2020-11-13 10:00:00,American Psycho,Comedy,Mary Harron,2000,101,12,7.50
PRO002543,2020-11-13 12:30:00,Roma,Drama,Alfonso Cuarón,2018,135,16,8.00
PRO002544,2020-11-13 15:30:00,Empire of the Sun,Action,Steven Spielberg,1987,153,0,6.50
PRO002545,2020-11-14 10:00:00,Glengarry Glen Ross,Crime,James Foley,1992,100,16,8.50
PRO002546,2020-11-14 12:30:00,Sanjuro,Action,Akira Kurosawa,1962,96,0,8.50
PRO002547,2020-11-14 15:00:00,Do the Right Thing,Comedy,Spike Lee,1989,120,16,7.00
PRO002548,2020-11-14 18:00:00,The Lost Weekend,Drama,Billy Wilder,1945,101,12,8.50
PRO002549,2020-11-15 10:30:00,The Red Shoes,Drama,Michael Powell,1948,135,12,6.50
PRO002550,2020-11-15 13:30:00,The Bridge on the River Kwai,Adventure,David Lean,1957,161,6,8.50
PRO002551,2020-11-15 17:00:00,Fanny och Alexander,Drama,Ingmar Bergman,1982,188,12,8.50
PRO002552,2020-11-15 21:00:00,The Bridge on the River Kwai,Adventure,David Lean,1957,161,6,9.00
PRO002553,2020-11-16 10:00:00,M - Eine Stadt sucht einen Mörder,Crime,Fritz Lang,1931,117,12,8.00
PRO002554,2020-11-16 13:00:00,Scarface,Crime,Brian De Palma,1983,170,12,8.50
PRO002555,2020-11-16 17:00:00,Glory,Biography,Edward Zwick,1989,122,16,7.50
PRO002556,2020-11-17 10:30:00,Ran,Action,Akira Kurosawa,1985,162,0,7.00
PRO002557,2020-11-18 10:00:00,The Magnificent Seven,Action,John Sturges,1960,128,12,8.50
PRO002558,2020-11-18 13:00:00,Marriage Story,Comedy,Noah Baumbach,2019,137,0,7.00
PRO002559,2020-11-19 10:00:00,Todo sobre mi madre,Drama,Pedro Almodóvar,1999,101,16,8.50
PRO002560,2020-11-20 10:30:00,Todo sobre mi madre,Drama,Pedro Almodóvar,1999,101,16,6.50
PRO002561,2020-11-21 10:00:00,Spider-Man: Into the Spider-Verse,Animation,Bob Persichetti,2018,117,0,8.50
PRO002562,2020-11-21 13:00:00,Empire of the Sun,Action,Steven Spielberg,1987,153,0,8.50
PRO002563,2020-11-21 16:30:00,The Nightmare Before Christmas,Animation,Henry Selick,1993,76,0,7.00
PRO002564,2020-11-21 18:30:00,The Red Shoes,Drama,Michael Powell,1948,135,12,8.50
PRO002565,2020-11-22 10:30:00,Ran,Action,Akira Kurosawa,1985,162,0,8.50
PRO002566,2020-11-22 14:00:00,The Lost Weekend,Drama,Billy Wilder,1945,101,12,6.50
PRO002567,2020-11-22 16:30:00,Avengers: Endgame,Action,Anthony Russo,2019,181,12,7.50
PRO002568,2020-11-23 10:30:00,Dil Bechara,Comedy,Mukesh Chhabra,2020,101,12,7.50
PRO002569,2020-11-23 13:00:00,The Godfather,Crime,Francis Ford Coppola,1972,175,12,7.50
PRO002570,2020-11-23 17:00:00,The Breakfast Club,Comedy,John Hughes,1985,97,12,8.00
PRO002571,2020-11-24 10:30:00,Glory,Biography,Edward Zwick,1989,122,16,6.50
PRO002572,2020-11-24 13:30:00,Sanjuro,Action,Akira Kurosawa,1962,96,0,8.50
PRO002573,2020-11-24 16:00:00,Groundhog Day,Comedy,Harold Ramis,1993,101,0,6.50
PRO002574,2020-11-25 10:00:00,Groundhog Day,Comedy,Harold Ramis,1993,101,0,8.00
PRO002575,2020-11-26 10:00:00,Jurassic Park,Action,Steven Spielberg,1993,127,12,8.00
PRO002576,2020-11-26 13:00:00,Empire of the Sun,Action,Steven Spielberg,1987,153,0,8.50
PRO002577,2020-11-26 16:30:00,Empire of the Sun,Action,Steven Spielberg,1987,153,0,8.00
PRO002578,2020-11-27 10:00:00,Gongdong gyeongbi guyeok JSA,Action,Chan-wook Park,2000,110,12,8.50
PRO002579,2020-11-27 12:30:00,Spider-Man: Into the Spider-Verse,Animation,Bob Persichetti,2018,117,0,8.50
PRO002580,2020-11-27 15:30:00,Roma,Drama,Alfonso Cuarón,2018,135,16,8.00
PRO002581,2020-11-28 10:00:00,Roma,Drama,Alfonso Cuarón,2018,135,16,7.00
PRO002582,2020-11-28 13:00:00,Lat sau san taam,Action,John Woo,1992,128,16,7.00
PRO002583,2020-11-28 16:00:00,Spider-Man: Into the Spider-Verse,Animation,Bob Persichetti,2018,117,0,8.50
PRO002584,2020-11-28 19:00:00,The Third Man,Film-Noir,Carol Reed,1949,104,12,8.50
PRO002585,2020-11-29 10:00:00,The Breakfast Club,Comedy,John Hughes,1985,97,12,6.50
PRO002586,2020-11-29 12:30:00,The Magnificent Seven,Action,John Sturges,1960,128,12,8.00
PRO002587,2020-11-29 15:30:00,The Breakfast Club,Comedy,John Hughes,1985,97,12,8.00
PRO002588,2020-11-30 10:00:00,Do the Right Thing,Comedy,Spike Lee,1989,120,16,8.00
PRO002589,2020-12-01 10:00:00,Jurassic Park,Action,Steven Spielberg,1993,127,12,8.50
PRO002590,2020-12-01 13:00:00,Marriage Story,Comedy,Noah Baumbach,2019,137,0,7.00
PRO002591,2020-12-02 10:00:00,Snatch,Comedy,Guy Ritchie,2000,104,12,8.00
PRO002592,2020-12-02 12:30:00,Todo sobre mi madre,Drama,Pedro Almodóvar,1999,101,16,7.50
PRO002593,2020-12-02 15:00:00,The Breakfast Club,Comedy,John Hughes,1985,97,12,6.50
PRO002594,2020-12-03 10:00:00,Groundhog Day,Comedy,Harold Ramis,1993,101,0,7.00
PRO002595,2020-12-04 10:00:00,The Gold Rush,Adventure,Charles Chaplin,1925,95,12,8.50
PRO002596,2020-12-04 12:30:00,The Breakfast Club,Comedy,John Hughes,1985,97,12,6.50
PRO002597,2020-12-04 15:00:00,Underground,Comedy,Emir Kusturica,1995,170,12,6.50
PRO002598,2020-12-05 10:00:00,Jojo Rabbit,Comedy,Taika Waititi,2019,108,12,7.00
PRO002599,2020-12-05 12:30:00,Roma,Drama,Alfonso Cuarón,2018,135,16,8.50
PRO002600,2020-12-05 15:30:00,Bonnie and Clyde,Action,Arthur Penn,1967,111,12,6.50
PRO002601,2020-12-06 10:00:00,Sanjuro,Action,Akira Kurosawa,1962,96,0,8.50
PRO002602,2020-12-06 12:30:00,Amores perros,Drama,Alejandro G. Iñárritu,2000,154,12,7.50
PRO002603,2020-12-06 16:00:00,Dil Bechara,Comedy,Mukesh Chhabra,2020,101,12,8.50
PRO002604,2020-12-06 18:30:00,Amores perros,Drama,Alejandro G. Iñárritu,2000,154,12,10.00
PRO002605,2020-12-07 10:30:00,Snatch,Comedy,Guy Ritchie,2000,104,12,6.50
PRO002606,2020-12-08 10:00:00,Glengarry Glen Ross,Crime,James Foley,1992,100,16,8.50
PRO002607,2020-12-08 12:30:00,Psycho,Horror,Alfred Hitchcock,1960,109,12,8.00
PRO002608,2020-12-09 10:30:00,The Conversation,Drama,Francis Ford Coppola,1974,113,0,8.00
PRO002609,2020-12-09 13:30:00,Touch of Evil,Crime,Orson Welles,1958,95,12,8.50
PRO002610,2020-12-10 10:30:00,Se7en,Crime,David Fincher,1995,127,12,7.00
PRO002611,2020-12-10 13:30:00,Todo sobre mi madre,Drama,Pedro Almodóvar,1999,101,16,8.50
PRO002612,2020-12-11 10:00:00,Rebecca,Drama,Alfred Hitchcock,1940,130,12,7.50
PRO002613,2020-12-11 13:00:00,Se7en,Crime,David Fincher,1995,127,12,8.00
PRO002614,2020-12-11 16:00:00,Amores perros,Drama,Alejandro G. Iñárritu,2000,154,12,8.50
PRO002615,2020-12-12 10:00:00,Avengers: Endgame,Action,Anthony Russo,2019,181,12,7.50
PRO002616,2020-12-12 14:00:00,Touch of Evil,Crime,Orson Welles,1958,95,12,8.00
PRO002617,2020-12-12 16:30:00,Toy Story 2,Animation,John Lasseter,1999,92,0,8.50
PRO002618,2020-12-12 19:00:00,Repulsion,Drama,Roman Polanski,1965,105,12,9.50
PRO002619,2020-12-13 10:30:00,Amores perros,Drama,Alejandro G. Iñárritu,2000,154,12,7.00
PRO002620,2020-12-13 14:00:00,Lat sau san taam,Action,John Woo,1992,128,16,8.50
PRO002621,2020-12-13 17:00:00,The Green Mile,Crime,Frank Darabont,1999,189,12,6.50
PRO002622,2020-12-13 21:00:00,Roma,Drama,Alfonso Cuarón,2018,135,16,10.00
PRO002623,2020-12-14 10:30:00,La Grande Illusion,Drama,Jean Renoir,1937,113,12,7.50
PRO002624,2020-12-15 10:00:00,Jurassic Park,Action,Steven Spielberg,1993,127,12,7.00
PRO002625,2020-12-16 10:00:00,Laura,Drama,Otto Preminger,1944,88,12,6.50
PRO002626,2020-12-16 12:00:00,Rebecca,Drama,Alfred Hitchcock,1940,130,12,7.50
PRO002627,2020-12-16 15:00:00,Todo sobre mi madre,Drama,Pedro Almodóvar,1999,101,16,7.00
PRO002628,2020-12-17 10:00:00,Repulsion,Drama,Roman Polanski,1965,105,12,6.50
PRO002629,2020-12-17 12:30:00,A Man for All Seasons,Biography,Fred Zinnemann,1966,120,0,7.50
PRO002630,2020-12-17 15:30:00,Rebecca,Drama,Alfred Hitchcock,1940,130,12,8.00
PRO002631,2020-12-18 10:30:00,Glory,Biography,Edward Zwick,1989,122,16,8.50
PRO002632,2020-12-19 10:30:00,Saving Private Ryan,Drama,Steven Spielberg,1998,169,16,7.00
PRO002633,2020-12-19 14:00:00,Marriage Story,Comedy,Noah Baumbach,2019,137,0,8.50
PRO002634,2020-12-19 17:00:00,Marriage Story,Comedy,Noah Baumbach,2019,137,0,8.50
PRO002635,2020-12-19 20:00:00,Central do Brasil,Drama,Walter Salles,1998,110,16,8.50
PRO002636,2020-12-20 10:30:00,Mononoke-hime,Animation,Hayao Miyazaki,1997,134,0,7.00
PRO002637,2020-12-20 13:30:00,Jojo Rabbit,Comedy,Taika Waititi,2019,108,12,8.50
PRO002638,2020-12-20 16:00:00,Snatch,Comedy,Guy Ritchie,2000,104,12,7.00
PRO002639,2020-12-21 10:00:00,The Red Shoes,Drama,Michael Powell,1948,135,12,8.00
PRO002640,2020-12-21 13:00:00,Spartacus,Adventure,Stanley Kubrick,1960,197,12,8.00
PRO002641,2020-12-21 17:00:00,Repulsion,Drama,Roman Polanski,1965,105,12,6.50
PRO002642,2020-12-22 10:30:00,Jurassic Park,Action,Steven Spielberg,1993,127,12,7.50
PRO002643,2020-12-22 13:30:00,The Third Man,Film-Noir,Carol Reed,1949,104,12,7.00
PRO002644,2020-12-22 16:00:00,La Grande Illusion,Drama,Jean Renoir,1937,113,12,6.50
PRO002645,2020-12-23 10:30:00,Trainspotting,Drama,Danny Boyle,1996,93,12,6.50
PRO002646,2020-12-23 13:00:00,Predator,Action,John McTiernan,1987,107,12,6.50
PRO002647,2020-12-24 10:30:00,Dil Bechara,Comedy,Mukesh Chhabra,2020,101,12,7.00
PRO002648,2020-12-25 10:30:00,The Breakfast Club,Comedy,John Hughes,1985,97,12,8.00
PRO002649,2020-12-25 13:00:00,Glory,Biography,Edward Zwick,1989,122,16,6.50
PRO002650,2020-12-26 10:00:00,The Green Mile,Crime,Frank Darabont,1999,189,12,6.50
PRO002651,2020-12-26 14:00:00,La Grande Illusion,Drama,Jean Renoir,1937,113,12,7.50
PRO002652,2020-12-26 17:00:00,Marriage Story,Comedy,Noah Baumbach,2019,137,0,8.00
PRO002653,2020-12-27 10:30:00,Mononoke-hime,Animation,Hayao Miyazaki,1997,134,0,8.50
PRO002654,2020-12-27 13:30:00,Knives Out,Comedy,Rian Johnson,2019,130,12,7.50
PRO002655,2020-12-27 16:30:00,Das Cabinet des Dr. Caligari,Fantasy,Robert Wiene,1920,76,12,8.50
PRO002656,2020-12-28 10:00:00,Saving Private Ryan,Drama,Steven Spielberg,1998,169,16,7.50
PRO002657,2020-12-29 10:00:00,Sanjuro,Action,Akira Kurosawa,1962,96,0,7.00
PRO002658,2020-12-29 12:30:00,Das Cabinet des Dr. Caligari,Fantasy,Robert Wiene,1920,76,12,7.50
PRO002659,2020-12-30 10:30:00,Laura,Drama,Otto Preminger,1944,88,12,6.50
PRO002660,2020-12-30 13:00:00,Das Cabinet des Dr. Caligari,Fantasy,Robert Wiene,1920,76,12,8.00
PRO002661,2020-12-31 10:00:00,Central do Brasil,Drama,Walter Salles,1998,110,16,6.50
PRO002662,2021-01-01 10:30:00,Knives Out,Comedy,Rian Johnson,2019,130,12,6.50
PRO002663,2021-01-01 13:30:00,Mononoke-hime,Animation,Hayao Miyazaki,1997,134,0,7.00
PRO002664,2021-01-01 16:30:00,The Third Man,Film-Noir,Carol Reed,1949,104,12,6.50
PRO002665,2021-01-02 10:30:00,The Green Mile,Crime,Frank Darabont,1999,189,12,6.50
PRO002666,2021-01-02 14:30:00,Toy Story 2,Animation,John Lasseter,1999,92,0,7.00
PRO002667,2021-01-02 17:00:00,Predator,Action,John McTiernan,1987,107,12,7.50
PRO002668,2021-01-03 10:30:00,October Sky,Biography,Joe Johnston,1999,108,6,7.50
PRO002669,2021-01-03 13:00:00,The Third Man,Film-Noir,Carol Reed,1949,104,12,7.00
PRO002670,2021-01-03 15:30:00,Saving Private Ryan,Drama,Steven Spielberg,1998,169,16,7.00
PRO002671,2021-01-04 10:30:00,October Sky,Biography,Joe Johnston,1999,108,6,6.50
PRO002672,2021-01-04 13:00:00,Avengers: Endgame,Action,Anthony Russo,2019,181,12,8.50
PRO002673,2021-01-04 17:00:00,Rebecca,Drama,Alfred Hitchcock,1940,130,12,7.50
PRO002674,2021-01-05 10:30:00,October Sky,Biography,Joe Johnston,1999,108,6,8.50
PRO002675,2021-01-06 10:00:00,Spartacus,Adventure,Stanley Kubrick,1960,197,12,7.00
PRO002676,2021-01-07 10:30:00,Apocalypse Now,Drama,Francis Ford Coppola,1979,147,16,7.00
PRO002677,2021-01-07 14:00:00,North by Northwest,Adventure,Alfred Hitchcock,1959,136,0,6.50
PRO002678,2021-01-07 17:00:00,Psycho,Horror,Alfred Hitchcock,1960,109,12,8.50
PRO002679,2021-01-08 10:00:00,Rebecca,Drama,Alfred Hitchcock,1940,130,12,8.00
PRO002680,2021-01-08 13:00:00,Spartacus,Adventure,Stanley Kubrick,1960,197,12,8.50
PRO002681,2021-01-08 17:30:00,Sunrise: A Song of Two Humans,Drama,F.W. Murnau,1927,94,12,7.00
PRO002682,2021-01-09 10:30:00,Touch of Evil,Crime,Orson Welles,1958,95,12,7.00
PRO002683,2021-01-09 13:00:00,Cast Away,Adventure,Robert Zemeckis,2000,143,12,8.50
PRO002684,2021-01-09 16:00:00,Saving Private Ryan,Drama,Steven Spielberg,1998,169,16,7.50
PRO002685,2021-01-09 19:30:00,Predator,Action,John McTiernan,1987,107,12,9.50
PRO002686,2021-01-10 10:00:00,Se7en,Crime,David Fincher,1995,127,12,7.00
PRO002687,2021-01-10 13:00:00,The Trial of the Chicago 7,Drama,Aaron Sorkin,2020,129,16,8.50
PRO002688,2021-01-10 16:00:00,Dancer in the Dark,Crime,Lars von Trier,2000,140,0,6.50
PRO002689,2021-01-11 10:30:00,Marriage Story,Comedy,Noah Baumbach,2019,137,0,8.00
PRO002690,2021-01-12 10:00:00,Dil Bechara,Comedy,Mukesh Chhabra,2020,101,12,8.50
PRO002691,2021-01-13 10:30:00,Das Cabinet des Dr. Caligari,Fantasy,Robert Wiene,1920,76,12,8.50
PRO002692,2021-01-14 10:00:00,Toy Story 2,Animation,John Lasseter,1999,92,0,7.50
PRO002693,2021-01-15 10:00:00,The Conversation,Drama,Francis Ford Coppola,1974,113,0,8.50
PRO002694,2021-01-15 12:30:00,North by Northwest,Adventure,Alfred Hitchcock,1959,136,0,7.00
PRO002695,2021-01-16 10:00:00,Blowup,Drama,Michelangelo Antonioni,1966,111,12,6.50
PRO002696,2021-01-16 13:00:00,Andrei Rublev,Biography,Andrei Tarkovsky,1966,205,16,6.50
PRO002697,2021-01-16 17:30:00,Marriage Story,Comedy,Noah Baumbach,2019,137,0,8.00
PRO002698,2021-01-16 20:30:00,Stalag 17,Comedy,Billy Wilder,1953,120,12,10.00
PRO002699,2021-01-17 10:00:00,The Trial of the Chicago 7,Drama,Aaron Sorkin,2020,129,16,7.50
PRO002700,2021-01-17 13:00:00,The Conversation,Drama,Francis Ford Coppola,1974,113,0,8.00
PRO002701,2021-01-17 16:00:00,North by Northwest,Adventure,Alfred Hitchcock,1959,136,0,8.00
PRO002702,2021-01-18 10:30:00,Predator,Action,John McTiernan,1987,107,12,8.00
PRO002703,2021-01-18 13:00:00,Sunrise: A Song of Two Humans,Drama,F.W. Murnau,1927,94,12,8.00
PRO002704,2021-01-19 10:00:00,October Sky,Biography,Joe Johnston,1999,108,6,7.50
PRO002705,2021-01-20 10:00:00,Knives Out,Comedy,Rian Johnson,2019,130,12,8.50
PRO002706,2021-01-20 13:00:00,Marriage Story,Comedy,Noah Baumbach,2019,137,0,8.50
PRO002707,2021-01-21 10:00:00,Dancer in the Dark,Crime,Lars von Trier,2000,140,0,7.00
PRO002708,2021-01-22 10:00:00,It's a Wonderful Life,Drama,Frank Capra,1946,130,6,7.50
PRO002709,2021-01-22 13:00:00,The Peanut Butter Falcon,Adventure,Tyler Nilson,2019,97,12,8.00
PRO002710,2021-01-23 10:30:00,It's a Wonderful Life,Drama,Frank Capra,1946,130,6,7.50
PRO002711,2021-01-23 13:30:00,Tôkyô monogatari,Drama,Yasujirô Ozu,1953,136,0,8.00
PRO002712,2021-01-23 16:30:00,Scarface: The Shame of the Nation,Action,Howard Hawks,1932,93,6,8.50
PRO002713,2021-01-24 10:30:00,Andrei Rublev,Biography,Andrei Tarkovsky,1966,205,16,8.50
PRO002714,2021-01-24 15:00:00,Office Space,Comedy,Mike Judge,1999,89,16,8.00
PRO002715,2021-01-24 17:30:00,Boyz n the Hood,Crime,John Singleton,1991,112,12,6.50
PRO002716,2021-01-24 20:00:00,All That Jazz,Drama,Bob Fosse,1979,123,12,8.50
PRO002717,2021-01-25 10:00:00,Dancer in the Dark,Crime,Lars von Trier,2000,140,0,7.00
PRO002718,2021-01-25 13:30:00,The Ten Commandments,Adventure,Cecil B. DeMille,1956,220,0,7.00
PRO002719,2021-01-26 10:30:00,The Peanut Butter Falcon,Adventure,Tyler Nilson,2019,97,12,7.00
PRO002720,2021-01-26 13:00:00,Central do Brasil,Drama,Walter Salles,1998,110,16,8.50
PRO002721,2021-01-26 15:30:00,Marriage Story,Comedy,Noah Baumbach,2019,137,0,7.50
PRO002722,2021-01-27 10:30:00,Le salaire de la peur,Adventure,Henri-Georges Clouzot,1953,131,0,7.50
PRO002723,2021-01-28 10:00:00,Sunrise: A Song of Two Humans,Drama,F.W. Murnau,1927,94,12,8.00
PRO002724,2021-01-28 12:30:00,Das Cabinet des Dr. Caligari,Fantasy,Robert Wiene,1920,76,12,7.00
PRO002725,2021-01-29 10:00:00,Marriage Story,Comedy,Noah Baumbach,2019,137,0,8.00
PRO002726,2021-01-30 10:30:00,The Ten Commandments,Adventure,Cecil B. DeMille,1956,220,0,8.00
PRO002727,2021-01-30 15:00:00,La Grande Illusion,Drama,Jean Renoir,1937,113,12,8.50
PRO002728,2021-01-30 18:00:00,Office Space,Comedy,Mike Judge,1999,89,16,9.50
PRO002729,2021-01-31 10:30:00,Central do Brasil,Drama,Walter Salles,1998,110,16,6.50
PRO002730,2021-01-31 13:00:00,The Ten Commandments,Adventure,Cecil B. DeMille,1956,220,0,8.50
PRO002731,2021-01-31 17:30:00,Sunrise: A Song of Two Humans,Drama,F.W. Murnau,1927,94,12,7.50
PRO002732,2021-02-01 10:30:00,Cabaret,Drama,Bob Fosse,1972,124,12,8.00
PRO002733,2021-02-02 10:30:00,"Aguirre, der Zorn Gottes",Action,Werner Herzog,1972,95,12,8.50
PRO002734,2021-02-02 13:00:00,Central do Brasil,Drama,Walter Salles,1998,110,16,7.00
PRO002735,2021-02-02 15:30:00,Paper Moon,Comedy,Peter Bogdanovich,1973,102,0,7.50
PRO002736,2021-02-03 10:30:00,The Jungle Book,Animation,Wolfgang Reitherman,1967,78,0,7.50
PRO002737,2021-02-03 13:00:00,Scarface: The Shame of the Nation,Action,Howard Hawks,1932,93,6,8.50
PRO002738,2021-02-03 15:30:00,Apocalypse Now,Drama,Francis Ford Coppola,1979,147,16,7.50
PRO002739,2021-02-04 10:00:00,Sunrise: A Song of Two Humans,Drama,F.W. Murnau,1927,94,12,7.50
PRO002740,2021-02-05 10:00:00,Boyz n the Hood,Crime,John Singleton,1991,112,12,6.50
PRO002741,2021-02-06 10:00:00,The Trial of the Chicago 7,Drama,Aaron Sorkin,2020,129,16,7.00
PRO002742,2021-02-06 13:00:00,Lost Highway,Mystery,David Lynch,1997,134,12,8.50
PRO002743,2021-02-06 16:00:00,Sunrise: A Song of Two Humans,Drama,F.W. Murnau,1927,94,12,8.00
PRO002744,2021-02-07 10:30:00,Apocalypse Now,Drama,Francis Ford Coppola,1979,147,16,8.50
PRO002745,2021-02-07 14:00:00,Stalag 17,Comedy,Billy Wilder,1953,120,12,7.50
PRO002746,2021-02-07 17:00:00,Scarface: The Shame of the Nation,Action,Howard Hawks,1932,93,6,7.50
PRO002747,2021-02-07 19:30:00,Boyz n the Hood,Crime,John Singleton,1991,112,12,9.00
PRO002748,2021-02-08 10:00:00,In the Heat of the Night,Crime,Norman Jewison,1967,110,0,7.00
PRO002749,2021-02-08 12:30:00,Seppuku,Action,Masaki Kobayashi,1962,133,12,7.00
PRO002750,2021-02-09 10:00:00,"Aguirre, der Zorn Gottes",Action,Werner Herzog,1972,95,12,7.00
PRO002751,2021-02-09 12:30:00,Seppuku,Action,Masaki Kobayashi,1962,133,12,8.00
PRO002752,2021-02-09 15:30:00,Office Space,Comedy,Mike Judge,1999,89,16,7.00
PRO002753,2021-02-10 10:30:00,Saving Private Ryan,Drama,Steven Spielberg,1998,169,16,6.50
PRO002754,2021-02-10 14:00:00,Dog Day Afternoon,Biography,Sidney Lumet,1975,125,0,8.00
PRO002755,2021-02-11 10:00:00,Lost Highway,Mystery,David Lynch,1997,134,12,6.50
PRO002756,2021-02-11 13:00:00,Persona,Drama,Ingmar Bergman,1966,85,12,6.50
PRO002757,2021-02-11 15:30:00,It's a Wonderful Life,Drama,Frank Capra,1946,130,6,6.50
PRO002758,2021-02-12 10:00:00,Rope,Crime,Alfred Hitchcock,1948,80,12,7.50
PRO002759,2021-02-12 12:30:00,In the Heat of the Night,Crime,Norman Jewison,1967,110,0,8.50
PRO002760,2021-02-13 10:00:00,"Aguirre, der Zorn Gottes",Action,Werner Herzog,1972,95,12,7.50
PRO002761,2021-02-13 12:30:00,October Sky,Biography,Joe Johnston,1999,108,6,7.00
PRO002762,2021-02-13 15:00:00,In the Heat of the Night,Crime,Norman Jewison,1967,110,0,6.50
PRO002763,2021-02-13 18:00:00,La dolce vita,Comedy,Federico Fellini,1960,174,12,9.50
PRO002764,2021-02-14 10:00:00,Sunrise: A Song of Two Humans,Drama,F.W. Murnau,1927,94,12,8.50
PRO002765,2021-02-14 12:30:00,The Last of the Mohicans,Action,Michael Mann,1992,112,12,7.50
PRO002766,2021-02-14 15:00:00,Lost Highway,Mystery,David Lynch,1997,134,12,7.00
PRO002767,2021-02-14 18:00:00,All About Eve,Drama,Joseph L. Mankiewicz,1950,138,12,8.50
PRO002768,2021-02-15 10:00:00,Tôkyô monogatari,Drama,Yasujirô Ozu,1953,136,0,7.00
PRO002769,2021-02-15 13:00:00,All That Jazz,Drama,Bob Fosse,1979,123,12,6.50
PRO002770,2021-02-15 16:00:00,Persona,Drama,Ingmar Bergman,1966,85,12,8.50
PRO002771,2021-02-16 10:30:00,Seppuku,Action,Masaki Kobayashi,1962,133,12,6.50
PRO002772,2021-02-16 13:30:00,October Sky,Biography,Joe Johnston,1999,108,6,7.00
PRO002773,2021-02-16 16:00:00,Persona,Drama,Ingmar Bergman,1966,85,12,6.50
PRO002774,2021-02-17 10:00:00,What Ever Happened to Baby Jane?,Drama,Robert Aldrich,1962,134,12,8.00
PRO002775,2021-02-17 13:00:00,"Aguirre, der Zorn Gottes",Action,Werner Herzog,1972,95,12,8.50
PRO002776,2021-02-17 15:30:00,Rope,Crime,Alfred Hitchcock,1948,80,12,8.50
PRO002777,2021-02-18 10:30:00,Tôkyô monogatari,Drama,Yasujirô Ozu,1953,136,0,8.50
PRO002778,2021-02-18 13:30:00,Seppuku,Action,Masaki Kobayashi,1962,133,12,8.00
PRO002779,2021-02-18 16:30:00,Snatch,Comedy,Guy Ritchie,2000,104,12,8.50
PRO002780,2021-02-19 10:00:00,Paper Moon,Comedy,Peter Bogdanovich,1973,102,0,7.00
PRO002781,2021-02-20 10:30:00,Lat sau san taam,Action,John Woo,1992,128,16,7.00
PRO002782,2021-02-20 13:30:00,Lat sau san taam,Action,John Woo,1992,128,16,7.50
PRO002783,2021-02-20 16:30:00,October Sky,Biography,Joe Johnston,1999,108,6,8.50
PRO002784,2021-02-21 10:00:00,All About Eve,Drama,Joseph L. Mankiewicz,1950,138,12,7.50
PRO002785,2021-02-21 13:00:00,Fitzcarraldo,Adventure,Werner Herzog,1982,158,16,7.00
PRO002786,2021-02-21 16:30:00,La dolce vita,Comedy,Federico Fellini,1960,174,12,8.50
PRO002787,2021-02-21 20:00:00,Snatch,Comedy,Guy Ritchie,2000,104,12,10.00
PRO002788,2021-02-22 10:00:00,Le salaire de la peur,Adventure,Henri-Georges Clouzot,1953,131,0,7.50
PRO002789,2021-02-22 13:00:00,Rebecca,Drama,Alfred Hitchcock,1940,130,12,7.00
PRO002790,2021-02-22 16:00:00,Jûbê ninpûchô,Animation,Yoshiaki Kawajiri,1993,94,12,8.50
PRO002791,2021-02-23 10:00:00,Persona,Drama,Ingmar Bergman,1966,85,12,7.50
PRO002792,2021-02-23 12:30:00,The Ten Commandments,Adventure,Cecil B. DeMille,1956,220,0,7.00
PRO002793,2021-02-24 10:00:00,Braveheart,Biography,Mel Gibson,1995,178,12,7.50
PRO002794,2021-02-25 10:30:00,Seppuku,Action,Masaki Kobayashi,1962,133,12,8.00
PRO002795,2021-02-26 10:30:00,Office Space,Comedy,Mike Judge,1999,89,16,8.00
PRO002796,2021-02-26 12:30:00,The Philadelphia Story,Comedy,George Cukor,1940,112,12,8.00
PRO002797,2021-02-26 15:00:00,Amores perros,Drama,Alejandro G. Iñárritu,2000,154,12,8.00
PRO002798,2021-02-27 10:30:00,Stalag 17,Comedy,Billy Wilder,1953,120,12,6.50
PRO002799,2021-02-27 13:30:00,Le salaire de la peur,Adventure,Henri-Georges Clouzot,1953,131,0,6.50
PRO002800,2021-02-27 16:30:00,Fitzcarraldo,Adventure,Werner Herzog,1982,158,16,7.00
PRO002801,2021-02-27 20:00:00,The Magnificent Seven,Action,John Sturges,1960,128,12,8.50
PRO002802,2021-02-28 10:00:00,8½,Drama,Federico Fellini,1963,138,12,7.50
PRO002803,2021-02-28 13:30:00,Harry Potter and the Sorcerer's Stone,Adventure,Chris Columbus,2001,152,0,7.00
PRO002804,2021-02-28 17:00:00,Rebecca,Drama,Alfred Hitchcock,1940,130,12,8.50
PRO002805,2021-02-28 20:00:00,Stalag 17,Comedy,Billy Wilder,1953,120,12,8.50
PRO002806,2021-03-01 10:30:00,"Aguirre, der Zorn Gottes",Action,Werner Herzog,1972,95,12,8.00
PRO002807,2021-03-01 13:00:00,Rebecca,Drama,Alfred Hitchcock,1940,130,12,8.50
PRO002808,2021-03-02 10:00:00,Jûbê ninpûchô,Animation,Yoshiaki Kawajiri,1993,94,12,7.50
PRO002809,2021-03-02 12:30:00,8½,Drama,Federico Fellini,1963,138,12,8.50
PRO002810,2021-03-03 10:30:00,Cape Fear,Drama,J. Lee Thompson,1962,106,12,7.50
PRO002811,2021-03-03 13:00:00,Cape Fear,Drama,J. Lee Thompson,1962,106,12,7.50
PRO002812,2021-03-03 15:30:00,Boyz n the Hood,Crime,John Singleton,1991,112,12,7.00
PRO002813,2021-03-04 10:30:00,The Last of the Mohicans,Action,Michael Mann,1992,112,12,8.00
PRO002814,2021-03-04 13:00:00,Hamilton,Biography,Thomas Kail,2020,160,12,7.00
PRO002815,2021-03-04 16:30:00,La battaglia di Algeri,Drama,Gillo Pontecorvo,1966,121,12,8.00
PRO002816,2021-03-05 10:00:00,Rebecca,Drama,Alfred Hitchcock,1940,130,12,8.00
PRO002817,2021-03-05 13:00:00,Jûbê ninpûchô,Animation,Yoshiaki Kawajiri,1993,94,12,7.50
PRO002818,2021-03-06 10:00:00,The Last of the Mohicans,Action,Michael Mann,1992,112,12,7.00
PRO002819,2021-03-06 12:30:00,"Aguirre, der Zorn Gottes",Action,Werner Herzog,1972,95,12,7.50
PRO002820,2021-03-06 15:00:00,Persona,Drama,Ingmar Bergman,1966,85,12,8.50
PRO002821,2021-03-06 17:00:00,Toy Story 4,Animation,Josh Cooley,2019,100,0,7.50
PRO002822,2021-03-07 10:00:00,Lat sau san taam,Action,John Woo,1992,128,16,8.50
PRO002823,2021-03-07 13:00:00,Lat sau san taam,Action,John Woo,1992,128,16,8.50
PRO002824,2021-03-07 16:00:00,Harry Potter and the Sorcerer's Stone,Adventure,Chris Columbus,2001,152,0,7.50
PRO002825,2021-03-08 10:00:00,Network,Drama,Sidney Lumet,1976,121,12,6.50
PRO002826,2021-03-08 13:00:00,Lat sau san taam,Action,John Woo,1992,128,16,8.50
PRO002827,2021-03-09 10:00:00,E.T. the Extra-Terrestrial,Family,Steven Spielberg,1982,115,0,7.50
PRO002828,2021-03-09 13:00:00,Cape Fear,Drama,J. Lee Thompson,1962,106,12,7.50
PRO002829,2021-03-09 15:30:00,The Jungle Book,Animation,Wolfgang Reitherman,1967,78,0,7.00
PRO002830,2021-03-10 10:00:00,La passion de Jeanne d'Arc,Biography,Carl Theodor Dreyer,1928,110,12,8.50
PRO002831,2021-03-10 13:00:00,The Last of the Mohicans,Action,Michael Mann,1992,112,12,8.50
PRO002832,2021-03-11 10:30:00,Amores perros,Drama,Alejandro G. Iñárritu,2000,154,12,6.50
PRO002833,2021-03-12 10:00:00,Amores perros,Drama,Alejandro G. Iñárritu,2000,154,12,7.00
PRO002834,2021-03-12 13:30:00,Dog Day Afternoon,Biography,Sidney Lumet,1975,125,0,7.50
PRO002835,2021-03-13 10:30:00,Cape Fear,Drama,J. Lee Thompson,1962,106,12,6.50
PRO002836,2021-03-13 13:00:00,The Innocents,Horror,Jack Clayton,1961,100,12,8.00
PRO002837,2021-03-13 15:30:00,La dolce vita,Comedy,Federico Fellini,1960,174,12,8.50
PRO002838,2021-03-14 10:30:00,Fitzcarraldo,Adventure,Werner Herzog,1982,158,16,8.00
PRO002839,2021-03-14 14:00:00,8½,Drama,Federico Fellini,1963,138,12,8.50
PRO002840,2021-03-14 17:00:00,The Searchers,Adventure,John Ford,1956,119,12,6.50
PRO002841,2021-03-15 10:30:00,The Last of the Mohicans,Action,Michael Mann,1992,112,12,7.00
PRO002842,2021-03-15 13:00:00,The Ten Commandments,Adventure,Cecil B. DeMille,1956,220,0,7.00
PRO002843,2021-03-16 10:30:00,Remember the Titans,Biography,Boaz Yakin,2000,113,0,6.50
PRO002844,2021-03-17 10:00:00,E.T. the Extra-Terrestrial,Family,Steven Spielberg,1982,115,0,7.00
PRO002845,2021-03-17 13:00:00,Braveheart,Biography,Mel Gibson,1995,178,12,7.50
PRO002846,2021-03-18 10:00:00,Dirty Harry,Action,Don Siegel,1971,102,12,8.50
PRO002847,2021-03-19 10:00:00,The French Connection,Action,William Friedkin,1971,104,12,7.50
PRO002848,2021-03-19 12:30:00,Jûbê ninpûchô,Animation,Yoshiaki Kawajiri,1993,94,12,8.50
PRO002849,2021-03-19 15:00:00,La passion de Jeanne d'Arc,Biography,Carl Theodor Dreyer,1928,110,12,6.50
PRO002850,2021-03-20 10:00:00,Lifeboat,Drama,Alfred Hitchcock,1944,97,12,6.50
PRO002851,2021-03-20 12:30:00,Cape Fear,Drama,J. Lee Thompson,1962,106,12,7.50
PRO002852,2021-03-20 15:00:00,The French Connection,Action,William Friedkin,1971,104,12,7.50
PRO002853,2021-03-20 17:30:00,The French Connection,Action,William Friedkin,1971,104,12,6.50
PRO002854,2021-03-21 10:30:00,Braveheart,Biography,Mel Gibson,1995,178,12,7.00
PRO002855,2021-03-21 14:30:00,Network,Drama,Sidney Lumet,1976,121,12,7.00
PRO002856,2021-03-21 17:30:00,Jûbê ninpûchô,Animation,Yoshiaki Kawajiri,1993,94,12,6.50
PRO002857,2021-03-21 20:00:00,Dog Day Afternoon,Biography,Sidney Lumet,1975,125,0,9.00
PRO002858,2021-03-22 10:00:00,Dog Day Afternoon,Biography,Sidney Lumet,1975,125,0,7.50
PRO002859,2021-03-22 13:00:00,Toy Story 4,Animation,Josh Cooley,2019,100,0,8.00
PRO002860,2021-03-23 10:00:00,Y tu mamá también,Drama,Alfonso Cuarón,2001,106,12,7.00
PRO002861,2021-03-24 10:00:00,Remember the Titans,Biography,Boaz Yakin,2000,113,0,7.50
PRO002862,2021-03-24 13:00:00,Lifeboat,Drama,Alfred Hitchcock,1944,97,12,7.00
PRO002863,2021-03-24 15:30:00,8½,Drama,Federico Fellini,1963,138,12,6.50
PRO002864,2021-03-25 10:00:00,Rope,Crime,Alfred Hitchcock,1948,80,12,8.50
PRO002865,2021-03-25 12:00:00,The French Connection,Action,William Friedkin,1971,104,12,8.50
PRO002866,2021-03-25 14:30:00,La dolce vita,Comedy,Federico Fellini,1960,174,12,8.00
PRO002867,2021-03-26 10:00:00,Lifeboat,Drama,Alfred Hitchcock,1944,97,12,6.50
PRO002868,2021-03-26 12:30:00,Der Name der Rose,Crime,Jean-Jacques Annaud,1986,130,16,8.00
PRO002869,2021-03-26 15:30:00,Y tu mamá también,Drama,Alfonso Cuarón,2001,106,12,8.50
PRO002870,2021-03-27 10:30:00,The Searchers,Adventure,John Ford,1956,119,12,7.00
PRO002871,2021-03-27 13:30:00,The French Connection,Action,William Friedkin,1971,104,12,7.50
PRO002872,2021-03-27 16:00:00,The Searchers,Adventure,John Ford,1956,119,12,8.50
PRO002873,2021-03-28 10:30:00,The Innocents,Horror,Jack Clayton,1961,100,12,7.50
PRO002874,2021-03-28 13:00:00,Trois couleurs: Blanc,Comedy,Krzysztof Kieslowski,1994,92,0,8.00
PRO002875,2021-03-28 15:30:00,Lat sau san taam,Action,John Woo,1992,128,16,7.50
PRO002876,2021-03-29 10:00:00,La battaglia di Algeri,Drama,Gillo Pontecorvo,1966,121,12,8.00
PRO002877,2021-03-30 10:30:00,Dog Day Afternoon,Biography,Sidney Lumet,1975,125,0,6.50
PRO002878,2021-03-30 13:30:00,Le notti di Cabiria,Drama,Federico Fellini,1957,110,12,8.50
PRO002879,2021-03-31 10:00:00,Office Space,Comedy,Mike Judge,1999,89,16,6.50
PRO002880,2021-04-01 10:00:00,Remember the Titans,Biography,Boaz Yakin,2000,113,0,7.00
PRO002881,2021-04-01 12:30:00,Sunset Blvd.,Drama,Billy Wilder,1950,110,12,7.50
PRO002882,2021-04-01 15:00:00,Toy Story 4,Animation,Josh Cooley,2019,100,0,8.00
PRO002883,2021-04-02 10:00:00,La passion de Jeanne d'Arc,Biography,Carl Theodor Dreyer,1928,110,12,8.50
PRO002884,2021-04-02 12:30:00,The Trial of the Chicago 7,Drama,Aaron Sorkin,2020,129,16,7.00
PRO002885,2021-04-03 10:30:00,Hamilton,Biography,Thomas Kail,2020,160,12,7.00
PRO002886,2021-04-03 14:00:00,The Peanut Butter Falcon,Adventure,Tyler Nilson,2019,97,12,6.50
PRO002887,2021-04-03 16:30:00,Jûbê ninpûchô,Animation,Yoshiaki Kawajiri,1993,94,12,6.50
PRO002888,2021-04-04 10:30:00,Y tu mamá también,Drama,Alfonso Cuarón,2001,106,12,7.50
PRO002889,2021-04-04 13:00:00,The Shawshank Redemption,Drama,Frank Darabont,1994,142,12,7.00
PRO002890,2021-04-04 16:00:00,La passion de Jeanne d'Arc,Biography,Carl Theodor Dreyer,1928,110,12,8.00
PRO002891,2021-04-04 18:30:00,The Peanut Butter Falcon,Adventure,Tyler Nilson,2019,97,12,8.50
PRO002892,2021-04-05 10:00:00,The Shawshank Redemption,Drama,Frank Darabont,1994,142,12,6.50
PRO002893,2021-04-05 13:30:00,Toy Story 4,Animation,Josh Cooley,2019,100,0,8.50
PRO002894,2021-04-06 10:00:00,E.T. the Extra-Terrestrial,Family,Steven Spielberg,1982,115,0,7.00
PRO002895,2021-04-07 10:30:00,La vita è bella,Comedy,Roberto Benigni,1997,116,0,8.50
PRO002896,2021-04-07 13:00:00,Lifeboat,Drama,Alfred Hitchcock,1944,97,12,8.50
PRO002897,2021-04-07 15:30:00,Toy Story 4,Animation,Josh Cooley,2019,100,0,7.50
PRO002898,2021-04-08 10:30:00,Dead Poets Society,Comedy,Peter Weir,1989,128,0,8.00
PRO002899,2021-04-08 13:30:00,Harvey,Comedy,Henry Koster,1950,104,12,7.50
PRO002900,2021-04-09 10:30:00,La vita è bella,Comedy,Roberto Benigni,1997,116,0,7.00
PRO002901,2021-04-10 10:30:00,Jûbê ninpûchô,Animation,Yoshiaki Kawajiri,1993,94,12,7.50
PRO002902,2021-04-10 13:00:00,E.T. the Extra-Terrestrial,Family,Steven Spielberg,1982,115,0,8.50
PRO002903,2021-04-10 16:00:00,The Trial of the Chicago 7,Drama,Aaron Sorkin,2020,129,16,6.50
PRO002904,2021-04-11 10:30:00,Chung Hing sam lam,Comedy,Kar-Wai Wong,1994,102,0,7.00
PRO002905,2021-04-11 13:00:00,Dead Poets Society,Comedy,Peter Weir,1989,128,0,7.00
PRO002906,2021-04-11 16:00:00,Toy Story 4,Animation,Josh Cooley,2019,100,0,7.50
PRO002907,2021-04-11 18:30:00,Lifeboat,Drama,Alfred Hitchcock,1944,97,12,9.50
PRO002908,2021-04-12 10:30:00,Chung Hing sam lam,Comedy,Kar-Wai Wong,1994,102,0,8.00
PRO002909,2021-04-12 13:00:00,Sunset Blvd.,Drama,Billy Wilder,1950,110,12,6.50
PRO002910,2021-04-12 15:30:00,La battaglia di Algeri,Drama,Gillo Pontecorvo,1966,121,12,7.50
PRO002911,2021-04-13 10:00:00,Remember the Titans,Biography,Boaz Yakin,2000,113,0,7.50
PRO002912,2021-04-13 13:00:00,Being There,Comedy,Hal Ashby,1979,130,6,6.50
PRO002913,2021-04-13 16:00:00,La vita è bella,Comedy,Roberto Benigni,1997,116,0,8.00
PRO002914,2021-04-14 10:30:00,Being There,Comedy,Hal Ashby,1979,130,6,6.50
PRO002915,2021-04-14 13:30:00,The Trial of the Chicago 7,Drama,Aaron Sorkin,2020,129,16,8.50
PRO002916,2021-04-14 16:30:00,Chung Hing sam lam,Comedy,Kar-Wai Wong,1994,102,0,8.00
PRO002917,2021-04-15 10:30:00,Being There,Comedy,Hal Ashby,1979,130,6,7.00
PRO002918,2021-04-15 13:30:00,Office Space,Comedy,Mike Judge,1999,89,16,7.50
PRO002919,2021-04-15 16:00:00,E.T. the Extra-Terrestrial,Family,Steven Spielberg,1982,115,0,7.50
PRO002920,2021-04-16 10:00:00,Il conformista,Drama,Bernardo Bertolucci,1970,113,12,6.50
PRO002921,2021-04-16 12:30:00,E.T. the Extra-Terrestrial,Family,Steven Spielberg,1982,115,0,6.50
PRO002922,2021-04-17 10:30:00,E.T. the Extra-Terrestrial,Family,Steven Spielberg,1982,115,0,6.50
PRO002923,2021-04-17 13:30:00,Alien,Horror,Ridley Scott,1979,117,16,6.50
PRO002924,2021-04-17 16:30:00,Dip huet seung hung,Action,John Woo,1989,111,16,7.50
PRO002925,2021-04-17 19:00:00,Trois couleurs: Blanc,Comedy,Krzysztof Kieslowski,1994,92,0,9.00
PRO002926,2021-04-18 10:00:00,The French Connection,Action,William Friedkin,1971,104,12,8.00
PRO002927,2021-04-18 12:30:00,Y tu mamá también,Drama,Alfonso Cuarón,2001,106,12,6.50
PRO002928,2021-04-18 15:00:00,The Searchers,Adventure,John Ford,1956,119,12,8.00
PRO002929,2021-04-19 10:30:00,Bacheha-Ye aseman,Drama,Majid Majidi,1997,89,6,7.50
PRO002930,2021-04-19 13:00:00,Being There,Comedy,Hal Ashby,1979,130,6,8.00
PRO002931,2021-04-19 16:00:00,Blow,Biography,Ted Demme,2001,124,16,7.50
PRO002932,2021-04-20 10:30:00,Toy Story 4,Animation,Josh Cooley,2019,100,0,8.50
PRO002933,2021-04-20 13:00:00,Dead Poets Society,Comedy,Peter Weir,1989,128,0,8.00
PRO002934,2021-04-21 10:00:00,The Shawshank Redemption,Drama,Frank Darabont,1994,142,12,6.50
PRO002935,2021-04-21 13:00:00,The Sandlot,Comedy,David Mickey Evans,1993,101,0,8.50
PRO002936,2021-04-21 15:30:00,The Nightmare Before Christmas,Animation,Henry Selick,1993,76,0,8.00
PRO002937,2021-04-22 10:30:00,The Boondock Saints,Action,Troy Duffy,1999,108,16,7.50
PRO002938,2021-04-23 10:00:00,Sunset Blvd.,Drama,Billy Wilder,1950,110,12,6.50
PRO002939,2021-04-23 12:30:00,Network,Drama,Sidney Lumet,1976,121,12,8.00
PRO002940,2021-04-23 15:30:00,Il conformista,Drama,Bernardo Bertolucci,1970,113,12,8.50
PRO002941,2021-04-24 10:30:00,Il conformista,Drama,Bernardo Bertolucci,1970,113,12,7.50
PRO002942,2021-04-24 13:30:00,Les diaboliques,Crime,Henri-Georges Clouzot,1955,117,12,8.50
PRO002943,2021-04-24 16:30:00,Il conformista,Drama,Bernardo Bertolucci,1970,113,12,7.00
PRO002944,2021-04-25 10:00:00,The Boondock Saints,Action,Troy Duffy,1999,108,16,6.50
PRO002945,2021-04-25 12:30:00,Le notti di Cabiria,Drama,Federico Fellini,1957,110,12,8.50
PRO002946,2021-04-25 15:00:00,Trois couleurs: Blanc,Comedy,Krzysztof Kieslowski,1994,92,0,7.50
PRO002947,2021-04-25 17:30:00,Il conformista,Drama,Bernardo Bertolucci,1970,113,12,7.00
PRO002948,2021-04-26 10:00:00,Batman: Mask of the Phantasm,Animation,Kevin Altieri,1993,76,6,8.50
PRO002949,2021-04-26 12:00:00,Blow,Biography,Ted Demme,2001,124,16,7.50
PRO002950,2021-04-27 10:30:00,The Boondock Saints,Action,Troy Duffy,1999,108,16,6.50
PRO002951,2021-04-28 10:30:00,Blow,Biography,Ted Demme,2001,124,16,7.50
PRO002952,2021-04-28 13:30:00,True Romance,Crime,Tony Scott,1993,119,16,8.50
PRO002953,2021-04-28 16:30:00,Trois couleurs: Blanc,Comedy,Krzysztof Kieslowski,1994,92,0,7.00
PRO002954,2021-04-29 10:30:00,Bacheha-Ye aseman,Drama,Majid Majidi,1997,89,6,7.00
PRO002955,2021-04-30 10:30:00,The Searchers,Adventure,John Ford,1956,119,12,6.50
PRO002956,2021-04-30 13:00:00,The Sandlot,Comedy,David Mickey Evans,1993,101,0,8.50
PRO002957,2021-04-30 15:30:00,Dances with Wolves,Adventure,Kevin Costner,1990,181,0,6.50
PRO002958,2021-05-01 10:00:00,Duck Soup,Comedy,Leo McCarey,1933,69,12,8.00
PRO002959,2021-05-01 12:00:00,Batman: Mask of the Phantasm,Animation,Kevin Altieri,1993,76,6,6.50
PRO002960,2021-05-01 14:00:00,Il conformista,Drama,Bernardo Bertolucci,1970,113,12,8.00
PRO002961,2021-05-02 10:30:00,Y tu mamá también,Drama,Alfonso Cuarón,2001,106,12,7.50
PRO002962,2021-05-02 13:00:00,Duck Soup,Comedy,Leo McCarey,1933,69,12,8.50
PRO002963,2021-05-02 15:00:00,The Truman Show,Comedy,Peter Weir,1998,103,0,6.50
PRO002964,2021-05-03 10:30:00,Dances with Wolves,Adventure,Kevin Costner,1990,181,0,7.50
PRO002965,2021-05-03 14:30:00,Tengoku to jigoku,Crime,Akira Kurosawa,1963,143,12,8.50
PRO002966,2021-05-03 17:30:00,Being There,Comedy,Hal Ashby,1979,130,6,7.00
PRO002967,2021-05-04 10:00:00,Sunset Blvd.,Drama,Billy Wilder,1950,110,12,6.50
PRO002968,2021-05-04 13:00:00,The Truman Show,Comedy,Peter Weir,1998,103,0,7.00
PRO002969,2021-05-04 15:30:00,Harvey,Comedy,Henry Koster,1950,104,12,7.50
PRO002970,2021-05-05 10:30:00,Y tu mamá también,Drama,Alfonso Cuarón,2001,106,12,8.00
PRO002971,2021-05-06 10:00:00,The Truman Show,Comedy,Peter Weir,1998,103,0,7.00
PRO002972,2021-05-06 12:30:00,Dead Poets Society,Comedy,Peter Weir,1989,128,0,8.50
PRO002973,2021-05-07 10:30:00,It's a Wonderful Life,Drama,Frank Capra,1946,130,6,7.50
PRO002974,2021-05-07 13:30:00,The Sandlot,Comedy,David Mickey Evans,1993,101,0,8.00
PRO002975,2021-05-08 10:30:00,The Peanut Butter Falcon,Adventure,Tyler Nilson,2019,97,12,8.50
PRO002976,2021-05-08 13:00:00,True Romance,Crime,Tony Scott,1993,119,16,6.50
PRO002977,2021-05-08 16:00:00,Being John Malkovich,Comedy,Spike Jonze,1999,113,16,6.50
PRO002978,2021-05-09 10:30:00,Dead Poets Society,Comedy,Peter Weir,1989,128,0,6.50
PRO002979,2021-05-09 13:30:00,Duck Soup,Comedy,Leo McCarey,1933,69,12,7.00
PRO002980,2021-05-09 15:30:00,Duck Soup,Comedy,Leo McCarey,1933,69,12,8.50
PRO002981,2021-05-10 10:00:00,Ford v Ferrari,Action,James Mangold,2019,152,12,7.50
PRO002982,2021-05-11 10:00:00,Ford v Ferrari,Action,James Mangold,2019,152,12,7.00
PRO002983,2021-05-12 10:30:00,True Romance,Crime,Tony Scott,1993,119,16,6.50
PRO002984,2021-05-12 13:30:00,Sunset Blvd.,Drama,Billy Wilder,1950,110,12,8.50
PRO002985,2021-05-13 10:30:00,Primal Fear,Crime,Gregory Hoblit,1996,129,12,8.00
PRO002986,2021-05-13 13:30:00,Ford v Ferrari,Action,James Mangold,2019,152,12,7.00
PRO002987,2021-05-14 10:00:00,Primal Fear,Crime,Gregory Hoblit,1996,129,12,6.50
PRO002988,2021-05-15 10:00:00,The Princess Bride,Adventure,Rob Reiner,1987,98,0,7.50
PRO002989,2021-05-15 12:30:00,The Sandlot,Comedy,David Mickey Evans,1993,101,0,8.00
PRO002990,2021-05-15 15:00:00,Being John Malkovich,Comedy,Spike Jonze,1999,113,16,7.50
PRO002991,2021-05-15 17:30:00,Duck Soup,Comedy,Leo McCarey,1933,69,12,8.00
PRO002992,2021-05-16 10:00:00,The Princess Bride,Adventure,Rob Reiner,1987,98,0,8.00
PRO002993,2021-05-16 12:30:00,The Princess Bride,Adventure,Rob Reiner,1987,98,0,8.00
PRO002994,2021-05-16 15:00:00,Jaws,Adventure,Steven Spielberg,1975,124,12,7.00
PRO002995,2021-05-16 18:00:00,Unforgiven,Drama,Clint Eastwood,1992,130,12,8.50
PRO002996,2021-05-17 10:30:00,The Princess Bride,Adventure,Rob Reiner,1987,98,0,8.00
PRO002997,2021-05-17 13:00:00,Amélie,Comedy,Jean-Pierre Jeunet,2001,122,0,8.50
PRO002998,2021-05-17 16:00:00,Harvey,Comedy,Henry Koster,1950,104,12,8.50
PRO002999,2021-05-18 10:00:00,Primal Fear,Crime,Gregory Hoblit,1996,129,12,7.00
PRO003000,2021-05-18 13:00:00,Pulp Fiction,Crime,Quentin Tarantino,1994,154,12,7.00
PRO003001,2021-05-19 10:00:00,Ford v Ferrari,Action,James Mangold,2019,152,12,7.50
PRO003002,2021-05-19 13:30:00,Dances with Wolves,Adventure,Kevin Costner,1990,181,0,7.50
PRO003003,2021-05-20 10:30:00,The Boondock Saints,Action,Troy Duffy,1999,108,16,7.00
PRO003004,2021-05-21 10:00:00,Primal Fear,Crime,Gregory Hoblit,1996,129,12,6.50
PRO003005,2021-05-21 13:00:00,Ikiru,Drama,Akira Kurosawa,1952,143,12,7.50
PRO003006,2021-05-21 16:30:00,Bacheha-Ye aseman,Drama,Majid Majidi,1997,89,6,7.00
PRO003007,2021-05-22 10:30:00,Being John Malkovich,Comedy,Spike Jonze,1999,113,16,7.00
PRO003008,2021-05-22 13:00:00,Jaws,Adventure,Steven Spielberg,1975,124,12,7.00
PRO003009,2021-05-22 16:00:00,Todo sobre mi madre,Drama,Pedro Almodóvar,1999,101,16,8.50
PRO003010,2021-05-22 18:30:00,Amélie,Comedy,Jean-Pierre Jeunet,2001,122,0,9.50
PRO003011,2021-05-23 10:00:00,The Iron Giant,Animation,Brad Bird,1999,86,6,7.50
PRO003012,2021-05-23 12:30:00,It's a Wonderful Life,Drama,Frank Capra,1946,130,6,6.50
PRO003013,2021-05-23 15:30:00,Sunset Blvd.,Drama,Billy Wilder,1950,110,12,8.50
PRO003014,2021-05-23 18:00:00,Bacheha-Ye aseman,Drama,Majid Majidi,1997,89,6,8.50
PRO003015,2021-05-24 10:30:00,The Princess Bride,Adventure,Rob Reiner,1987,98,0,7.00
PRO003016,2021-05-24 13:00:00,Unforgiven,Drama,Clint Eastwood,1992,130,12,8.00
PRO003017,2021-05-24 16:00:00,Ford v Ferrari,Action,James Mangold,2019,152,12,7.00
PRO003018,2021-05-25 10:00:00,High Noon,Drama,Fred Zinnemann,1952,85,6,7.00
PRO003019,2021-05-26 10:30:00,The Truman Show,Comedy,Peter Weir,1998,103,0,8.50
PRO003020,2021-05-26 13:00:00,Pulp Fiction,Crime,Quentin Tarantino,1994,154,12,8.00
PRO003021,2021-05-26 16:30:00,"Crna macka, beli macor",Comedy,Emir Kusturica,1998,127,16,8.00
PRO003022,2021-05-27 10:00:00,"Planes, Trains & Automobiles",Comedy,John Hughes,1987,93,0,7.50
PRO003023,2021-05-27 12:30:00,Jaws,Adventure,Steven Spielberg,1975,124,12,8.50
PRO003024,2021-05-27 15:30:00,"Planes, Trains & Automobiles",Comedy,John Hughes,1987,93,0,6.50
PRO003025,2021-05-28 10:30:00,The Boondock Saints,Action,Troy Duffy,1999,108,16,7.50
PRO003026,2021-05-28 13:00:00,True Romance,Crime,Tony Scott,1993,119,16,6.50
PRO003027,2021-05-28 16:00:00,Todo sobre mi madre,Drama,Pedro Almodóvar,1999,101,16,7.00
PRO003028,2021-05-29 10:00:00,Ikiru,Drama,Akira Kurosawa,1952,143,12,6.50
PRO003029,2021-05-29 13:00:00,Vizontele,Comedy,Yilmaz Erdogan,2001,110,12,8.00
PRO003030,2021-05-29 16:00:00,Vizontele,Comedy,Yilmaz Erdogan,2001,110,12,8.00
PRO003031,2021-05-29 18:30:00,Primal Fear,Crime,Gregory Hoblit,1996,129,12,10.00
PRO003032,2021-05-30 10:00:00,The Iron Giant,Animation,Brad Bird,1999,86,6,8.50
PRO003033,2021-05-30 12:00:00,Duck Soup,Comedy,Leo McCarey,1933,69,12,8.00
PRO003034,2021-05-30 14:00:00,Amélie,Comedy,Jean-Pierre Jeunet,2001,122,0,8.00
PRO003035,2021-05-30 17:00:00,Singin' in the Rain,Comedy,Stanley Donen,1952,103,0,8.50
PRO003036,2021-05-31 10:00:00,On Golden Pond,Drama,Mark Rydell,1981,109,12,8.50
PRO003037,2021-05-31 12:30:00,Night on Earth,Comedy,Jim Jarmusch,1991,129,16,8.00
PRO003038,2021-06-01 10:00:00,Dom za vesanje,Comedy,Emir Kusturica,1988,142,16,7.00
PRO003039,2021-06-01 13:00:00,Jaws,Adventure,Steven Spielberg,1975,124,12,8.00
PRO003040,2021-06-02 10:00:00,It's a Wonderful Life,Drama,Frank Capra,1946,130,6,8.00
PRO003041,2021-06-02 13:00:00,Dom za vesanje,Comedy,Emir Kusturica,1988,142,16,8.50
PRO003042,2021-06-02 16:30:00,Rupan sansei: Kariosutoro no shiro,Animation,Hayao Miyazaki,1979,100,0,6.50
PRO003043,2021-06-03 10:00:00,Dances with Wolves,Adventure,Kevin Costner,1990,181,0,8.00
PRO003044,2021-06-03 14:00:00,Scent of a Woman,Drama,Martin Brest,1992,156,12,8.00
PRO003045,2021-06-04 10:30:00,Trois couleurs: Rouge,Drama,Krzysztof Kieslowski,1994,99,0,8.00
PRO003046,2021-06-05 10:00:00,Night on Earth,Comedy,Jim Jarmusch,1991,129,16,7.50
PRO003047,2021-06-05 13:00:00,Being John Malkovich,Comedy,Spike Jonze,1999,113,16,7.50
PRO003048,2021-06-05 15:30:00,On Golden Pond,Drama,Mark Rydell,1981,109,12,7.00
PRO003049,2021-06-05 18:00:00,Dom za vesanje,Comedy,Emir Kusturica,1988,142,16,8.50
PRO003050,2021-06-06 10:30:00,Dazed and Confused,Comedy,Richard Linklater,1993,102,0,8.50
PRO003051,2021-06-06 13:00:00,Harvey,Comedy,Henry Koster,1950,104,12,8.50
PRO003052,2021-06-06 15:30:00,Alien,Horror,Ridley Scott,1979,117,16,8.50
PRO003053,2021-06-07 10:00:00,Alien,Horror,Ridley Scott,1979,117,16,6.50
PRO003054,2021-06-08 10:30:00,Ford v Ferrari,Action,James Mangold,2019,152,12,7.50
PRO003055,2021-06-09 10:00:00,Alien,Horror,Ridley Scott,1979,117,16,6.50
PRO003056,2021-06-09 13:00:00,Nuovo Cinema Paradiso,Drama,Giuseppe Tornatore,1988,155,0,8.50
PRO003057,2021-06-09 16:30:00,Jaws,Adventure,Steven Spielberg,1975,124,12,7.50
PRO003058,2021-06-10 10:30:00,Bacheha-Ye aseman,Drama,Majid Majidi,1997,89,6,7.00
PRO003059,2021-06-10 13:00:00,Scent of a Woman,Drama,Martin Brest,1992,156,12,8.00
PRO003060,2021-06-10 16:30:00,Singin' in the Rain,Comedy,Stanley Donen,1952,103,0,6.50
PRO003061,2021-06-11 10:00:00,Soorarai Pottru,Drama,Sudha Kongara,2020,153,0,8.50
PRO003062,2021-06-11 13:30:00,Vizontele,Comedy,Yilmaz Erdogan,2001,110,12,7.00
PRO003063,2021-06-11 16:30:00,Vertigo,Mystery,Alfred Hitchcock,1958,128,12,8.50
PRO003064,2021-06-12 10:00:00,Trois couleurs: Rouge,Drama,Krzysztof Kieslowski,1994,99,0,7.50
PRO003065,2021-06-12 12:30:00,Gully Boy,Drama,Zoya Akhtar,2019,154,12,6.50
PRO003066,2021-06-12 16:00:00,The Princess Bride,Adventure,Rob Reiner,1987,98,0,8.00
PRO003067,2021-06-13 10:30:00,Soorarai Pottru,Drama,Sudha Kongara,2020,153,0,7.00
PRO003068,2021-06-13 14:00:00,Gully Boy,Drama,Zoya Akhtar,2019,154,12,8.50
PRO003069,2021-06-13 17:30:00,Jaws,Adventure,Steven Spielberg,1975,124,12,8.50
PRO003070,2021-06-13 20:30:00,Scent of a Woman,Drama,Martin Brest,1992,156,12,10.00
PRO003071,2021-06-14 10:00:00,Omohide poro poro,Animation,Isao Takahata,1991,118,0,6.50
PRO003072,2021-06-15 10:00:00,Vizontele,Comedy,Yilmaz Erdogan,2001,110,12,7.00
PRO003073,2021-06-15 12:30:00,Gully Boy,Drama,Zoya Akhtar,2019,154,12,8.50
PRO003074,2021-06-16 10:00:00,Brief Encounter,Drama,David Lean,1945,86,0,7.50
PRO003075,2021-06-16 12:00:00,Brief Encounter,Drama,David Lean,1945,86,0,7.00
PRO003076,2021-06-17 10:00:00,"Crna macka, beli macor",Comedy,Emir Kusturica,1998,127,16,8.50
PRO003077,2021-06-17 13:00:00,Dazed and Confused,Comedy,Richard Linklater,1993,102,0,6.50
PRO003078,2021-06-17 15:30:00,Trois couleurs: Rouge,Drama,Krzysztof Kieslowski,1994,99,0,7.00
PRO003079,2021-06-18 10:00:00,Harold and Maude,Comedy,Hal Ashby,1971,91,6,8.00
PRO003080,2021-06-19 10:00:00,Dark City,Mystery,Alex Proyas,1998,100,12,8.50
PRO003081,2021-06-19 12:30:00,Scarface: The Shame of the Nation,Action,Howard Hawks,1932,93,6,8.50
PRO003082,2021-06-19 15:00:00,Y tu mamá también,Drama,Alfonso Cuarón,2001,106,12,8.50
PRO003083,2021-06-20 10:00:00,Vampire Hunter D: Bloodlust,Animation,Yoshiaki Kawajiri,2000,103,0,7.00
PRO003084,2021-06-20 12:30:00,"Crna macka, beli macor",Comedy,Emir Kusturica,1998,127,16,8.50
PRO003085,2021-06-20 15:30:00,Nuovo Cinema Paradiso,Drama,Giuseppe Tornatore,1988,155,0,6.50
PRO003086,2021-06-20 19:00:00,Where Eagles Dare,Action,Brian G. Hutton,1968,158,0,9.00
PRO003087,2021-06-21 10:30:00,8½,Drama,Federico Fellini,1963,138,12,8.50
PRO003088,2021-06-21 13:30:00,Fried Green Tomatoes,Drama,Jon Avnet,1991,130,12,8.50
PRO003089,2021-06-22 10:00:00,Invasion of the Body Snatchers,Drama,Don Siegel,1956,80,12,8.00
PRO003090,2021-06-22 12:00:00,In a Lonely Place,Drama,Nicholas Ray,1950,94,12,6.50
PRO003091,2021-06-23 10:30:00,Dazed and Confused,Comedy,Richard Linklater,1993,102,0,7.50
PRO003092,2021-06-23 13:00:00,Dazed and Confused,Comedy,Richard Linklater,1993,102,0,8.50
PRO003093,2021-06-23 15:30:00,It's a Wonderful Life,Drama,Frank Capra,1946,130,6,8.00
PRO003094,2021-06-24 10:00:00,Primal Fear,Crime,Gregory Hoblit,1996,129,12,8.50
PRO003095,2021-06-24 13:00:00,Scarface: The Shame of the Nation,Action,Howard Hawks,1932,93,6,7.00
PRO003096,2021-06-25 10:00:00,Alien,Horror,Ridley Scott,1979,117,16,8.00
PRO003097,2021-06-25 12:30:00,"Planes, Trains & Automobiles",Comedy,John Hughes,1987,93,0,8.50
PRO003098,2021-06-26 10:30:00,Omohide poro poro,Animation,Isao Takahata,1991,118,0,8.50
PRO003099,2021-06-26 13:30:00,Sabrina,Comedy,Billy Wilder,1954,113,12,7.00
PRO003100,2021-06-26 16:00:00,Harold and Maude,Comedy,Hal Ashby,1971,91,6,8.00
PRO003101,2021-06-26 18:30:00,The Lost Weekend,Drama,Billy Wilder,1945,101,12,9.00
PRO003102,2021-06-27 10:30:00,Alien,Horror,Ridley Scott,1979,117,16,8.50
PRO003103,2021-06-27 13:30:00,Trois couleurs: Rouge,Drama,Krzysztof Kieslowski,1994,99,0,8.50
PRO003104,2021-06-27 16:00:00,Once Upon a Time... in Hollywood,Comedy,Quentin Tarantino,2019,161,12,7.50
PRO003105,2021-06-27 19:30:00,The Princess Bride,Adventure,Rob Reiner,1987,98,0,9.50
PRO003106,2021-06-28 10:30:00,Jaws,Adventure,Steven Spielberg,1975,124,12,6.50
PRO003107,2021-06-28 13:30:00,The Princess Bride,Adventure,Rob Reiner,1987,98,0,7.50
PRO003108,2021-06-28 16:00:00,"Planes, Trains & Automobiles",Comedy,John Hughes,1987,93,0,6.50
PRO003109,2021-06-29 10:00:00,Brief Encounter,Drama,David Lean,1945,86,0,8.00
PRO003110,2021-06-30 10:30:00,Vampire Hunter D: Bloodlust,Animation,Yoshiaki Kawajiri,2000,103,0,8.00
PRO003111,2021-06-30 13:00:00,The Princess Bride,Adventure,Rob Reiner,1987,98,0,8.00
PRO003112,2021-06-30 15:30:00,"Planes, Trains & Automobiles",Comedy,John Hughes,1987,93,0,7.50
PRO003113,2021-07-01 10:00:00,"Crna macka, beli macor",Comedy,Emir Kusturica,1998,127,16,8.00
PRO003114,2021-07-01 13:00:00,The Gold Rush,Adventure,Charles Chaplin,1925,95,12,6.50
PRO003115,2021-07-02 10:30:00,Vampire Hunter D: Bloodlust,Animation,Yoshiaki Kawajiri,2000,103,0,7.00
PRO003116,2021-07-02 13:00:00,Ford v Ferrari,Action,James Mangold,2019,152,12,8.00
PRO003117,2021-07-03 10:30:00,Brief Encounter,Drama,David Lean,1945,86,0,8.00
PRO003118,2021-07-03 13:00:00,Arsenic and Old Lace,Comedy,Frank Capra,1942,118,12,7.00
PRO003119,2021-07-03 15:30:00,Once Upon a Time... in Hollywood,Comedy,Quentin Tarantino,2019,161,12,8.00
PRO003120,2021-07-04 10:00:00,Nuovo Cinema Paradiso,Drama,Giuseppe Tornatore,1988,155,0,7.50
PRO003121,2021-07-04 13:30:00,Knockin' on Heaven's Door,Action,Thomas Jahn,1997,87,12,6.50
PRO003122,2021-07-04 15:30:00,In a Lonely Place,Drama,Nicholas Ray,1950,94,12,6.50
PRO003123,2021-07-05 10:30:00,Funny Games,Crime,Michael Haneke,1997,108,12,7.50
PRO003124,2021-07-05 13:00:00,Fried Green Tomatoes,Drama,Jon Avnet,1991,130,12,7.00
PRO003125,2021-07-05 16:00:00,In a Lonely Place,Drama,Nicholas Ray,1950,94,12,7.00
PRO003126,2021-07-06 10:00:00,Dazed and Confused,Comedy,Richard Linklater,1993,102,0,7.00
PRO003127,2021-07-07 10:30:00,Once Upon a Time... in Hollywood,Comedy,Quentin Tarantino,2019,161,12,8.00
PRO003128,2021-07-08 10:00:00,Gully Boy,Drama,Zoya Akhtar,2019,154,12,8.00
PRO003129,2021-07-09 10:30:00,Dawn of the Dead,Action,George A. Romero,1978,127,12,7.50
PRO003130,2021-07-09 13:30:00,Crimes and Misdemeanors,Comedy,Woody Allen,1989,104,12,8.50
PRO003131,2021-07-10 10:00:00,Per un pugno di dollari,Action,Sergio Leone,1964,99,12,7.00
PRO003132,2021-07-10 12:30:00,Scent of a Woman,Drama,Martin Brest,1992,156,12,7.00
PRO003133,2021-07-10 16:00:00,Trois couleurs: Rouge,Drama,Krzysztof Kieslowski,1994,99,0,7.50
PRO003134,2021-07-10 18:30:00,Dawn of the Dead,Action,George A. Romero,1978,127,12,9.00
PRO003135,2021-07-11 10:30:00,Harold and Maude,Comedy,Hal Ashby,1971,91,6,8.00
PRO003136,2021-07-11 13:00:00,Arsenic and Old Lace,Comedy,Frank Capra,1942,118,12,8.50
PRO003137,2021-07-11 16:00:00,Where Eagles Dare,Action,Brian G. Hutton,1968,158,0,7.50
PRO003138,2021-07-12 10:30:00,Vertigo,Mystery,Alfred Hitchcock,1958,128,12,7.00
PRO003139,2021-07-12 13:30:00,Sabrina,Comedy,Billy Wilder,1954,113,12,7.00
PRO003140,2021-07-12 16:00:00,Vampire Hunter D: Bloodlust,Animation,Yoshiaki Kawajiri,2000,103,0,8.00
PRO003141,2021-07-13 10:00:00,Where Eagles Dare,Action,Brian G. Hutton,1968,158,0,6.50
PRO003142,2021-07-14 10:30:00,"Paris, Texas",Drama,Wim Wenders,1984,145,0,6.50
PRO003143,2021-07-14 14:00:00,Where Eagles Dare,Action,Brian G. Hutton,1968,158,0,7.50
PRO003144,2021-07-15 10:00:00,Sholay,Action,Ramesh Sippy,1975,204,0,8.00
PRO003145,2021-07-15 14:00:00,Soorarai Pottru,Drama,Sudha Kongara,2020,153,0,7.00
PRO003146,2021-07-16 10:00:00,Once Upon a Time... in Hollywood,Comedy,Quentin Tarantino,2019,161,12,6.50
PRO003147,2021-07-17 10:30:00,Harold and Maude,Comedy,Hal Ashby,1971,91,6,8.50
PRO003148,2021-07-17 13:00:00,8½,Drama,Federico Fellini,1963,138,12,8.00
PRO003149,2021-07-17 16:00:00,Fried Green Tomatoes,Drama,Jon Avnet,1991,130,12,7.00
PRO003150,2021-07-17 19:00:00,No Man's Land,Comedy,Danis Tanovic,2001,98,16,9.50
PRO003151,2021-07-18 10:30:00,"Paris, Texas",Drama,Wim Wenders,1984,145,0,6.50
PRO003152,2021-07-18 13:30:00,This Is Spinal Tap,Comedy,Rob Reiner,1984,82,16,8.50
PRO003153,2021-07-18 16:00:00,Fried Green Tomatoes,Drama,Jon Avnet,1991,130,12,8.00
PRO003154,2021-07-19 10:00:00,"Paris, Texas",Drama,Wim Wenders,1984,145,0,8.00
PRO003155,2021-07-20 10:30:00,The Day the Earth Stood Still,Drama,Robert Wise,1951,92,0,8.00
PRO003156,2021-07-20 13:00:00,Soorarai Pottru,Drama,Sudha Kongara,2020,153,0,7.00
PRO003157,2021-07-21 10:30:00,Andrei Rublev,Biography,Andrei Tarkovsky,1966,205,16,7.50
PRO003158,2021-07-21 15:00:00,The Day the Earth Stood Still,Drama,Robert Wise,1951,92,0,7.00
PRO003159,2021-07-22 10:00:00,Crimes and Misdemeanors,Comedy,Woody Allen,1989,104,12,6.50
PRO003160,2021-07-23 10:00:00,Dazed and Confused,Comedy,Richard Linklater,1993,102,0,7.50
PRO003161,2021-07-23 12:30:00,Witness for the Prosecution,Crime,Billy Wilder,1957,116,0,8.00
PRO003162,2021-07-23 15:30:00,Trois couleurs: Rouge,Drama,Krzysztof Kieslowski,1994,99,0,8.50
PRO003163,2021-07-24 10:30:00,Vertigo,Mystery,Alfred Hitchcock,1958,128,12,8.50
PRO003164,2021-07-24 13:30:00,This Is Spinal Tap,Comedy,Rob Reiner,1984,82,16,8.50
PRO003165,2021-07-24 15:30:00,Per un pugno di dollari,Action,Sergio Leone,1964,99,12,8.00
PRO003166,2021-07-24 18:00:00,Short Cuts,Comedy,Robert Altman,1993,188,16,8.50
PRO003167,2021-07-25 10:30:00,I Am Sam,Drama,Jessie Nelson,2001,132,12,6.50
PRO003168,2021-07-25 13:30:00,Dawn of the Dead,Action,George A. Romero,1978,127,12,8.50
PRO003169,2021-07-25 16:30:00,Crimes and Misdemeanors,Comedy,Woody Allen,1989,104,12,6.50
PRO003170,2021-07-26 10:00:00,"Lock, Stock and Two Smoking Barrels",Action,Guy Ritchie,1998,107,12,7.00
PRO003171,2021-07-27 10:00:00,La leggenda del pianista sull'oceano,Drama,Giuseppe Tornatore,1998,169,0,7.50
PRO003172,2021-07-27 13:30:00,Arsenic and Old Lace,Comedy,Frank Capra,1942,118,12,7.00
PRO003173,2021-07-28 10:30:00,Vampire Hunter D: Bloodlust,Animation,Yoshiaki Kawajiri,2000,103,0,8.00
PRO003174,2021-07-28 13:00:00,"Lock, Stock and Two Smoking Barrels",Action,Guy Ritchie,1998,107,12,8.50
PRO003175,2021-07-28 15:30:00,Crimes and Misdemeanors,Comedy,Woody Allen,1989,104,12,7.00
PRO003176,2021-07-29 10:00:00,This Is Spinal Tap,Comedy,Rob Reiner,1984,82,16,8.00
PRO003177,2021-07-30 10:00:00,I Am Sam,Drama,Jessie Nelson,2001,132,12,8.00
PRO003178,2021-07-30 13:00:00,Indiana Jones and the Last Crusade,Action,Steven Spielberg,1989,127,0,7.00
PRO003179,2021-07-30 16:00:00,Indiana Jones and the Last Crusade,Action,Steven Spielberg,1989,127,0,7.50
PRO003180,2021-07-31 10:30:00,I Am Sam,Drama,Jessie Nelson,2001,132,12,8.50
PRO003181,2021-07-31 13:30:00,Gully Boy,Drama,Zoya Akhtar,2019,154,12,6.50
PRO003182,2021-07-31 17:00:00,Indiana Jones and the Last Crusade,Action,Steven Spielberg,1989,127,0,7.00
PRO003183,2021-08-01 10:00:00,The Day the Earth Stood Still,Drama,Robert Wise,1951,92,0,8.00
PRO003184,2021-08-01 12:30:00,Indiana Jones and the Last Crusade,Action,Steven Spielberg,1989,127,0,6.50
PRO003185,2021-08-01 15:30:00,"Paris, Texas",Drama,Wim Wenders,1984,145,0,7.00
PRO003186,2021-08-02 10:30:00,The Third Man,Film-Noir,Carol Reed,1949,104,12,8.50
PRO003187,2021-08-03 10:30:00,Dà hóng denglong gaogao guà,Drama,Yimou Zhang,1991,125,6,8.50
PRO003188,2021-08-03 13:30:00,It's a Wonderful Life,Drama,Frank Capra,1946,130,6,8.00
PRO003189,2021-08-03 16:30:00,The Killing,Crime,Stanley Kubrick,1956,84,12,8.50
PRO003190,2021-08-04 10:00:00,Dà hóng denglong gaogao guà,Drama,Yimou Zhang,1991,125,6,7.50
PRO003191,2021-08-04 13:00:00,Funny Games,Crime,Michael Haneke,1997,108,12,8.50
PRO003192,2021-08-04 15:30:00,Sabrina,Comedy,Billy Wilder,1954,113,12,8.00
PRO003193,2021-08-05 10:00:00,I Am Sam,Drama,Jessie Nelson,2001,132,12,8.00
PRO003194,2021-08-06 10:30:00,Dà hóng denglong gaogao guà,Drama,Yimou Zhang,1991,125,6,7.50
PRO003195,2021-08-06 13:30:00,"Lock, Stock and Two Smoking Barrels",Action,Guy Ritchie,1998,107,12,7.00
PRO003196,2021-08-07 10:30:00,I Am Sam,Drama,Jessie Nelson,2001,132,12,7.00
PRO003197,2021-08-07 13:30:00,Billy Elliot,Drama,Stephen Daldry,2000,110,16,8.00
PRO003198,2021-08-07 16:00:00,Crimes and Misdemeanors,Comedy,Woody Allen,1989,104,12,6.50
PRO003199,2021-08-08 10:00:00,The Killing,Crime,Stanley Kubrick,1956,84,12,6.50
PRO003200,2021-08-08 12:30:00,Léon,Action,Luc Besson,1994,110,12,8.00
PRO003201,2021-08-08 15:30:00,La leggenda del pianista sull'oceano,Drama,Giuseppe Tornatore,1998,169,0,6.50
PRO003202,2021-08-08 19:00:00,Witness for the Prosecution,Crime,Billy Wilder,1957,116,0,9.50
PRO003203,2021-08-09 10:30:00,Trainspotting,Drama,Danny Boyle,1996,93,12,8.50
PRO003204,2021-08-10 10:00:00,La passion de Jeanne d'Arc,Biography,Carl Theodor Dreyer,1928,110,12,6.50
PRO003205,2021-08-11 10:30:00,The Third Man,Film-Noir,Carol Reed,1949,104,12,7.00
PRO003206,2021-08-11 13:00:00,Kind Hearts and Coronets,Comedy,Robert Hamer,1949,106,0,8.50
PRO003207,2021-08-12 10:00:00,This Is Spinal Tap,Comedy,Rob Reiner,1984,82,16,6.50
PRO003208,2021-08-13 10:00:00,I Am Sam,Drama,Jessie Nelson,2001,132,12,7.50
PRO003209,2021-08-14 10:30:00,Sabrina,Comedy,Billy Wilder,1954,113,12,7.50
PRO003210,2021-08-14 13:00:00,Indiana Jones and the Last Crusade,Action,Steven Spielberg,1989,127,0,6.50
PRO003211,2021-08-14 16:00:00,Toy Story 2,Animation,John Lasseter,1999,92,0,8.00
PRO003212,2021-08-14 18:30:00,Nuovo Cinema Paradiso,Drama,Giuseppe Tornatore,1988,155,0,9.50
PRO003213,2021-08-15 10:30:00,Raging Bull,Biography,Martin Scorsese,1980,129,12,7.00
PRO003214,2021-08-15 13:30:00,Crimes and Misdemeanors,Comedy,Woody Allen,1989,104,12,8.50
PRO003215,2021-08-15 16:00:00,Serpico,Biography,Sidney Lumet,1973,130,12,8.50
PRO003216,2021-08-16 10:30:00,La leggenda del pianista sull'oceano,Drama,Giuseppe Tornatore,1998,169,0,7.50
PRO003217,2021-08-17 10:30:00,Andaz Apna Apna,Action,Rajkumar Santoshi,1994,160,0,7.50
PRO003218,2021-08-18 10:00:00,Raging Bull,Biography,Martin Scorsese,1980,129,12,6.50
PRO003219,2021-08-18 13:00:00,Raging Bull,Biography,Martin Scorsese,1980,129,12,7.50
PRO003220,2021-08-18 16:00:00,Per un pugno di dollari,Action,Sergio Leone,1964,99,12,7.50
PRO003221,2021-08-19 10:30:00,The Godfather,Crime,Francis Ford Coppola,1972,175,12,6.50
PRO003222,2021-08-19 14:00:00,Taxi Driver,Crime,Martin Scorsese,1976,114,12,7.00
PRO003223,2021-08-20 10:00:00,Per un pugno di dollari,Action,Sergio Leone,1964,99,12,7.50
PRO003224,2021-08-20 12:30:00,La leggenda del pianista sull'oceano,Drama,Giuseppe Tornatore,1998,169,0,8.50
PRO003225,2021-08-20 16:30:00,The Truman Show,Comedy,Peter Weir,1998,103,0,7.00
PRO003226,2021-08-21 10:30:00,Raging Bull,Biography,Martin Scorsese,1980,129,12,8.00
PRO003227,2021-08-21 13:30:00,Serpico,Biography,Sidney Lumet,1973,130,12,7.50
PRO003228,2021-08-21 16:30:00,Harold and Maude,Comedy,Hal Ashby,1971,91,6,6.50
PRO003229,2021-08-21 19:00:00,Toy Story 2,Animation,John Lasseter,1999,92,0,9.50
PRO003230,2021-08-22 10:00:00,Toy Story 2,Animation,John Lasseter,1999,92,0,6.50
PRO003231,2021-08-22 12:30:00,"Paris, Texas",Drama,Wim Wenders,1984,145,0,8.50
PRO003232,2021-08-22 16:00:00,The Truman Show,Comedy,Peter Weir,1998,103,0,8.00
PRO003233,2021-08-22 18:30:00,Toy Story 2,Animation,John Lasseter,1999,92,0,8.50
PRO003234,2021-08-23 10:30:00,Nuovo Cinema Paradiso,Drama,Giuseppe Tornatore,1988,155,0,8.50
PRO003235,2021-08-23 14:00:00,The Truman Show,Comedy,Peter Weir,1998,103,0,7.50
PRO003236,2021-08-23 16:30:00,Taxi Driver,Crime,Martin Scorsese,1976,114,12,6.50
PRO003237,2021-08-24 10:30:00,Jojo Rabbit,Comedy,Taika Waititi,2019,108,12,6.50
PRO003238,2021-08-25 10:00:00,Ran,Action,Akira Kurosawa,1985,162,0,7.50
PRO003239,2021-08-26 10:30:00,Ran,Action,Akira Kurosawa,1985,162,0,8.00
PRO003240,2021-08-27 10:00:00,Raging Bull,Biography,Martin Scorsese,1980,129,12,7.50
PRO003241,2021-08-28 10:30:00,The Apartment,Comedy,Billy Wilder,1960,125,0,7.50
PRO003242,2021-08-28 13:30:00,The Magnificent Seven,Action,John Sturges,1960,128,12,8.50
PRO003243,2021-08-28 16:30:00,The Boondock Saints,Action,Troy Duffy,1999,108,16,7.00
PRO003244,2021-08-29 10:00:00,Harold and Maude,Comedy,Hal Ashby,1971,91,6,8.00
PRO003245,2021-08-29 12:30:00,Andaz Apna Apna,Action,Rajkumar Santoshi,1994,160,0,6.50
PRO003246,2021-08-29 16:00:00,Billy Elliot,Drama,Stephen Daldry,2000,110,16,7.00
PRO003247,2021-08-29 18:30:00,Bonnie and Clyde,Action,Arthur Penn,1967,111,12,9.00
PRO003248,2021-08-30 10:30:00,The Thing,Horror,John Carpenter,1982,109,12,6.50
PRO003249,2021-08-30 13:00:00,Serpico,Biography,Sidney Lumet,1973,130,12,7.00
PRO003250,2021-08-30 16:00:00,Taxi Driver,Crime,Martin Scorsese,1976,114,12,8.50
PRO003251,2021-08-31 10:30:00,Sunset Blvd.,Drama,Billy Wilder,1950,110,12,7.50
PRO003252,2021-09-01 10:30:00,Léon,Action,Luc Besson,1994,110,12,8.00
PRO003253,2021-09-01 13:30:00,The 39 Steps,Crime,Alfred Hitchcock,1935,86,12,7.50
PRO003254,2021-09-01 15:30:00,La passion de Jeanne d'Arc,Biography,Carl Theodor Dreyer,1928,110,12,6.50
PRO003255,2021-09-02 10:00:00,The Thing,Horror,John Carpenter,1982,109,12,7.50
PRO003256,2021-09-02 13:00:00,Toy Story 2,Animation,John Lasseter,1999,92,0,8.00
PRO003257,2021-09-03 10:30:00,The Thing,Horror,John Carpenter,1982,109,12,7.00
PRO003258,2021-09-03 13:00:00,Serpico,Biography,Sidney Lumet,1973,130,12,7.00
PRO003259,2021-09-04 10:30:00,Léon,Action,Luc Besson,1994,110,12,7.50
PRO003260,2021-09-04 13:00:00,The Godfather,Crime,Francis Ford Coppola,1972,175,12,8.00
PRO003261,2021-09-04 17:00:00,The Thing,Horror,John Carpenter,1982,109,12,8.00
PRO003262,2021-09-05 10:00:00,Léon,Action,Luc Besson,1994,110,12,8.00
PRO003263,2021-09-05 13:00:00,Raging Bull,Biography,Martin Scorsese,1980,129,12,8.00
PRO003264,2021-09-05 16:00:00,Bonnie and Clyde,Action,Arthur Penn,1967,111,12,7.00
PRO003265,2021-09-05 18:30:00,The Boondock Saints,Action,Troy Duffy,1999,108,16,8.50
PRO003266,2021-09-06 10:00:00,The Magnificent Seven,Action,John Sturges,1960,128,12,6.50
PRO003267,2021-09-06 13:00:00,Rear Window,Mystery,Alfred Hitchcock,1954,112,0,7.00
PRO003268,2021-09-07 10:00:00,The Killing,Crime,Stanley Kubrick,1956,84,12,8.00
PRO003269,2021-09-07 12:00:00,The Boondock Saints,Action,Troy Duffy,1999,108,16,8.00
PRO003270,2021-09-08 10:30:00,Raging Bull,Biography,Martin Scorsese,1980,129,12,7.50
PRO003271,2021-09-08 13:30:00,The Purple Rose of Cairo,Comedy,Woody Allen,1985,82,0,7.00
PRO003272,2021-09-08 16:00:00,The Godfather,Crime,Francis Ford Coppola,1972,175,12,6.50
PRO003273,2021-09-09 10:30:00,Brazil,Drama,Terry Gilliam,1985,132,0,7.00
PRO003274,2021-09-10 10:00:00,Ran,Action,Akira Kurosawa,1985,162,0,6.50
PRO003275,2021-09-10 13:30:00,Miller's Crossing,Crime,Joel Coen,1990,115,16,6.50
PRO003276,2021-09-10 16:30:00,The Muppet Movie,Adventure,James Frawley,1979,95,0,7.00
PRO003277,2021-09-11 10:30:00,American Beauty,Drama,Sam Mendes,1999,122,12,8.50
PRO003278,2021-09-11 13:30:00,Kind Hearts and Coronets,Comedy,Robert Hamer,1949,106,0,8.50
PRO003279,2021-09-11 16:00:00,Sunset Blvd.,Drama,Billy Wilder,1950,110,12,6.50
PRO003280,2021-09-12 10:00:00,American Beauty,Drama,Sam Mendes,1999,122,12,8.00
PRO003281,2021-09-12 13:00:00,The 39 Steps,Crime,Alfred Hitchcock,1935,86,12,8.00
PRO003282,2021-09-12 15:30:00,Indiana Jones and the Last Crusade,Action,Steven Spielberg,1989,127,0,7.00
PRO003283,2021-09-12 18:30:00,Bride of Frankenstein,Drama,James Whale,1935,75,12,9.50
PRO003284,2021-09-13 10:30:00,The Shop Around the Corner,Comedy,Ernst Lubitsch,1940,99,12,7.50
PRO003285,2021-09-13 13:00:00,Ran,Action,Akira Kurosawa,1985,162,0,6.50
PRO003286,2021-09-13 16:30:00,Invasion of the Body Snatchers,Drama,Don Siegel,1956,80,12,7.00
PRO003287,2021-09-14 10:00:00,The Apartment,Comedy,Billy Wilder,1960,125,0,7.00
PRO003288,2021-09-14 13:00:00,Goldfinger,Action,Guy Hamilton,1964,110,12,7.00
PRO003289,2021-09-15 10:00:00,The Little Mermaid,Animation,Ron Clements,1989,83,0,7.00
PRO003290,2021-09-15 12:30:00,Invasion of the Body Snatchers,Drama,Don Siegel,1956,80,12,7.50
PRO003291,2021-09-16 10:00:00,Sense and Sensibility,Drama,Ang Lee,1995,136,0,7.50
PRO003292,2021-09-16 13:00:00,Rear Window,Mystery,Alfred Hitchcock,1954,112,0,7.00
PRO003293,2021-09-16 16:00:00,The Little Mermaid,Animation,Ron Clements,1989,83,0,7.00
PRO003294,2021-09-17 10:30:00,Brazil,Drama,Terry Gilliam,1985,132,0,6.50
PRO003295,2021-09-18 10:30:00,The Apartment,Comedy,Billy Wilder,1960,125,0,8.50
PRO003296,2021-09-18 13:30:00,Goldfinger,Action,Guy Hamilton,1964,110,12,8.50
PRO003297,2021-09-18 16:00:00,Goldfinger,Action,Guy Hamilton,1964,110,12,7.50
PRO003298,2021-09-19 10:30:00,Mad Max 2,Action,George Miller,1981,96,12,6.50
PRO003299,2021-09-19 13:00:00,The Muppet Movie,Adventure,James Frawley,1979,95,0,8.00
PRO003300,2021-09-19 15:30:00,Invasion of the Body Snatchers,Drama,Don Siegel,1956,80,12,7.50
PRO003301,2021-09-20 10:00:00,Brazil,Drama,Terry Gilliam,1985,132,0,7.00
PRO003302,2021-09-20 13:00:00,Gongdong gyeongbi guyeok JSA,Action,Chan-wook Park,2000,110,12,7.50
PRO003303,2021-09-21 10:00:00,The Shop Around the Corner,Comedy,Ernst Lubitsch,1940,99,12,7.50
PRO003304,2021-09-22 10:30:00,Jojo Rabbit,Comedy,Taika Waititi,2019,108,12,7.00
PRO003305,2021-09-22 13:00:00,Sunset Blvd.,Drama,Billy Wilder,1950,110,12,8.50
PRO003306,2021-09-22 15:30:00,Rear Window,Mystery,Alfred Hitchcock,1954,112,0,6.50
PRO003307,2021-09-23 10:00:00,The Thing,Horror,John Carpenter,1982,109,12,6.50
PRO003308,2021-09-23 12:30:00,Taxi Driver,Crime,Martin Scorsese,1976,114,12,7.00
PRO003309,2021-09-23 15:00:00,À bout de souffle,Crime,Jean-Luc Godard,1960,90,0,6.50
PRO003310,2021-09-24 10:00:00,The Muppet Movie,Adventure,James Frawley,1979,95,0,8.50
PRO003311,2021-09-24 12:30:00,Pulp Fiction,Crime,Quentin Tarantino,1994,154,12,8.50
PRO003312,2021-09-24 16:00:00,Miller's Crossing,Crime,Joel Coen,1990,115,16,7.50
PRO003313,2021-09-25 10:00:00,Sunset Blvd.,Drama,Billy Wilder,1950,110,12,6.50
PRO003314,2021-09-25 12:30:00,Brazil,Drama,Terry Gilliam,1985,132,0,8.00
PRO003315,2021-09-25 15:30:00,Just Mercy,Biography,Destin Daniel Cretton,2019,137,12,8.50
PRO003316,2021-09-26 10:30:00,Mad Max 2,Action,George Miller,1981,96,12,8.00
PRO003317,2021-09-26 13:00:00,Bonnie and Clyde,Action,Arthur Penn,1967,111,12,6.50
PRO003318,2021-09-26 16:00:00,The Shop Around the Corner,Comedy,Ernst Lubitsch,1940,99,12,8.00
PRO003319,2021-09-27 10:00:00,Andrei Rublev,Biography,Andrei Tarkovsky,1966,205,16,8.00
PRO003320,2021-09-27 14:30:00,Pulp Fiction,Crime,Quentin Tarantino,1994,154,12,6.50
PRO003321,2021-09-28 10:00:00,The Boondock Saints,Action,Troy Duffy,1999,108,16,7.00
PRO003322,2021-09-28 13:00:00,Sunset Blvd.,Drama,Billy Wilder,1950,110,12,8.00
PRO003323,2021-09-28 15:30:00,Platoon,Drama,Oliver Stone,1986,120,12,7.00
PRO003324,2021-09-29 10:00:00,The Little Mermaid,Animation,Ron Clements,1989,83,0,8.00
PRO003325,2021-09-30 10:30:00,Platoon,Drama,Oliver Stone,1986,120,12,8.00
PRO003326,2021-09-30 13:30:00,Kaze no tani no Naushika,Animation,Hayao Miyazaki,1984,117,0,8.00
PRO003327,2021-09-30 16:00:00,Just Mercy,Biography,Destin Daniel Cretton,2019,137,12,6.50
PRO003328,2021-10-01 10:30:00,The Muppet Movie,Adventure,James Frawley,1979,95,0,8.50
PRO003329,2021-10-01 13:00:00,The Verdict,Drama,Sidney Lumet,1982,129,0,7.00
PRO003330,2021-10-01 16:00:00,The Shop Around the Corner,Comedy,Ernst Lubitsch,1940,99,12,7.00
PRO003331,2021-10-02 10:30:00,Andrei Rublev,Biography,Andrei Tarkovsky,1966,205,16,6.50
PRO003332,2021-10-02 15:00:00,Billy Elliot,Drama,Stephen Daldry,2000,110,16,6.50
PRO003333,2021-10-02 17:30:00,Platoon,Drama,Oliver Stone,1986,120,12,8.00
PRO003334,2021-10-03 10:00:00,"Monsters, Inc.",Animation,Pete Docter,2001,92,0,6.50
PRO003335,2021-10-03 12:30:00,Das Experiment,Drama,Oliver Hirschbiegel,2001,120,16,7.50
PRO003336,2021-10-03 15:30:00,The Verdict,Drama,Sidney Lumet,1982,129,0,6.50
PRO003337,2021-10-03 18:30:00,The Boondock Saints,Action,Troy Duffy,1999,108,16,9.50
PRO003338,2021-10-04 10:30:00,The Verdict,Drama,Sidney Lumet,1982,129,0,8.00
PRO003339,2021-10-04 13:30:00,Hamlet,Drama,Kenneth Branagh,1996,242,12,7.00
PRO003340,2021-10-04 18:30:00,Bronenosets Potemkin,Drama,Sergei M. Eisenstein,1925,75,12,8.50
PRO003341,2021-10-05 10:00:00,Bronenosets Potemkin,Drama,Sergei M. Eisenstein,1925,75,12,8.50
PRO003342,2021-10-05 12:00:00,The Little Mermaid,Animation,Ron Clements,1989,83,0,6.50
PRO003343,2021-10-06 10:30:00,Ran,Action,Akira Kurosawa,1985,162,0,8.00
PRO003344,2021-10-06 14:00:00,Andrei Rublev,Biography,Andrei Tarkovsky,1966,205,16,7.00
PRO003345,2021-10-06 18:00:00,Pulp Fiction,Crime,Quentin Tarantino,1994,154,12,9.00
PRO003346,2021-10-07 10:00:00,Bride of Frankenstein,Drama,James Whale,1935,75,12,8.50
PRO003347,2021-10-08 10:30:00,Jojo Rabbit,Comedy,Taika Waititi,2019,108,12,7.00
PRO003348,2021-10-08 13:30:00,Shine,Biography,Scott Hicks,1996,105,0,7.50
PRO003349,2021-10-09 10:30:00,"Monsters, Inc.",Animation,Pete Docter,2001,92,0,6.50
PRO003350,2021-10-09 13:00:00,Hamlet,Drama,Kenneth Branagh,1996,242,12,7.00
PRO003351,2021-10-09 18:00:00,Barton Fink,Comedy,Joel Coen,1991,116,0,9.50
PRO003352,2021-10-09 21:00:00,Kaze no tani no Naushika,Animation,Hayao Miyazaki,1984,117,0,10.00
PRO003353,2021-10-10 10:00:00,Planet of the Apes,Adventure,Franklin J. Schaffner,1968,112,0,8.00
PRO003354,2021-10-10 13:00:00,Gladiator,Action,Ridley Scott,2000,155,12,7.00
PRO003355,2021-10-10 16:30:00,Shine,Biography,Scott Hicks,1996,105,0,7.50
PRO003356,2021-10-10 19:00:00,Höstsonaten,Drama,Ingmar Bergman,1978,99,0,8.50
PRO003357,2021-10-11 10:00:00,Soorarai Pottru,Drama,Sudha Kongara,2020,153,0,7.00
PRO003358,2021-10-11 13:30:00,À bout de souffle,Crime,Jean-Luc Godard,1960,90,0,7.50
PRO003359,2021-10-11 16:00:00,The Thing,Horror,John Carpenter,1982,109,12,7.50
PRO003360,2021-10-12 10:30:00,Barton Fink,Comedy,Joel Coen,1991,116,0,7.00
PRO003361,2021-10-13 10:00:00,"Monsters, Inc.",Animation,Pete Docter,2001,92,0,7.50
PRO003362,2021-10-13 12:30:00,Just Mercy,Biography,Destin Daniel Cretton,2019,137,12,8.00
PRO003363,2021-10-13 15:30:00,The Purple Rose of Cairo,Comedy,Woody Allen,1985,82,0,7.50
PRO003364,2021-10-14 10:00:00,Just Mercy,Biography,Destin Daniel Cretton,2019,137,12,7.00
PRO003365,2021-10-15 10:30:00,The Purple Rose of Cairo,Comedy,Woody Allen,1985,82,0,8.00
PRO003366,2021-10-15 13:00:00,The Breakfast Club,Comedy,John Hughes,1985,97,12,7.00
PRO003367,2021-10-16 10:30:00,Patton,Biography,Franklin J. Schaffner,1970,172,0,8.00
PRO003368,2021-10-16 14:00:00,Notorious,Drama,Alfred Hitchcock,1946,102,0,6.50
PRO003369,2021-10-16 16:30:00,Sense and Sensibility,Drama,Ang Lee,1995,136,0,7.00
PRO003370,2021-10-16 19:30:00,Just Mercy,Biography,Destin Daniel Cretton,2019,137,12,10.00
PRO003371,2021-10-17 10:00:00,Das Experiment,Drama,Oliver Hirschbiegel,2001,120,16,7.00
PRO003372,2021-10-17 13:00:00,Pulp Fiction,Crime,Quentin Tarantino,1994,154,12,8.50
PRO003373,2021-10-17 16:30:00,Soorarai Pottru,Drama,Sudha Kongara,2020,153,0,6.50
PRO003374,2021-10-17 20:00:00,Mulholland Dr.,Drama,David Lynch,2001,147,16,10.00
PRO003375,2021-10-18 10:30:00,The Verdict,Drama,Sidney Lumet,1982,129,0,7.50
PRO003376,2021-10-18 13:30:00,Goldfinger,Action,Guy Hamilton,1964,110,12,7.00
PRO003377,2021-10-19 10:00:00,The Insider,Biography,Michael Mann,1999,157,12,8.50
PRO003378,2021-10-19 13:30:00,Miller's Crossing,Crime,Joel Coen,1990,115,16,7.00
PRO003379,2021-10-20 10:00:00,Mulholland Dr.,Drama,David Lynch,2001,147,16,8.00
PRO003380,2021-10-21 10:00:00,Ferris Bueller's Day Off,Comedy,John Hughes,1986,103,0,7.00
PRO003381,2021-10-22 10:00:00,Hamlet,Drama,Kenneth Branagh,1996,242,12,8.50
PRO003382,2021-10-23 10:00:00,Hamlet,Drama,Kenneth Branagh,1996,242,12,8.00
PRO003383,2021-10-23 15:00:00,Goldfinger,Action,Guy Hamilton,1964,110,12,8.00
PRO003384,2021-10-23 17:30:00,The Insider,Biography,Michael Mann,1999,157,12,6.50
PRO003385,2021-10-24 10:30:00,Gone with the Wind,Drama,Victor Fleming,1939,238,0,8.50
PRO003386,2021-10-24 15:30:00,Platoon,Drama,Oliver Stone,1986,120,12,7.00
PRO003387,2021-10-24 18:30:00,American Beauty,Drama,Sam Mendes,1999,122,12,10.00
PRO003388,2021-10-25 10:30:00,Sherlock Jr.,Action,Buster Keaton,1924,45,12,7.00
PRO003389,2021-10-25 12:00:00,Gone with the Wind,Drama,Victor Fleming,1939,238,0,7.00
PRO003390,2021-10-25 17:00:00,La haine,Crime,Mathieu Kassovitz,1995,98,12,8.00
PRO003391,2021-10-26 10:30:00,Little Women,Drama,Greta Gerwig,2019,135,0,8.50
PRO003392,2021-10-27 10:00:00,Billy Elliot,Drama,Stephen Daldry,2000,110,16,8.00
PRO003393,2021-10-28 10:30:00,Crimes and Misdemeanors,Comedy,Woody Allen,1989,104,12,8.00
PRO003394,2021-10-28 13:00:00,Reservoir Dogs,Crime,Quentin Tarantino,1992,99,16,6.50
PRO003395,2021-10-29 10:30:00,The Insider,Biography,Michael Mann,1999,157,12,7.00
PRO003396,2021-10-30 10:30:00,Reservoir Dogs,Crime,Quentin Tarantino,1992,99,16,8.50
PRO003397,2021-10-30 13:00:00,Network,Drama,Sidney Lumet,1976,121,12,6.50
PRO003398,2021-10-30 16:00:00,Höstsonaten,Drama,Ingmar Bergman,1978,99,0,7.00
PRO003399,2021-10-31 10:30:00,Sabrina,Comedy,Billy Wilder,1954,113,12,7.50
PRO003400,2021-10-31 13:00:00,Höstsonaten,Drama,Ingmar Bergman,1978,99,0,7.50
PRO003401,2021-10-31 15:30:00,Andrei Rublev,Biography,Andrei Tarkovsky,1966,205,16,7.00
PRO003402,2021-10-31 20:00:00,Patton,Biography,Franklin J. Schaffner,1970,172,0,9.00
PRO003403,2021-11-01 10:00:00,The Insider,Biography,Michael Mann,1999,157,12,8.50
PRO003404,2021-11-01 13:30:00,The Great Escape,Adventure,John Sturges,1963,172,0,7.00
PRO003405,2021-11-01 17:30:00,Höstsonaten,Drama,Ingmar Bergman,1978,99,0,8.50
PRO003406,2021-11-02 10:00:00,Hana-bi,Crime,Takeshi Kitano,1997,103,12,6.50
PRO003407,2021-11-02 12:30:00,Gone with the Wind,Drama,Victor Fleming,1939,238,0,7.50
PRO003408,2021-11-02 17:30:00,Platoon,Drama,Oliver Stone,1986,120,12,8.50
PRO003409,2021-11-03 10:00:00,Hana-bi,Crime,Takeshi Kitano,1997,103,12,7.50
PRO003410,2021-11-04 10:30:00,Mississippi Burning,Crime,Alan Parker,1988,128,12,8.50
PRO003411,2021-11-05 10:30:00,Patton,Biography,Franklin J. Schaffner,1970,172,0,8.50
PRO003412,2021-11-06 10:30:00,Andrei Rublev,Biography,Andrei Tarkovsky,1966,205,16,7.50
PRO003413,2021-11-06 15:00:00,Platoon,Drama,Oliver Stone,1986,120,12,7.50
PRO003414,2021-11-06 18:00:00,Höstsonaten,Drama,Ingmar Bergman,1978,99,0,8.50
PRO003415,2021-11-07 10:30:00,Mississippi Burning,Crime,Alan Parker,1988,128,12,6.50
PRO003416,2021-11-07 13:30:00,Mississippi Burning,Crime,Alan Parker,1988,128,12,8.50
PRO003417,2021-11-07 16:30:00,Das Boot,Adventure,Wolfgang Petersen,1981,149,16,6.50
PRO003418,2021-11-08 10:30:00,Little Women,Drama,Greta Gerwig,2019,135,0,6.50
PRO003419,2021-11-08 13:30:00,Höstsonaten,Drama,Ingmar Bergman,1978,99,0,7.00
PRO003420,2021-11-08 16:00:00,The Insider,Biography,Michael Mann,1999,157,12,6.50
PRO003421,2021-11-09 10:00:00,Mulholland Dr.,Drama,David Lynch,2001,147,16,7.00
PRO003422,2021-11-09 13:30:00,"Monsters, Inc.",Animation,Pete Docter,2001,92,0,8.00
PRO003423,2021-11-10 10:00:00,Höstsonaten,Drama,Ingmar Bergman,1978,99,0,7.00
PRO003424,2021-11-10 12:30:00,Mississippi Burning,Crime,Alan Parker,1988,128,12,8.50
PRO003425,2021-11-11 10:30:00,Andrei Rublev,Biography,Andrei Tarkovsky,1966,205,16,8.00
PRO003426,2021-11-12 10:30:00,Full Metal Jacket,Drama,Stanley Kubrick,1987,116,12,7.50
PRO003427,2021-11-12 13:30:00,Malcolm X,Biography,Spike Lee,1992,202,0,7.50
PRO003428,2021-11-13 10:00:00,Life of Brian,Comedy,Terry Jones,1979,94,16,7.00
PRO003429,2021-11-13 12:30:00,The Shawshank Redemption,Drama,Frank Darabont,1994,142,12,8.00
PRO003430,2021-11-13 16:00:00,Network,Drama,Sidney Lumet,1976,121,12,7.00
PRO003431,2021-11-14 10:00:00,Full Metal Jacket,Drama,Stanley Kubrick,1987,116,12,7.00
PRO003432,2021-11-14 12:30:00,Full Metal Jacket,Drama,Stanley Kubrick,1987,116,12,8.50
PRO003433,2021-11-14 15:30:00,Hana-bi,Crime,Takeshi Kitano,1997,103,12,8.50
PRO003434,2021-11-14 18:00:00,Platoon,Drama,Oliver Stone,1986,120,12,8.50
PRO003435,2021-11-15 10:30:00,The Lion in Winter,Biography,Anthony Harvey,1968,134,6,8.00
PRO003436,2021-11-16 10:00:00,Klaus,Animation,Sergio Pablos,2019,96,6,7.00
PRO003437,2021-11-16 12:30:00,Blowup,Drama,Michelangelo Antonioni,1966,111,12,8.00
PRO003438,2021-11-16 15:30:00,"Il buono, il brutto, il cattivo",Western,Sergio Leone,1966,161,12,8.00
PRO003439,2021-11-17 10:00:00,Höstsonaten,Drama,Ingmar Bergman,1978,99,0,8.00
PRO003440,2021-11-18 10:00:00,"Monsters, Inc.",Animation,Pete Docter,2001,92,0,7.00
PRO003441,2021-11-18 12:30:00,"Il buono, il brutto, il cattivo",Western,Sergio Leone,1966,161,12,8.50
PRO003442,2021-11-19 10:00:00,Das Boot,Adventure,Wolfgang Petersen,1981,149,16,7.50
PRO003443,2021-11-20 10:30:00,Reservoir Dogs,Crime,Quentin Tarantino,1992,99,16,8.00
PRO003444,2021-11-20 13:00:00,The Lion in Winter,Biography,Anthony Harvey,1968,134,6,7.50
PRO003445,2021-11-20 16:00:00,Höstsonaten,Drama,Ingmar Bergman,1978,99,0,7.00
PRO003446,2021-11-21 10:30:00,Hamlet,Drama,Kenneth Branagh,1996,242,12,7.00
PRO003447,2021-11-21 15:30:00,Crimes and Misdemeanors,Comedy,Woody Allen,1989,104,12,6.50
PRO003448,2021-11-21 18:00:00,The Lion in Winter,Biography,Anthony Harvey,1968,134,6,8.50
PRO003449,2021-11-21 21:00:00,Patton,Biography,Franklin J. Schaffner,1970,172,0,10.00
PRO003450,2021-11-22 10:30:00,"Il buono, il brutto, il cattivo",Western,Sergio Leone,1966,161,12,8.00
PRO003451,2021-11-22 14:00:00,Predator,Action,John McTiernan,1987,107,12,8.00
PRO003452,2021-11-22 16:30:00,Ferris Bueller's Day Off,Comedy,John Hughes,1986,103,0,8.50
PRO003453,2021-11-23 10:00:00,"Il buono, il brutto, il cattivo",Western,Sergio Leone,1966,161,12,8.00
PRO003454,2021-11-24 10:00:00,Blowup,Drama,Michelangelo Antonioni,1966,111,12,7.50
PRO003455,2021-11-24 12:30:00,12 Angry Men,Crime,Sidney Lumet,1957,96,0,7.00
PRO003456,2021-11-24 15:00:00,The Shawshank Redemption,Drama,Frank Darabont,1994,142,12,7.00
PRO003457,2021-11-25 10:30:00,"Il buono, il brutto, il cattivo",Western,Sergio Leone,1966,161,12,6.50
PRO003458,2021-11-25 14:00:00,Lagaan: Once Upon a Time in India,Adventure,Ashutosh Gowariker,2001,224,0,7.00
PRO003459,2021-11-25 18:30:00,Planet of the Apes,Adventure,Franklin J. Schaffner,1968,112,0,8.50
PRO003460,2021-11-26 10:30:00,"Il buono, il brutto, il cattivo",Western,Sergio Leone,1966,161,12,8.50
PRO003461,2021-11-26 14:00:00,Predator,Action,John McTiernan,1987,107,12,7.00
PRO003462,2021-11-26 16:30:00,Ghostbusters,Action,Ivan Reitman,1984,105,12,8.00
PRO003463,2021-11-27 10:00:00,Klaus,Animation,Sergio Pablos,2019,96,6,8.00
PRO003464,2021-11-27 12:30:00,Planet of the Apes,Adventure,Franklin J. Schaffner,1968,112,0,7.50
PRO003465,2021-11-27 15:30:00,Mississippi Burning,Crime,Alan Parker,1988,128,12,7.00
PRO003466,2021-11-28 10:30:00,Planet of the Apes,Adventure,Franklin J. Schaffner,1968,112,0,6.50
PRO003467,2021-11-28 13:30:00,Predator,Action,John McTiernan,1987,107,12,8.00
PRO003468,2021-11-28 16:00:00,The Muppet Christmas Carol,Comedy,Brian Henson,1992,85,0,8.00
PRO003469,2021-11-28 18:00:00,Lagaan: Once Upon a Time in India,Adventure,Ashutosh Gowariker,2001,224,0,10.00
PRO003470,2021-11-29 10:30:00,Il postino,Biography,Michael Radford,1994,108,0,7.50
PRO003471,2021-11-29 13:00:00,12 Angry Men,Crime,Sidney Lumet,1957,96,0,7.50
PRO003472,2021-11-29 15:30:00,The Message,Biography,Moustapha Akkad,1976,177,6,6.50
PRO003473,2021-11-30 10:30:00,Rosemary's Baby,Drama,Roman Polanski,1968,137,12,7.50
PRO003474,2021-12-01 10:30:00,Little Women,Drama,Greta Gerwig,2019,135,0,7.00
PRO003475,2021-12-01 13:30:00,The Muppet Christmas Carol,Comedy,Brian Henson,1992,85,0,8.50
PRO003476,2021-12-01 16:00:00,Kakushi-toride no san-akunin,Adventure,Akira Kurosawa,1958,139,12,8.00
PRO003477,2021-12-02 10:30:00,American Beauty,Drama,Sam Mendes,1999,122,12,8.50
PRO003478,2021-12-02 13:30:00,The Muppet Christmas Carol,Comedy,Brian Henson,1992,85,0,6.50
PRO003479,2021-12-02 15:30:00,Network,Drama,Sidney Lumet,1976,121,12,6.50
PRO003480,2021-12-03 10:00:00,Full Metal Jacket,Drama,Stanley Kubrick,1987,116,12,8.50
PRO003481,2021-12-03 13:00:00,Rosemary's Baby,Drama,Roman Polanski,1968,137,12,7.00
PRO003482,2021-12-03 16:00:00,JFK,Drama,Oliver Stone,1991,189,12,7.50
PRO003483,2021-12-04 10:00:00,Hamlet,Drama,Kenneth Branagh,1996,242,12,7.50
PRO003484,2021-12-04 15:00:00,The Muppet Christmas Carol,Comedy,Brian Henson,1992,85,0,7.50
PRO003485,2021-12-04 17:30:00,Mississippi Burning,Crime,Alan Parker,1988,128,12,6.50
PRO003486,2021-12-04 20:30:00,Malcolm X,Biography,Spike Lee,1992,202,0,9.00
PRO003487,2021-12-05 10:30:00,Ghostbusters,Action,Ivan Reitman,1984,105,12,7.50
PRO003488,2021-12-05 13:00:00,Klaus,Animation,Sergio Pablos,2019,96,6,7.00
PRO003489,2021-12-05 15:30:00,The Muppet Christmas Carol,Comedy,Brian Henson,1992,85,0,7.50
PRO003490,2021-12-05 17:30:00,Rosemary's Baby,Drama,Roman Polanski,1968,137,12,6.50
PRO003491,2021-12-06 10:30:00,Malcolm X,Biography,Spike Lee,1992,202,0,7.50
PRO003492,2021-12-06 15:00:00,Paths of Glory,Drama,Stanley Kubrick,1957,88,12,8.00
PRO003493,2021-12-07 10:00:00,Hamlet,Drama,Kenneth Branagh,1996,242,12,8.00
PRO003494,2021-12-08 10:00:00,Reservoir Dogs,Crime,Quentin Tarantino,1992,99,16,8.00
PRO003495,2021-12-08 12:30:00,Star Trek II: The Wrath of Khan,Action,Nicholas Meyer,1982,113,0,8.50
PRO003496,2021-12-09 10:30:00,Mimi wo sumaseba,Animation,Yoshifumi Kondô,1995,111,0,8.00
PRO003497,2021-12-09 13:30:00,The Message,Biography,Moustapha Akkad,1976,177,6,7.50
PRO003498,2021-12-09 17:00:00,Planet of the Apes,Adventure,Franklin J. Schaffner,1968,112,0,7.00
PRO003499,2021-12-10 10:00:00,Cat on a Hot Tin Roof,Drama,Richard Brooks,1958,108,12,7.50
PRO003500,2021-12-10 12:30:00,The Straight Story,Biography,David Lynch,1999,112,0,7.00
PRO003501,2021-12-11 10:00:00,Paths of Glory,Drama,Stanley Kubrick,1957,88,12,6.50
PRO003502,2021-12-11 12:30:00,Mississippi Burning,Crime,Alan Parker,1988,128,12,7.50
PRO003503,2021-12-11 15:30:00,True Romance,Crime,Tony Scott,1993,119,16,8.50
PRO003504,2021-12-11 18:30:00,Il postino,Biography,Michael Radford,1994,108,0,8.50
PRO003505,2021-12-12 10:30:00,Lagaan: Once Upon a Time in India,Adventure,Ashutosh Gowariker,2001,224,0,7.00
PRO003506,2021-12-12 15:00:00,Hamlet,Drama,Kenneth Branagh,1996,242,12,6.50
PRO003507,2021-12-12 20:00:00,The Muppet Christmas Carol,Comedy,Brian Henson,1992,85,0,8.50
PRO003508,2021-12-13 10:00:00,The Message,Biography,Moustapha Akkad,1976,177,6,8.00
PRO003509,2021-12-13 14:00:00,Paths of Glory,Drama,Stanley Kubrick,1957,88,12,7.00
PRO003510,2021-12-13 16:30:00,Cowboy Bebop: Tengoku no tobira,Animation,Shin'ichirô Watanabe,2001,115,0,8.00
PRO003511,2021-12-14 10:00:00,Predator,Action,John McTiernan,1987,107,12,8.50
PRO003512,2021-12-15 10:30:00,Aladdin,Animation,Ron Clements,1992,90,0,7.50
PRO003513,2021-12-15 13:00:00,Mimi wo sumaseba,Animation,Yoshifumi Kondô,1995,111,0,7.00
PRO003514,2021-12-15 15:30:00,Star Trek II: The Wrath of Khan,Action,Nicholas Meyer,1982,113,0,8.00
PRO003515,2021-12-16 10:30:00,Aladdin,Animation,Ron Clements,1992,90,0,8.00
PRO003516,2021-12-16 13:00:00,Kakushi-toride no san-akunin,Adventure,Akira Kurosawa,1958,139,12,7.00
PRO003517,2021-12-16 16:00:00,Star Trek II: The Wrath of Khan,Action,Nicholas Meyer,1982,113,0,8.00
PRO003518,2021-12-17 10:00:00,Klaus,Animation,Sergio Pablos,2019,96,6,8.00
PRO003519,2021-12-17 12:30:00,"Il buono, il brutto, il cattivo",Western,Sergio Leone,1966,161,12,7.50
PRO003520,2021-12-17 16:00:00,Mississippi Burning,Crime,Alan Parker,1988,128,12,7.50
PRO003521,2021-12-18 10:30:00,Full Metal Jacket,Drama,Stanley Kubrick,1987,116,12,8.00
PRO003522,2021-12-18 13:30:00,The Straight Story,Biography,David Lynch,1999,112,0,8.50
PRO003523,2021-12-18 16:00:00,Clerks,Comedy,Kevin Smith,1994,92,16,7.00
PRO003524,2021-12-19 10:00:00,Star Trek II: The Wrath of Khan,Action,Nicholas Meyer,1982,113,0,8.50
PRO003525,2021-12-19 12:30:00,Planet of the Apes,Adventure,Franklin J. Schaffner,1968,112,0,8.00
PRO003526,2021-12-19 15:30:00,Il postino,Biography,Michael Radford,1994,108,0,7.50
PRO003527,2021-12-19 18:00:00,Rosemary's Baby,Drama,Roman Polanski,1968,137,12,8.50
PRO003528,2021-12-20 10:00:00,Il postino,Biography,Michael Radford,1994,108,0,7.50
PRO003529,2021-12-20 12:30:00,Druk,Comedy,Thomas Vinterberg,2020,117,12,8.00
PRO003530,2021-12-21 10:00:00,The Muppet Christmas Carol,Comedy,Brian Henson,1992,85,0,7.00
PRO003531,2021-12-21 12:30:00,True Romance,Crime,Tony Scott,1993,119,16,6.50
PRO003532,2021-12-21 15:30:00,Aladdin,Animation,Ron Clements,1992,90,0,7.00
PRO003533,2021-12-22 10:00:00,"Aguirre, der Zorn Gottes",Action,Werner Herzog,1972,95,12,8.50
PRO003534,2021-12-22 12:30:00,Il postino,Biography,Michael Radford,1994,108,0,8.00
PRO003535,2021-12-23 10:30:00,Schindler's List,Biography,Steven Spielberg,1993,195,12,8.00
PRO003536,2021-12-23 14:30:00,Platoon,Drama,Oliver Stone,1986,120,12,6.50
PRO003537,2021-12-23 17:30:00,Das Boot,Adventure,Wolfgang Petersen,1981,149,16,8.00
PRO003538,2021-12-24 10:30:00,Das Boot,Adventure,Wolfgang Petersen,1981,149,16,8.50
PRO003539,2021-12-25 10:00:00,Planet of the Apes,Adventure,Franklin J. Schaffner,1968,112,0,6.50
PRO003540,2021-12-25 12:30:00,Ghostbusters,Action,Ivan Reitman,1984,105,12,7.00
PRO003541,2021-12-25 15:00:00,True Romance,Crime,Tony Scott,1993,119,16,8.00
PRO003542,2021-12-25 18:00:00,Star Trek II: The Wrath of Khan,Action,Nicholas Meyer,1982,113,0,8.50
PRO003543,2021-12-26 10:00:00,Star Trek II: The Wrath of Khan,Action,Nicholas Meyer,1982,113,0,7.50
PRO003544,2021-12-26 13:00:00,Das Boot,Adventure,Wolfgang Petersen,1981,149,16,8.50
PRO003545,2021-12-26 16:30:00,E.T. the Extra-Terrestrial,Family,Steven Spielberg,1982,115,0,8.00
PRO003546,2021-12-26 19:30:00,Lagaan: Once Upon a Time in India,Adventure,Ashutosh Gowariker,2001,224,0,9.50
PRO003547,2021-12-27 10:00:00,Snatch,Comedy,Guy Ritchie,2000,104,12,7.00
PRO003548,2021-12-27 12:30:00,Mississippi Burning,Crime,Alan Parker,1988,128,12,7.50
PRO003549,2021-12-28 10:00:00,Hamlet,Drama,Kenneth Branagh,1996,242,12,8.00
PRO003550,2021-12-28 15:00:00,Mimi wo sumaseba,Animation,Yoshifumi Kondô,1995,111,0,7.00
PRO003551,2021-12-28 17:30:00,The Muppet Christmas Carol,Comedy,Brian Henson,1992,85,0,8.50
PRO003552,2021-12-29 10:30:00,Aladdin,Animation,Ron Clements,1992,90,0,8.50
PRO003553,2021-12-29 12:30:00,Clerks,Comedy,Kevin Smith,1994,92,16,7.50
PRO003554,2021-12-30 10:00:00,Druk,Comedy,Thomas Vinterberg,2020,117,12,7.00
PRO003555,2021-12-30 13:00:00,The Royal Tenenbaums,Comedy,Wes Anderson,2001,110,12,8.50
PRO003556,2021-12-30 16:00:00,Aladdin,Animation,Ron Clements,1992,90,0,6.50
PRO003557,2021-12-31 10:00:00,The Royal Tenenbaums,Comedy,Wes Anderson,2001,110,12,6.50
PRO003558,2021-12-31 13:00:00,E.T. the Extra-Terrestrial,Family,Steven Spielberg,1982,115,0,8.00
PRO003559,2021-12-31 16:00:00,True Romance,Crime,Tony Scott,1993,119,16,7.50
PRO003560,2022-01-01 10:30:00,The Nightmare Before Christmas,Animation,Henry Selick,1993,76,0,8.00
PRO003561,2022-01-01 12:30:00,Aladdin,Animation,Ron Clements,1992,90,0,7.50
PRO003562,2022-01-01 15:00:00,Boksuneun naui geot,Crime,Chan-wook Park,2002,129,16,8.50
PRO003563,2022-01-01 18:00:00,"Aguirre, der Zorn Gottes",Action,Werner Herzog,1972,95,12,8.50
PRO003564,2022-01-02 10:30:00,"Crna macka, beli macor",Comedy,Emir Kusturica,1998,127,16,8.50
PRO003565,2022-01-02 13:30:00,Cowboy Bebop: Tengoku no tobira,Animation,Shin'ichirô Watanabe,2001,115,0,8.00
PRO003566,2022-01-02 16:30:00,Boksuneun naui geot,Crime,Chan-wook Park,2002,129,16,8.50
PRO003567,2022-01-02 19:30:00,Boksuneun naui geot,Crime,Chan-wook Park,2002,129,16,9.50
PRO003568,2022-01-03 10:30:00,The Nightmare Before Christmas,Animation,Henry Selick,1993,76,0,8.00
PRO003569,2022-01-03 12:30:00,Mimi wo sumaseba,Animation,Yoshifumi Kondô,1995,111,0,7.00
PRO003570,2022-01-04 10:00:00,True Romance,Crime,Tony Scott,1993,119,16,7.00
PRO003571,2022-01-04 13:00:00,Lagaan: Once Upon a Time in India,Adventure,Ashutosh Gowariker,2001,224,0,7.00
PRO003572,2022-01-05 10:30:00,Clerks,Comedy,Kevin Smith,1994,92,16,8.50
PRO003573,2022-01-05 13:00:00,Planet of the Apes,Adventure,Franklin J. Schaffner,1968,112,0,8.50
PRO003574,2022-01-05 15:30:00,Star Trek II: The Wrath of Khan,Action,Nicholas Meyer,1982,113,0,7.50
PRO003575,2022-01-06 10:30:00,True Romance,Crime,Tony Scott,1993,119,16,7.00
PRO003576,2022-01-07 10:30:00,Boksuneun naui geot,Crime,Chan-wook Park,2002,129,16,7.00
PRO003577,2022-01-07 13:30:00,The Muppet Christmas Carol,Comedy,Brian Henson,1992,85,0,7.50
PRO003578,2022-01-07 15:30:00,The Straight Story,Biography,David Lynch,1999,112,0,7.50
PRO003579,2022-01-08 10:00:00,The Great Dictator,Comedy,Charles Chaplin,1940,125,12,8.50
PRO003580,2022-01-08 13:00:00,E.T. the Extra-Terrestrial,Family,Steven Spielberg,1982,115,0,7.00
PRO003581,2022-01-08 15:30:00,Freaks,Drama,Tod Browning,1932,64,12,8.50
PRO003582,2022-01-08 17:30:00,Hamlet,Drama,Kenneth Branagh,1996,242,12,7.00
PRO003583,2022-01-09 10:00:00,"Crna macka, beli macor",Comedy,Emir Kusturica,1998,127,16,7.50
PRO003584,2022-01-09 13:00:00,The Royal Tenenbaums,Comedy,Wes Anderson,2001,110,12,6.50
PRO003585,2022-01-09 15:30:00,The Great Dictator,Comedy,Charles Chaplin,1940,125,12,8.00
PRO003586,2022-01-09 18:30:00,Rosemary's Baby,Drama,Roman Polanski,1968,137,12,10.00
PRO003587,2022-01-10 10:30:00,Freaks,Drama,Tod Browning,1932,64,12,7.00
PRO003588,2022-01-10 12:30:00,Aladdin,Animation,Ron Clements,1992,90,0,8.00
PRO003589,2022-01-11 10:30:00,Boksuneun naui geot,Crime,Chan-wook Park,2002,129,16,8.50
PRO003590,2022-01-11 13:30:00,The Nightmare Before Christmas,Animation,Henry Selick,1993,76,0,8.50
PRO003591,2022-01-11 16:00:00,The Great Dictator,Comedy,Charles Chaplin,1940,125,12,6.50
PRO003592,2022-01-12 10:00:00,The Boondock Saints,Action,Troy Duffy,1999,108,16,6.50
PRO003593,2022-01-12 12:30:00,The Great Dictator,Comedy,Charles Chaplin,1940,125,12,7.50
PRO003594,2022-01-12 15:30:00,Rosemary's Baby,Drama,Roman Polanski,1968,137,12,6.50
PRO003595,2022-01-13 10:30:00,The Usual Suspects,Crime,Bryan Singer,1995,106,12,8.00
PRO003596,2022-01-13 13:30:00,Mulan,Animation,Tony Bancroft,1998,88,0,7.50
PRO003597,2022-01-13 15:30:00,Druk,Comedy,Thomas Vinterberg,2020,117,12,8.50
PRO003598,2022-01-14 10:30:00,Clerks,Comedy,Kevin Smith,1994,92,16,6.50
PRO003599,2022-01-14 13:00:00,Sleuth,Mystery,Joseph L. Mankiewicz,1972,138,6,8.00
PRO003600,2022-01-15 10:00:00,"Crna macka, beli macor",Comedy,Emir Kusturica,1998,127,16,8.50
PRO003601,2022-01-15 13:00:00,Schindler's List,Biography,Steven Spielberg,1993,195,12,7.00
PRO003602,2022-01-15 17:00:00,The Great Dictator,Comedy,Charles Chaplin,1940,125,12,8.50
PRO003603,2022-01-15 20:00:00,The Muppet Christmas Carol,Comedy,Brian Henson,1992,85,0,10.00
PRO003604,2022-01-16 10:00:00,Mulan,Animation,Tony Bancroft,1998,88,0,7.00
PRO003605,2022-01-16 12:30:00,The Great Dictator,Comedy,Charles Chaplin,1940,125,12,6.50
PRO003606,2022-01-16 15:30:00,The Usual Suspects,Crime,Bryan Singer,1995,106,12,6.50
PRO003607,2022-01-16 18:00:00,Freaks,Drama,Tod Browning,1932,64,12,9.50
PRO003608,2022-01-17 10:00:00,"Aguirre, der Zorn Gottes",Action,Werner Herzog,1972,95,12,8.00
PRO003609,2022-01-17 12:30:00,The Nightmare Before Christmas,Animation,Henry Selick,1993,76,0,8.00
PRO003610,2022-01-17 14:30:00,The Great Dictator,Comedy,Charles Chaplin,1940,125,12,8.00
PRO003611,2022-01-18 10:00:00,E.T. the Extra-Terrestrial,Family,Steven Spielberg,1982,115,0,7.50
PRO003612,2022-01-18 13:00:00,Mulan,Animation,Tony Bancroft,1998,88,0,7.50
PRO003613,2022-01-18 15:30:00,The Kid,Comedy,Charles Chaplin,1921,68,12,7.00
PRO003614,2022-01-19 10:30:00,Druk,Comedy,Thomas Vinterberg,2020,117,12,7.50
PRO003615,2022-01-19 13:30:00,Lagaan: Once Upon a Time in India,Adventure,Ashutosh Gowariker,2001,224,0,6.50
PRO003616,2022-01-19 18:00:00,The Nightmare Before Christmas,Animation,Henry Selick,1993,76,0,8.50
PRO003617,2022-01-20 10:00:00,The Adventures of Robin Hood,Action,Michael Curtiz,1938,102,6,7.50
PRO003618,2022-01-20 12:30:00,Aladdin,Animation,Ron Clements,1992,90,0,6.50
PRO003619,2022-01-20 15:00:00,Aladdin,Animation,Ron Clements,1992,90,0,6.50
PRO003620,2022-01-21 10:30:00,Shadow of a Doubt,Film-Noir,Alfred Hitchcock,1943,108,6,8.50
PRO003621,2022-01-22 10:30:00,Rain Man,Drama,Barry Levinson,1988,133,0,8.00
PRO003622,2022-01-22 13:30:00,Shadow of a Doubt,Film-Noir,Alfred Hitchcock,1943,108,6,7.50
PRO003623,2022-01-22 16:00:00,Clerks,Comedy,Kevin Smith,1994,92,16,7.00
PRO003624,2022-01-22 18:30:00,Boksuneun naui geot,Crime,Chan-wook Park,2002,129,16,8.50
PRO003625,2022-01-23 10:00:00,Sleuth,Mystery,Joseph L. Mankiewicz,1972,138,6,8.50
PRO003626,2022-01-23 13:00:00,Freaks,Drama,Tod Browning,1932,64,12,6.50
PRO003627,2022-01-23 15:00:00,Freaks,Drama,Tod Browning,1932,64,12,8.00
PRO003628,2022-01-23 17:00:00,The Nightmare Before Christmas,Animation,Henry Selick,1993,76,0,7.00
PRO003629,2022-01-24 10:30:00,Schindler's List,Biography,Steven Spielberg,1993,195,12,7.00
PRO003630,2022-01-24 14:30:00,28 Days Later...,Drama,Danny Boyle,2002,113,12,7.00
PRO003631,2022-01-24 17:30:00,The Kid,Comedy,Charles Chaplin,1921,68,12,7.50
PRO003632,2022-01-25 10:00:00,28 Days Later...,Drama,Danny Boyle,2002,113,12,8.50
PRO003633,2022-01-25 12:30:00,Spartacus,Adventure,Stanley Kubrick,1960,197,12,8.00
PRO003634,2022-01-25 17:00:00,The Adventures of Robin Hood,Action,Michael Curtiz,1938,102,6,7.00
PRO003635,2022-01-26 10:30:00,Freaks,Drama,Tod Browning,1932,64,12,7.50
PRO003636,2022-01-27 10:30:00,The Usual Suspects,Crime,Bryan Singer,1995,106,12,7.50
PRO003637,2022-01-28 10:30:00,The Adventures of Robin Hood,Action,Michael Curtiz,1938,102,6,6.50
PRO003638,2022-01-28 13:00:00,Spartacus,Adventure,Stanley Kubrick,1960,197,12,8.50
PRO003639,2022-01-28 17:00:00,Rain Man,Drama,Barry Levinson,1988,133,0,6.50
PRO003640,2022-01-29 10:30:00,Blood Simple,Crime,Joel Coen,1984,99,12,8.50
PRO003641,2022-01-29 13:00:00,Aladdin,Animation,Ron Clements,1992,90,0,7.00
PRO003642,2022-01-29 15:30:00,Doctor Zhivago,Drama,David Lean,1965,197,12,6.50
PRO003643,2022-01-30 10:30:00,Boksuneun naui geot,Crime,Chan-wook Park,2002,129,16,7.00
PRO003644,2022-01-30 13:30:00,The Usual Suspects,Crime,Bryan Singer,1995,106,12,6.50
PRO003645,2022-01-30 16:00:00,Aladdin,Animation,Ron Clements,1992,90,0,6.50
PRO003646,2022-01-31 10:00:00,Blood Simple,Crime,Joel Coen,1984,99,12,7.50
PRO003647,2022-01-31 12:30:00,Spartacus,Adventure,Stanley Kubrick,1960,197,12,8.00
PRO003648,2022-01-31 17:00:00,The Boondock Saints,Action,Troy Duffy,1999,108,16,8.00
PRO003649,2022-02-01 10:00:00,Freaks,Drama,Tod Browning,1932,64,12,7.50
PRO003650,2022-02-02 10:00:00,Boksuneun naui geot,Crime,Chan-wook Park,2002,129,16,7.50
PRO003651,2022-02-02 13:00:00,Rocky,Drama,John G. Avildsen,1976,120,0,8.00
PRO003652,2022-02-03 10:00:00,True Romance,Crime,Tony Scott,1993,119,16,8.00
PRO003653,2022-02-03 13:00:00,Rocky,Drama,John G. Avildsen,1976,120,0,6.50
PRO003654,2022-02-04 10:00:00,The Kid,Comedy,Charles Chaplin,1921,68,12,7.00
PRO003655,2022-02-05 10:30:00,Rain Man,Drama,Barry Levinson,1988,133,0,8.00
PRO003656,2022-02-05 13:30:00,The Others,Horror,Alejandro Amenábar,2001,101,12,7.50
PRO003657,2022-02-05 16:00:00,Boksuneun naui geot,Crime,Chan-wook Park,2002,129,16,7.50
PRO003658,2022-02-05 19:00:00,Boksuneun naui geot,Crime,Chan-wook Park,2002,129,16,9.00
PRO003659,2022-02-06 10:00:00,Blood Simple,Crime,Joel Coen,1984,99,12,8.50
PRO003660,2022-02-06 12:30:00,A Few Good Men,Drama,Rob Reiner,1992,138,0,6.50
PRO003661,2022-02-06 15:30:00,The Others,Horror,Alejandro Amenábar,2001,101,12,6.50
PRO003662,2022-02-07 10:30:00,A Few Good Men,Drama,Rob Reiner,1992,138,0,7.00
PRO003663,2022-02-07 13:30:00,The Others,Horror,Alejandro Amenábar,2001,101,12,8.00
PRO003664,2022-02-07 16:00:00,Doctor Zhivago,Drama,David Lean,1965,197,12,8.00
PRO003665,2022-02-08 10:00:00,Spartacus,Adventure,Stanley Kubrick,1960,197,12,7.00
PRO003666,2022-02-08 14:00:00,The Boondock Saints,Action,Troy Duffy,1999,108,16,7.00
PRO003667,2022-02-09 10:00:00,Spartacus,Adventure,Stanley Kubrick,1960,197,12,8.50
PRO003668,2022-02-09 14:00:00,Boksuneun naui geot,Crime,Chan-wook Park,2002,129,16,6.50
PRO003669,2022-02-09 17:00:00,Spartacus,Adventure,Stanley Kubrick,1960,197,12,6.50
PRO003670,2022-02-10 10:00:00,In the Name of the Father,Biography,Jim Sheridan,1993,133,12,6.50
PRO003671,2022-02-10 13:00:00,Sleuth,Mystery,Joseph L. Mankiewicz,1972,138,6,7.00
PRO003672,2022-02-10 16:00:00,Shadow of a Doubt,Film-Noir,Alfred Hitchcock,1943,108,6,6.50
PRO003673,2022-02-11 10:00:00,True Romance,Crime,Tony Scott,1993,119,16,6.50
PRO003674,2022-02-12 10:00:00,A Few Good Men,Drama,Rob Reiner,1992,138,0,6.50
PRO003675,2022-02-12 13:00:00,In the Name of the Father,Biography,Jim Sheridan,1993,133,12,8.00
PRO003676,2022-02-12 16:00:00,The Others,Horror,Alejandro Amenábar,2001,101,12,8.50
PRO003677,2022-02-12 18:30:00,The Kid,Comedy,Charles Chaplin,1921,68,12,9.50
PRO003678,2022-02-13 10:30:00,28 Days Later...,Drama,Danny Boyle,2002,113,12,6.50
PRO003679,2022-02-13 13:30:00,Boksuneun naui geot,Crime,Chan-wook Park,2002,129,16,7.00
PRO003680,2022-02-13 16:30:00,Rain Man,Drama,Barry Levinson,1988,133,0,6.50
PRO003681,2022-02-14 10:30:00,Sleuth,Mystery,Joseph L. Mankiewicz,1972,138,6,8.50
PRO003682,2022-02-14 13:30:00,Rain Man,Drama,Barry Levinson,1988,133,0,8.00
PRO003683,2022-02-15 10:00:00,Rocky,Drama,John G. Avildsen,1976,120,0,8.00
PRO003684,2022-02-15 12:30:00,The Kid,Comedy,Charles Chaplin,1921,68,12,8.00
PRO003685,2022-02-16 10:00:00,A Few Good Men,Drama,Rob Reiner,1992,138,0,7.00
PRO003686,2022-02-17 10:00:00,The Breakfast Club,Comedy,John Hughes,1985,97,12,8.50
PRO003687,2022-02-18 10:30:00,Blood Simple,Crime,Joel Coen,1984,99,12,8.50
PRO003688,2022-02-18 13:00:00,The Breakfast Club,Comedy,John Hughes,1985,97,12,6.50
PRO003689,2022-02-18 15:30:00,The Breakfast Club,Comedy,John Hughes,1985,97,12,7.50
PRO003690,2022-02-19 10:30:00,Giant,Drama,George Stevens,1956,201,0,7.50
PRO003691,2022-02-19 15:00:00,Shadow of a Doubt,Film-Noir,Alfred Hitchcock,1943,108,6,7.50
PRO003692,2022-02-19 17:30:00,The Breakfast Club,Comedy,John Hughes,1985,97,12,8.00
PRO003693,2022-02-19 20:00:00,Sleuth,Mystery,Joseph L. Mankiewicz,1972,138,6,9.00
PRO003694,2022-02-20 10:30:00,The Breakfast Club,Comedy,John Hughes,1985,97,12,7.00
PRO003695,2022-02-20 13:00:00,Rocky,Drama,John G. Avildsen,1976,120,0,7.50
PRO003696,2022-02-20 16:00:00,The Breakfast Club,Comedy,John Hughes,1985,97,12,7.00
PRO003697,2022-02-20 18:30:00,The Adventures of Robin Hood,Action,Michael Curtiz,1938,102,6,9.00
PRO003698,2022-02-21 10:30:00,The Adventures of Robin Hood,Action,Michael Curtiz,1938,102,6,8.50
PRO003699,2022-02-21 13:00:00,In the Name of the Father,Biography,Jim Sheridan,1993,133,12,7.00
PRO003700,2022-02-21 16:00:00,A Few Good Men,Drama,Rob Reiner,1992,138,0,8.50
PRO003701,2022-02-22 10:30:00,Rocky,Drama,John G. Avildsen,1976,120,0,6.50
PRO003702,2022-02-23 10:00:00,The Killing,Crime,Stanley Kubrick,1956,84,12,7.00
PRO003703,2022-02-24 10:00:00,Smultronstället,Drama,Ingmar Bergman,1957,91,0,8.50
PRO003704,2022-02-25 10:30:00,The Birds,Drama,Alfred Hitchcock,1963,119,12,8.00
PRO003705,2022-02-25 13:00:00,Rain Man,Drama,Barry Levinson,1988,133,0,8.50
PRO003706,2022-02-26 10:30:00,Sabrina,Comedy,Billy Wilder,1954,113,12,6.50
PRO003707,2022-02-26 13:30:00,Dial M for Murder,Crime,Alfred Hitchcock,1954,105,12,6.50
PRO003708,2022-02-26 16:00:00,The Adventures of Robin Hood,Action,Michael Curtiz,1938,102,6,6.50
PRO003709,2022-02-26 18:30:00,Amélie,Comedy,Jean-Pierre Jeunet,2001,122,0,8.50
PRO003710,2022-02-27 10:00:00,A Few Good Men,Drama,Rob Reiner,1992,138,0,6.50
PRO003711,2022-02-27 13:00:00,Blue Velvet,Drama,David Lynch,1986,120,12,6.50
PRO003712,2022-02-27 16:00:00,The Ladykillers,Comedy,Alexander Mackendrick,1955,91,12,7.00
PRO003713,2022-02-28 10:00:00,All About Eve,Drama,Joseph L. Mankiewicz,1950,138,12,8.50
PRO003714,2022-02-28 13:00:00,Amélie,Comedy,Jean-Pierre Jeunet,2001,122,0,8.50
PRO003715,2022-02-28 16:00:00,Taxi Driver,Crime,Martin Scorsese,1976,114,12,8.50
PRO003716,2022-03-01 10:30:00,Blue Velvet,Drama,David Lynch,1986,120,12,8.00
PRO003717,2022-03-01 13:30:00,The Birds,Drama,Alfred Hitchcock,1963,119,12,7.00
PRO003718,2022-03-01 16:30:00,Smultronstället,Drama,Ingmar Bergman,1957,91,0,6.50
PRO003719,2022-03-02 10:00:00,Wait Until Dark,Thriller,Terence Young,1967,108,12,7.50
PRO003720,2022-03-02 12:30:00,Smultronstället,Drama,Ingmar Bergman,1957,91,0,7.50
PRO003721,2022-03-03 10:00:00,A Few Good Men,Drama,Rob Reiner,1992,138,0,7.50
PRO003722,2022-03-03 13:00:00,Sabrina,Comedy,Billy Wilder,1954,113,12,6.50
PRO003723,2022-03-03 15:30:00,The Others,Horror,Alejandro Amenábar,2001,101,12,8.00
PRO003724,2022-03-04 10:00:00,Boksuneun naui geot,Crime,Chan-wook Park,2002,129,16,7.50
PRO003725,2022-03-04 13:00:00,Smultronstället,Drama,Ingmar Bergman,1957,91,0,8.50
PRO003726,2022-03-04 15:30:00,Giant,Drama,George Stevens,1956,201,0,8.50
PRO003727,2022-03-05 10:30:00,Amélie,Comedy,Jean-Pierre Jeunet,2001,122,0,7.50
PRO003728,2022-03-05 13:30:00,All About Eve,Drama,Joseph L. Mankiewicz,1950,138,12,6.50
PRO003729,2022-03-05 17:00:00,Casablanca,Drama,Michael Curtiz,1942,102,0,8.00
PRO003730,2022-03-06 10:00:00,The Shining,Drama,Stanley Kubrick,1980,146,12,8.50
PRO003731,2022-03-06 13:30:00,Smultronstället,Drama,Ingmar Bergman,1957,91,0,7.00
PRO003732,2022-03-06 16:00:00,Blue Velvet,Drama,David Lynch,1986,120,12,8.50
PRO003733,2022-03-06 19:00:00,Casablanca,Drama,Michael Curtiz,1942,102,0,9.50
PRO003734,2022-03-07 10:30:00,The Breakfast Club,Comedy,John Hughes,1985,97,12,8.50
PRO003735,2022-03-08 10:00:00,Amélie,Comedy,Jean-Pierre Jeunet,2001,122,0,6.50
PRO003736,2022-03-08 13:00:00,Rain Man,Drama,Barry Levinson,1988,133,0,8.00
PRO003737,2022-03-08 16:00:00,Rain Man,Drama,Barry Levinson,1988,133,0,8.00
PRO003738,2022-03-09 10:30:00,Casablanca,Drama,Michael Curtiz,1942,102,0,8.50
PRO003739,2022-03-09 13:00:00,The Shining,Drama,Stanley Kubrick,1980,146,12,8.00
PRO003740,2022-03-10 10:30:00,Star Trek II: The Wrath of Khan,Action,Nicholas Meyer,1982,113,0,6.50
PRO003741,2022-03-11 10:30:00,Casablanca,Drama,Michael Curtiz,1942,102,0,8.00
PRO003742,2022-03-11 13:00:00,Amélie,Comedy,Jean-Pierre Jeunet,2001,122,0,8.50
PRO003743,2022-03-11 16:00:00,12 Angry Men,Crime,Sidney Lumet,1957,96,0,7.00
PRO003744,2022-03-12 10:30:00,A Few Good Men,Drama,Rob Reiner,1992,138,0,7.50
PRO003745,2022-03-12 13:30:00,The Godfather,Crime,Francis Ford Coppola,1972,175,12,7.00
PRO003746,2022-03-12 17:30:00,The Big Lebowski,Comedy,Joel Coen,1998,117,16,8.50
PRO003747,2022-03-13 10:00:00,The Killing,Crime,Stanley Kubrick,1956,84,12,8.00
PRO003748,2022-03-13 12:30:00,A Little Princess,Drama,Alfonso Cuarón,1995,97,0,7.50
PRO003749,2022-03-13 15:00:00,The Shining,Drama,Stanley Kubrick,1980,146,12,7.50
PRO003750,2022-03-14 10:30:00,The Godfather,Crime,Francis Ford Coppola,1972,175,12,7.50
PRO003751,2022-03-14 14:00:00,The Ladykillers,Comedy,Alexander Mackendrick,1955,91,12,8.00
PRO003752,2022-03-14 16:30:00,Smultronstället,Drama,Ingmar Bergman,1957,91,0,6.50
PRO003753,2022-03-15 10:30:00,Star Trek II: The Wrath of Khan,Action,Nicholas Meyer,1982,113,0,7.00
PRO003754,2022-03-16 10:00:00,Amélie,Comedy,Jean-Pierre Jeunet,2001,122,0,8.00
PRO003755,2022-03-16 13:00:00,Sabrina,Comedy,Billy Wilder,1954,113,12,8.50
PRO003756,2022-03-16 16:00:00,The Godfather,Crime,Francis Ford Coppola,1972,175,12,8.50
PRO003757,2022-03-17 10:30:00,The Wizard of Oz,Adventure,Victor Fleming,1939,102,0,8.50
PRO003758,2022-03-18 10:00:00,Dial M for Murder,Crime,Alfred Hitchcock,1954,105,12,6.50
PRO003759,2022-03-18 12:30:00,A Little Princess,Drama,Alfonso Cuarón,1995,97,0,6.50
PRO003760,2022-03-18 15:00:00,The Wizard of Oz,Adventure,Victor Fleming,1939,102,0,8.50
PRO003761,2022-03-19 10:30:00,The Ladykillers,Comedy,Alexander Mackendrick,1955,91,12,7.50
PRO003762,2022-03-19 13:00:00,The Ladykillers,Comedy,Alexander Mackendrick,1955,91,12,7.00
PRO003763,2022-03-19 15:30:00,The Breakfast Club,Comedy,John Hughes,1985,97,12,8.50
PRO003764,2022-03-19 18:00:00,A Little Princess,Drama,Alfonso Cuarón,1995,97,0,9.00
PRO003765,2022-03-20 10:00:00,The Ladykillers,Comedy,Alexander Mackendrick,1955,91,12,7.00
PRO003766,2022-03-20 12:30:00,The Wizard of Oz,Adventure,Victor Fleming,1939,102,0,8.50
PRO003767,2022-03-20 15:00:00,Star Trek II: The Wrath of Khan,Action,Nicholas Meyer,1982,113,0,8.50
PRO003768,2022-03-21 10:30:00,The Breakfast Club,Comedy,John Hughes,1985,97,12,7.00
PRO003769,2022-03-22 10:00:00,Tombstone,Action,George P. Cosmatos,1993,130,16,6.50
PRO003770,2022-03-22 13:00:00,All About Eve,Drama,Joseph L. Mankiewicz,1950,138,12,8.00
PRO003771,2022-03-22 16:00:00,Ocean's Eleven,Crime,Steven Soderbergh,2001,116,12,8.00
PRO003772,2022-03-23 10:30:00,Star Trek II: The Wrath of Khan,Action,Nicholas Meyer,1982,113,0,7.50
PRO003773,2022-03-24 10:30:00,The Godfather,Crime,Francis Ford Coppola,1972,175,12,8.50
PRO003774,2022-03-25 10:30:00,Das Experiment,Drama,Oliver Hirschbiegel,2001,120,16,8.00
PRO003775,2022-03-26 10:00:00,Star Trek II: The Wrath of Khan,Action,Nicholas Meyer,1982,113,0,8.50
PRO003776,2022-03-26 13:00:00,La règle du jeu,Comedy,Jean Renoir,1939,110,12,8.00
PRO003777,2022-03-26 15:30:00,A Few Good Men,Drama,Rob Reiner,1992,138,0,7.00
PRO003778,2022-03-27 10:30:00,A Few Good Men,Drama,Rob Reiner,1992,138,0,7.00
PRO003779,2022-03-27 13:30:00,Idi i smotri,Drama,Elem Klimov,1985,142,12,7.50
PRO003780,2022-03-27 16:30:00,Ocean's Eleven,Crime,Steven Soderbergh,2001,116,12,8.50
PRO003781,2022-03-27 19:00:00,M - Eine Stadt sucht einen Mörder,Crime,Fritz Lang,1931,117,12,9.00
PRO003782,2022-03-28 10:30:00,The Shining,Drama,Stanley Kubrick,1980,146,12,8.50
PRO003783,2022-03-28 14:00:00,Tombstone,Action,George P. Cosmatos,1993,130,16,7.00
PRO003784,2022-03-28 17:00:00,"Shin seiki Evangelion Gekijô-ban: Air/Magokoro wo, kimi ni",Animation,Hideaki Anno,1997,87,12,8.00
PRO003785,2022-03-29 10:00:00,"Shin seiki Evangelion Gekijô-ban: Air/Magokoro wo, kimi ni",Animation,Hideaki Anno,1997,87,12,8.00
PRO003786,2022-03-30 10:30:00,Smultronstället,Drama,Ingmar Bergman,1957,91,0,7.00
PRO003787,2022-03-30 13:00:00,Alien,Horror,Ridley Scott,1979,117,16,7.50
PRO003788,2022-03-31 10:30:00,Tombstone,Action,George P. Cosmatos,1993,130,16,8.50
PRO003789,2022-04-01 10:00:00,The Big Lebowski,Comedy,Joel Coen,1998,117,16,7.00
PRO003790,2022-04-01 13:00:00,Annie Hall,Comedy,Woody Allen,1977,93,12,6.50
PRO003791,2022-04-02 10:00:00,Blue Velvet,Drama,David Lynch,1986,120,12,7.00
PRO003792,2022-04-02 13:00:00,The Lady Vanishes,Mystery,Alfred Hitchcock,1938,96,12,8.00
PRO003793,2022-04-02 15:30:00,M - Eine Stadt sucht einen Mörder,Crime,Fritz Lang,1931,117,12,8.00
PRO003794,2022-04-03 10:30:00,The Lady Vanishes,Mystery,Alfred Hitchcock,1938,96,12,6.50
PRO003795,2022-04-03 13:00:00,Tonari no Totoro,Animation,Hayao Miyazaki,1988,86,0,6.50
PRO003796,2022-04-03 15:00:00,A Little Princess,Drama,Alfonso Cuarón,1995,97,0,6.50
PRO003797,2022-04-03 17:30:00,Sabrina,Comedy,Billy Wilder,1954,113,12,8.00
PRO003798,2022-04-04 10:00:00,Pâfekuto burû,Animation,Satoshi Kon,1997,81,12,8.00
PRO003799,2022-04-04 12:00:00,Once Were Warriors,Crime,Lee Tamahori,1994,102,12,7.50
PRO003800,2022-04-05 10:00:00,Carlito's Way,Crime,Brian De Palma,1993,144,12,8.00
PRO003801,2022-04-05 13:30:00,Annie Hall,Comedy,Woody Allen,1977,93,12,8.50
PRO003802,2022-04-06 10:30:00,12 Angry Men,Crime,Sidney Lumet,1957,96,0,6.50
PRO003803,2022-04-06 13:00:00,Kumonosu-jô,Drama,Akira Kurosawa,1957,110,12,8.00
PRO003804,2022-04-07 10:00:00,Tonari no Totoro,Animation,Hayao Miyazaki,1988,86,0,7.50
PRO003805,2022-04-07 12:30:00,Kind Hearts and Coronets,Comedy,Robert Hamer,1949,106,0,6.50
PRO003806,2022-04-08 10:00:00,The Wizard of Oz,Adventure,Victor Fleming,1939,102,0,8.00
PRO003807,2022-04-08 12:30:00,When Harry Met Sally...,Comedy,Rob Reiner,1989,95,12,7.50
PRO003808,2022-04-09 10:00:00,Harry Potter and the Sorcerer's Stone,Adventure,Chris Columbus,2001,152,0,7.50
PRO003809,2022-04-09 13:30:00,The Birds,Drama,Alfred Hitchcock,1963,119,12,7.50
PRO003810,2022-04-09 16:30:00,Tombstone,Action,George P. Cosmatos,1993,130,16,6.50
PRO003811,2022-04-10 10:30:00,Tombstone,Action,George P. Cosmatos,1993,130,16,7.00
PRO003812,2022-04-10 13:30:00,Kumonosu-jô,Drama,Akira Kurosawa,1957,110,12,8.50
PRO003813,2022-04-10 16:00:00,The Godfather,Crime,Francis Ford Coppola,1972,175,12,7.50
PRO003814,2022-04-10 20:00:00,"Shin seiki Evangelion Gekijô-ban: Air/Magokoro wo, kimi ni",Animation,Hideaki Anno,1997,87,12,10.00
PRO003815,2022-04-11 10:30:00,Harry Potter and the Sorcerer's Stone,Adventure,Chris Columbus,2001,152,0,6.50
PRO003816,2022-04-12 10:00:00,Dom za vesanje,Comedy,Emir Kusturica,1988,142,16,7.50
PRO003817,2022-04-13 10:30:00,Harry Potter and the Sorcerer's Stone,Adventure,Chris Columbus,2001,152,0,8.50
PRO003818,2022-04-14 10:30:00,The Royal Tenenbaums,Comedy,Wes Anderson,2001,110,12,7.50
PRO003819,2022-04-14 13:00:00,Harry Potter and the Sorcerer's Stone,Adventure,Chris Columbus,2001,152,0,8.00
PRO003820,2022-04-15 10:30:00,Tombstone,Action,George P. Cosmatos,1993,130,16,7.50
PRO003821,2022-04-15 13:30:00,Fried Green Tomatoes,Drama,Jon Avnet,1991,130,12,8.50
PRO003822,2022-04-15 16:30:00,Alien,Horror,Ridley Scott,1979,117,16,8.50
PRO003823,2022-04-16 10:30:00,Das Experiment,Drama,Oliver Hirschbiegel,2001,120,16,8.50
PRO003824,2022-04-16 13:30:00,Das Experiment,Drama,Oliver Hirschbiegel,2001,120,16,6.50
PRO003825,2022-04-16 16:30:00,The Big Lebowski,Comedy,Joel Coen,1998,117,16,7.50
PRO003826,2022-04-16 19:30:00,12 Angry Men,Crime,Sidney Lumet,1957,96,0,9.50
PRO003827,2022-04-17 10:30:00,12 Angry Men,Crime,Sidney Lumet,1957,96,0,8.00
PRO003828,2022-04-17 13:00:00,Carlito's Way,Crime,Brian De Palma,1993,144,12,8.00
PRO003829,2022-04-17 16:00:00,Le samouraï,Crime,Jean-Pierre Melville,1967,105,12,8.50
PRO003830,2022-04-18 10:30:00,Omohide poro poro,Animation,Isao Takahata,1991,118,0,7.00
PRO003831,2022-04-18 13:30:00,Omohide poro poro,Animation,Isao Takahata,1991,118,0,8.00
PRO003832,2022-04-19 10:00:00,The Wizard of Oz,Adventure,Victor Fleming,1939,102,0,8.50
PRO003833,2022-04-20 10:00:00,Days of Heaven,Drama,Terrence Malick,1978,94,6,7.50
PRO003834,2022-04-20 12:30:00,Le samouraï,Crime,Jean-Pierre Melville,1967,105,12,8.00
PRO003835,2022-04-21 10:00:00,The Lost Weekend,Drama,Billy Wilder,1945,101,12,8.50
PRO003836,2022-04-22 10:00:00,Le samouraï,Crime,Jean-Pierre Melville,1967,105,12,7.50
PRO003837,2022-04-22 12:30:00,"Shin seiki Evangelion Gekijô-ban: Air/Magokoro wo, kimi ni",Animation,Hideaki Anno,1997,87,12,8.00
PRO003838,2022-04-23 10:00:00,Dil Chahta Hai,Comedy,Farhan Akhtar,2001,183,12,6.50
PRO003839,2022-04-23 14:00:00,Repulsion,Drama,Roman Polanski,1965,105,12,8.00
PRO003840,2022-04-23 16:30:00,Carlito's Way,Crime,Brian De Palma,1993,144,12,7.00
PRO003841,2022-04-24 10:00:00,Catch Me If You Can,Biography,Steven Spielberg,2002,141,12,8.50
PRO003842,2022-04-24 13:30:00,Fried Green Tomatoes,Drama,Jon Avnet,1991,130,12,6.50
PRO003843,2022-04-24 16:30:00,Fear and Loathing in Las Vegas,Adventure,Terry Gilliam,1998,118,16,8.50
PRO003844,2022-04-25 10:00:00,Le samouraï,Crime,Jean-Pierre Melville,1967,105,12,6.50
PRO003845,2022-04-25 12:30:00,Days of Heaven,Drama,Terrence Malick,1978,94,6,8.50
PRO003846,2022-04-26 10:00:00,Days of Heaven,Drama,Terrence Malick,1978,94,6,6.50
PRO003847,2022-04-26 12:30:00,Ordinary People,Drama,Robert Redford,1980,124,0,8.00
PRO003848,2022-04-26 15:30:00,Twelve Monkeys,Mystery,Terry Gilliam,1995,129,12,8.00
PRO003849,2022-04-27 10:30:00,The Hustler,Drama,Robert Rossen,1961,134,12,7.00
PRO003850,2022-04-27 13:30:00,Ordinary People,Drama,Robert Redford,1980,124,0,7.50
PRO003851,2022-04-27 16:30:00,The Last Emperor,Biography,Bernardo Bertolucci,1987,163,0,8.50
PRO003852,2022-04-28 10:30:00,Dom za vesanje,Comedy,Emir Kusturica,1988,142,16,7.00
PRO003853,2022-04-28 13:30:00,The Last Emperor,Biography,Bernardo Bertolucci,1987,163,0,6.50
PRO003854,2022-04-28 17:00:00,Twelve Monkeys,Mystery,Terry Gilliam,1995,129,12,8.50
PRO003855,2022-04-29 10:30:00,Once Were Warriors,Crime,Lee Tamahori,1994,102,12,7.00
PRO003856,2022-04-29 13:00:00,Being There,Comedy,Hal Ashby,1979,130,6,7.50
PRO003857,2022-04-30 10:00:00,Le samouraï,Crime,Jean-Pierre Melville,1967,105,12,7.50
PRO003858,2022-04-30 12:30:00,Tombstone,Action,George P. Cosmatos,1993,130,16,7.50
PRO003859,2022-04-30 15:30:00,Days of Heaven,Drama,Terrence Malick,1978,94,6,8.50
PRO003860,2022-05-01 10:30:00,M - Eine Stadt sucht einen Mörder,Crime,Fritz Lang,1931,117,12,7.50
PRO003861,2022-05-01 13:00:00,Peeping Tom,Drama,Michael Powell,1960,101,12,8.00
PRO003862,2022-05-01 15:30:00,Twelve Monkeys,Mystery,Terry Gilliam,1995,129,12,8.00
PRO003863,2022-05-01 18:30:00,The Godfather: Part II,Crime,Francis Ford Coppola,1974,202,12,10.00
PRO003864,2022-05-02 10:30:00,Le samouraï,Crime,Jean-Pierre Melville,1967,105,12,6.50
PRO003865,2022-05-02 13:00:00,Being There,Comedy,Hal Ashby,1979,130,6,8.50
PRO003866,2022-05-02 16:00:00,Pâfekuto burû,Animation,Satoshi Kon,1997,81,12,8.50
PRO003867,2022-05-03 10:30:00,Dom za vesanje,Comedy,Emir Kusturica,1988,142,16,7.00
PRO003868,2022-05-04 10:30:00,White Heat,Action,Raoul Walsh,1949,114,12,7.50
PRO003869,2022-05-04 13:30:00,Brazil,Drama,Terry Gilliam,1985,132,0,8.50
PRO003870,2022-05-04 16:30:00,Peeping Tom,Drama,Michael Powell,1960,101,12,8.00
PRO003871,2022-05-05 10:30:00,Lawrence of Arabia,Adventure,David Lean,1962,228,0,8.00
PRO003872,2022-05-05 15:30:00,Deliverance,Adventure,John Boorman,1972,109,0,8.50
PRO003873,2022-05-05 18:00:00,Donnie Brasco,Biography,Mike Newell,1997,127,12,9.50
PRO003874,2022-05-06 10:00:00,Omohide poro poro,Animation,Isao Takahata,1991,118,0,8.00
PRO003875,2022-05-06 13:00:00,Dom za vesanje,Comedy,Emir Kusturica,1988,142,16,8.50
PRO003876,2022-05-06 16:00:00,Hiroshima mon amour,Drama,Alain Resnais,1959,90,12,8.00
PRO003877,2022-05-07 10:00:00,Le samouraï,Crime,Jean-Pierre Melville,1967,105,12,6.50
PRO003878,2022-05-07 12:30:00,12 Angry Men,Crime,Sidney Lumet,1957,96,0,6.50
PRO003879,2022-05-07 15:00:00,The Last Emperor,Biography,Bernardo Bertolucci,1987,163,0,7.00
PRO003880,2022-05-08 10:00:00,Days of Heaven,Drama,Terrence Malick,1978,94,6,7.00
PRO003881,2022-05-08 12:30:00,Gandhi,Biography,Richard Attenborough,1982,191,0,8.50
PRO003882,2022-05-08 16:30:00,The Royal Tenenbaums,Comedy,Wes Anderson,2001,110,12,6.50
PRO003883,2022-05-09 10:00:00,When Harry Met Sally...,Comedy,Rob Reiner,1989,95,12,8.50
PRO003884,2022-05-10 10:00:00,Repulsion,Drama,Roman Polanski,1965,105,12,7.50
PRO003885,2022-05-10 12:30:00,The Godfather: Part II,Crime,Francis Ford Coppola,1974,202,12,6.50
PRO003886,2022-05-10 16:30:00,Les quatre cents coups,Crime,François Truffaut,1959,99,12,7.00
PRO003887,2022-05-11 10:30:00,Brazil,Drama,Terry Gilliam,1985,132,0,6.50
PRO003888,2022-05-11 13:30:00,Days of Heaven,Drama,Terrence Malick,1978,94,6,8.50
PRO003889,2022-05-11 16:00:00,Peeping Tom,Drama,Michael Powell,1960,101,12,7.00
PRO003890,2022-05-12 10:30:00,White Heat,Action,Raoul Walsh,1949,114,12,8.50
PRO003891,2022-05-12 13:00:00,Le charme discret de la bourgeoisie,Comedy,Luis Buñuel,1972,102,6,8.50
PRO003892,2022-05-12 15:30:00,Butch Cassidy and the Sundance Kid,Biography,George Roy Hill,1969,110,6,7.00
PRO003893,2022-05-13 10:00:00,Brazil,Drama,Terry Gilliam,1985,132,0,8.50
PRO003894,2022-05-14 10:30:00,White Heat,Action,Raoul Walsh,1949,114,12,8.00
PRO003895,2022-05-14 13:30:00,Twelve Monkeys,Mystery,Terry Gilliam,1995,129,12,7.50
PRO003896,2022-05-14 16:30:00,Dom za vesanje,Comedy,Emir Kusturica,1988,142,16,6.50
PRO003897,2022-05-14 19:30:00,Days of Heaven,Drama,Terrence Malick,1978,94,6,8.50
PRO003898,2022-05-15 10:00:00,Fear and Loathing in Las Vegas,Adventure,Terry Gilliam,1998,118,16,8.00
PRO003899,2022-05-15 13:00:00,The Hustler,Drama,Robert Rossen,1961,134,12,6.50
PRO003900,2022-05-15 16:00:00,Repulsion,Drama,Roman Polanski,1965,105,12,7.00
PRO003901,2022-05-15 18:30:00,Omohide poro poro,Animation,Isao Takahata,1991,118,0,9.00
PRO003902,2022-05-16 10:30:00,Dawn of the Dead,Action,George A. Romero,1978,127,12,7.00
PRO003903,2022-05-17 10:00:00,Le samouraï,Crime,Jean-Pierre Melville,1967,105,12,8.00
PRO003904,2022-05-17 12:30:00,The Godfather: Part II,Crime,Francis Ford Coppola,1974,202,12,7.50
PRO003905,2022-05-17 17:00:00,Peeping Tom,Drama,Michael Powell,1960,101,12,8.50
PRO003906,2022-05-18 10:00:00,Le charme discret de la bourgeoisie,Comedy,Luis Buñuel,1972,102,6,8.50
PRO003907,2022-05-18 12:30:00,Peeping Tom,Drama,Michael Powell,1960,101,12,7.50
PRO003908,2022-05-18 15:00:00,Das Experiment,Drama,Oliver Hirschbiegel,2001,120,16,8.50
PRO003909,2022-05-19 10:30:00,Peeping Tom,Drama,Michael Powell,1960,101,12,8.00
PRO003910,2022-05-19 13:00:00,Brazil,Drama,Terry Gilliam,1985,132,0,8.00
PRO003911,2022-05-19 16:00:00,The Night of the Hunter,Crime,Charles Laughton,1955,92,12,7.50
PRO003912,2022-05-20 10:30:00,The Fifth Element,Action,Luc Besson,1997,126,12,8.50
PRO003913,2022-05-20 13:30:00,Dawn of the Dead,Action,George A. Romero,1978,127,12,7.00
PRO003914,2022-05-21 10:00:00,The French Connection,Action,William Friedkin,1971,104,12,7.50
PRO003915,2022-05-21 12:30:00,The Night of the Hunter,Crime,Charles Laughton,1955,92,12,7.50
PRO003916,2022-05-21 15:00:00,Titanic,Drama,James Cameron,1997,194,12,7.00
PRO003917,2022-05-22 10:30:00,Titanic,Drama,James Cameron,1997,194,12,8.50
PRO003918,2022-05-22 14:30:00,Some Like It Hot,Comedy,Billy Wilder,1959,121,0,8.00
PRO003919,2022-05-22 17:30:00,Dawn of the Dead,Action,George A. Romero,1978,127,12,8.00
PRO003920,2022-05-23 10:00:00,Vampire Hunter D: Bloodlust,Animation,Yoshiaki Kawajiri,2000,103,0,7.50
PRO003921,2022-05-23 12:30:00,The Fifth Element,Action,Luc Besson,1997,126,12,8.00
PRO003922,2022-05-23 15:30:00,Sunrise: A Song of Two Humans,Drama,F.W. Murnau,1927,94,12,8.50
PRO003923,2022-05-24 10:00:00,The Godfather,Crime,Francis Ford Coppola,1972,175,12,8.00
PRO003924,2022-05-24 13:30:00,Dil Chahta Hai,Comedy,Farhan Akhtar,2001,183,12,7.50
PRO003925,2022-05-25 10:00:00,Ordinary People,Drama,Robert Redford,1980,124,0,7.50
PRO003926,2022-05-25 13:00:00,Omohide poro poro,Animation,Isao Takahata,1991,118,0,7.50
PRO003927,2022-05-25 16:00:00,Das Experiment,Drama,Oliver Hirschbiegel,2001,120,16,7.50
PRO003928,2022-05-26 10:30:00,The Godfather: Part II,Crime,Francis Ford Coppola,1974,202,12,7.00
PRO003929,2022-05-26 15:00:00,The Fifth Element,Action,Luc Besson,1997,126,12,7.50
PRO003930,2022-05-26 18:00:00,Twelve Monkeys,Mystery,Terry Gilliam,1995,129,12,9.00
PRO003931,2022-05-27 10:30:00,Das Experiment,Drama,Oliver Hirschbiegel,2001,120,16,7.00
PRO003932,2022-05-27 13:30:00,Peeping Tom,Drama,Michael Powell,1960,101,12,7.00
PRO003933,2022-05-28 10:30:00,Le samouraï,Crime,Jean-Pierre Melville,1967,105,12,6.50
PRO003934,2022-05-28 13:00:00,White Heat,Action,Raoul Walsh,1949,114,12,7.50
PRO003935,2022-05-28 15:30:00,The Night of the Hunter,Crime,Charles Laughton,1955,92,12,7.50
PRO003936,2022-05-28 18:00:00,Deliverance,Adventure,John Boorman,1972,109,0,9.00
PRO003937,2022-05-29 10:00:00,Donnie Brasco,Biography,Mike Newell,1997,127,12,8.00
PRO003938,2022-05-29 13:00:00,Vampire Hunter D: Bloodlust,Animation,Yoshiaki Kawajiri,2000,103,0,8.50
PRO003939,2022-05-29 15:30:00,The Night of the Hunter,Crime,Charles Laughton,1955,92,12,6.50
PRO003940,2022-05-29 18:00:00,Vampire Hunter D: Bloodlust,Animation,Yoshiaki Kawajiri,2000,103,0,10.00
PRO003941,2022-05-30 10:30:00,Brazil,Drama,Terry Gilliam,1985,132,0,7.50
PRO003942,2022-05-31 10:30:00,The Fifth Element,Action,Luc Besson,1997,126,12,7.00
PRO003943,2022-05-31 13:30:00,Vampire Hunter D: Bloodlust,Animation,Yoshiaki Kawajiri,2000,103,0,8.00
PRO003944,2022-05-31 16:00:00,Days of Heaven,Drama,Terrence Malick,1978,94,6,8.00
PRO003945,2022-06-01 10:00:00,Peeping Tom,Drama,Michael Powell,1960,101,12,7.50
PRO003946,2022-06-02 10:30:00,Das Experiment,Drama,Oliver Hirschbiegel,2001,120,16,6.50
PRO003947,2022-06-02 13:30:00,Some Like It Hot,Comedy,Billy Wilder,1959,121,0,8.50
PRO003948,2022-06-02 16:30:00,The Fifth Element,Action,Luc Besson,1997,126,12,8.50
PRO003949,2022-06-03 10:30:00,The Lost Weekend,Drama,Billy Wilder,1945,101,12,7.50
PRO003950,2022-06-04 10:00:00,La règle du jeu,Comedy,Jean Renoir,1939,110,12,6.50
PRO003951,2022-06-04 13:00:00,Brazil,Drama,Terry Gilliam,1985,132,0,8.00
PRO003952,2022-06-04 16:00:00,White Heat,Action,Raoul Walsh,1949,114,12,7.00
PRO003953,2022-06-04 19:00:00,The Sixth Sense,Drama,M. Night Shyamalan,1999,107,12,8.50
PRO003954,2022-06-05 10:30:00,Some Like It Hot,Comedy,Billy Wilder,1959,121,0,7.00
PRO003955,2022-06-05 13:30:00,Deliverance,Adventure,John Boorman,1972,109,0,8.00
PRO003956,2022-06-05 16:00:00,La règle du jeu,Comedy,Jean Renoir,1939,110,12,8.00
PRO003957,2022-06-05 18:30:00,Peeping Tom,Drama,Michael Powell,1960,101,12,9.00
PRO003958,2022-06-06 10:30:00,White Heat,Action,Raoul Walsh,1949,114,12,7.00
PRO003959,2022-06-07 10:30:00,The French Connection,Action,William Friedkin,1971,104,12,7.00
PRO003960,2022-06-08 10:30:00,Arsenic and Old Lace,Comedy,Frank Capra,1942,118,12,7.50
PRO003961,2022-06-08 13:30:00,Lawrence of Arabia,Adventure,David Lean,1962,228,0,6.50
PRO003962,2022-06-09 10:00:00,Vampire Hunter D: Bloodlust,Animation,Yoshiaki Kawajiri,2000,103,0,6.50
PRO003963,2022-06-09 12:30:00,Star Wars: Episode VI - Return of the Jedi,Action,Richard Marquand,1983,131,0,8.50
PRO003964,2022-06-10 10:00:00,Titanic,Drama,James Cameron,1997,194,12,7.00
PRO003965,2022-06-10 14:00:00,Deliverance,Adventure,John Boorman,1972,109,0,7.00
PRO003966,2022-06-10 16:30:00,Who's Afraid of Virginia Woolf?,Drama,Mike Nichols,1966,131,12,8.50
PRO003967,2022-06-11 10:00:00,La règle du jeu,Comedy,Jean Renoir,1939,110,12,6.50
PRO003968,2022-06-11 13:00:00,Star Wars: Episode VI - Return of the Jedi,Action,Richard Marquand,1983,131,0,7.00
PRO003969,2022-06-11 16:00:00,The Third Man,Film-Noir,Carol Reed,1949,104,12,8.50
PRO003970,2022-06-11 18:30:00,Vampire Hunter D: Bloodlust,Animation,Yoshiaki Kawajiri,2000,103,0,9.00
PRO003971,2022-06-12 10:00:00,Predator,Action,John McTiernan,1987,107,12,8.00
PRO003972,2022-06-12 12:30:00,Det sjunde inseglet,Drama,Ingmar Bergman,1957,96,12,6.50
PRO003973,2022-06-12 15:00:00,Abre los ojos,Drama,Alejandro Amenábar,1997,119,0,8.50
PRO003974,2022-06-13 10:00:00,Star Wars: Episode VI - Return of the Jedi,Action,Richard Marquand,1983,131,0,8.00
PRO003975,2022-06-13 13:00:00,Titanic,Drama,James Cameron,1997,194,12,8.50
PRO003976,2022-06-13 17:00:00,The Elephant Man,Biography,David Lynch,1980,124,12,6.50
PRO003977,2022-06-14 10:30:00,The Pianist,Biography,Roman Polanski,2002,150,16,7.00
PRO003978,2022-06-15 10:00:00,The Fifth Element,Action,Luc Besson,1997,126,12,8.00
PRO003979,2022-06-15 13:00:00,Reservoir Dogs,Crime,Quentin Tarantino,1992,99,16,8.00
PRO003980,2022-06-15 15:30:00,All Quiet on the Western Front,Drama,Lewis Milestone,1930,152,0,8.50
PRO003981,2022-06-16 10:30:00,The Sixth Sense,Drama,M. Night Shyamalan,1999,107,12,8.00
PRO003982,2022-06-16 13:00:00,Who's Afraid of Virginia Woolf?,Drama,Mike Nichols,1966,131,12,6.50
PRO003983,2022-06-16 16:00:00,Planet of the Apes,Adventure,Franklin J. Schaffner,1968,112,0,6.50
PRO003984,2022-06-17 10:00:00,The Pianist,Biography,Roman Polanski,2002,150,16,7.00
PRO003985,2022-06-17 13:30:00,High Noon,Drama,Fred Zinnemann,1952,85,6,6.50
PRO003986,2022-06-18 10:00:00,Days of Heaven,Drama,Terrence Malick,1978,94,6,8.00
PRO003987,2022-06-18 12:30:00,The Green Mile,Crime,Frank Darabont,1999,189,12,6.50
PRO003988,2022-06-18 16:30:00,Fiddler on the Roof,Drama,Norman Jewison,1971,181,0,7.50
PRO003989,2022-06-18 20:30:00,La règle du jeu,Comedy,Jean Renoir,1939,110,12,9.50
PRO003990,2022-06-19 10:30:00,The Night of the Hunter,Crime,Charles Laughton,1955,92,12,7.00
PRO003991,2022-06-19 13:00:00,Abre los ojos,Drama,Alejandro Amenábar,1997,119,0,6.50
PRO003992,2022-06-19 16:00:00,Star Wars: Episode VI - Return of the Jedi,Action,Richard Marquand,1983,131,0,7.00
PRO003993,2022-06-19 19:00:00,Who's Afraid of Virginia Woolf?,Drama,Mike Nichols,1966,131,12,8.50
PRO003994,2022-06-20 10:30:00,8½,Drama,Federico Fellini,1963,138,12,7.50
PRO003995,2022-06-20 13:30:00,All Quiet on the Western Front,Drama,Lewis Milestone,1930,152,0,7.50
PRO003996,2022-06-20 17:00:00,Snatch,Comedy,Guy Ritchie,2000,104,12,7.50
PRO003997,2022-06-21 10:30:00,Snatch,Comedy,Guy Ritchie,2000,104,12,7.50
PRO003998,2022-06-21 13:00:00,Peeping Tom,Drama,Michael Powell,1960,101,12,6.50
PRO003999,2022-06-22 10:30:00,Planet of the Apes,Adventure,Franklin J. Schaffner,1968,112,0,8.00
PRO004000,2022-06-22 13:00:00,Lawrence of Arabia,Adventure,David Lean,1962,228,0,7.00
PRO004001,2022-06-23 10:30:00,Arsenic and Old Lace,Comedy,Frank Capra,1942,118,12,6.50
PRO004002,2022-06-24 10:30:00,The Night of the Hunter,Crime,Charles Laughton,1955,92,12,8.00
PRO004003,2022-06-24 13:00:00,The Pianist,Biography,Roman Polanski,2002,150,16,7.00
PRO004004,2022-06-24 16:30:00,The Night of the Hunter,Crime,Charles Laughton,1955,92,12,7.00
PRO004005,2022-06-25 10:00:00,The Night of the Hunter,Crime,Charles Laughton,1955,92,12,7.50
PRO004006,2022-06-25 12:30:00,The Pianist,Biography,Roman Polanski,2002,150,16,8.00
PRO004007,2022-06-25 16:00:00,The Green Mile,Crime,Frank Darabont,1999,189,12,6.50
PRO004008,2022-06-25 20:00:00,Bacheha-Ye aseman,Drama,Majid Majidi,1997,89,6,10.00
PRO004009,2022-06-26 10:00:00,Gone with the Wind,Drama,Victor Fleming,1939,238,0,7.00
PRO004010,2022-06-26 15:00:00,Snatch,Comedy,Guy Ritchie,2000,104,12,7.50
PRO004011,2022-06-26 17:30:00,All Quiet on the Western Front,Drama,Lewis Milestone,1930,152,0,8.00
PRO004012,2022-06-27 10:30:00,Vampire Hunter D: Bloodlust,Animation,Yoshiaki Kawajiri,2000,103,0,7.00
PRO004013,2022-06-27 13:00:00,Dom za vesanje,Comedy,Emir Kusturica,1988,142,16,7.50
PRO004014,2022-06-27 16:30:00,Abre los ojos,Drama,Alejandro Amenábar,1997,119,0,7.00
PRO004015,2022-06-28 10:30:00,The Night of the Hunter,Crime,Charles Laughton,1955,92,12,6.50
PRO004016,2022-06-29 10:00:00,The Sixth Sense,Drama,M. Night Shyamalan,1999,107,12,8.50
PRO004017,2022-06-30 10:30:00,All Quiet on the Western Front,Drama,Lewis Milestone,1930,152,0,6.50
PRO004018,2022-06-30 14:00:00,Star Wars: Episode VI - Return of the Jedi,Action,Richard Marquand,1983,131,0,6.50
PRO004019,2022-07-01 10:00:00,Predator,Action,John McTiernan,1987,107,12,7.00
PRO004020,2022-07-01 13:00:00,Fiddler on the Roof,Drama,Norman Jewison,1971,181,0,8.50
PRO004021,2022-07-02 10:30:00,Misery,Drama,Rob Reiner,1990,107,16,7.50
PRO004022,2022-07-02 13:00:00,A Hard Day's Night,Comedy,Richard Lester,1964,87,0,6.50
PRO004023,2022-07-02 15:30:00,Misery,Drama,Rob Reiner,1990,107,16,6.50
PRO004024,2022-07-03 10:00:00,The Bridge on the River Kwai,Adventure,David Lean,1957,161,6,8.50
PRO004025,2022-07-03 13:30:00,The Pianist,Biography,Roman Polanski,2002,150,16,7.50
PRO004026,2022-07-03 17:00:00,Planet of the Apes,Adventure,Franklin J. Schaffner,1968,112,0,8.00
PRO004027,2022-07-03 19:30:00,Planet of the Apes,Adventure,Franklin J. Schaffner,1968,112,0,10.00
PRO004028,2022-07-04 10:00:00,Reservoir Dogs,Crime,Quentin Tarantino,1992,99,16,8.50
PRO004029,2022-07-05 10:00:00,Casablanca,Drama,Michael Curtiz,1942,102,0,7.50
PRO004030,2022-07-06 10:00:00,Planet of the Apes,Adventure,Franklin J. Schaffner,1968,112,0,7.00
PRO004031,2022-07-06 13:00:00,Snatch,Comedy,Guy Ritchie,2000,104,12,8.50
PRO004032,2022-07-07 10:30:00,Planet of the Apes,Adventure,Franklin J. Schaffner,1968,112,0,8.50
PRO004033,2022-07-07 13:00:00,Arsenic and Old Lace,Comedy,Frank Capra,1942,118,12,8.00
PRO004034,2022-07-08 10:00:00,Gladiator,Action,Ridley Scott,2000,155,12,7.00
PRO004035,2022-07-08 13:30:00,The Sixth Sense,Drama,M. Night Shyamalan,1999,107,12,8.00
PRO004036,2022-07-08 16:00:00,Bacheha-Ye aseman,Drama,Majid Majidi,1997,89,6,8.50
PRO004037,2022-07-09 10:00:00,Fiddler on the Roof,Drama,Norman Jewison,1971,181,0,7.00
PRO004038,2022-07-09 14:00:00,High Noon,Drama,Fred Zinnemann,1952,85,6,8.00
PRO004039,2022-07-09 16:30:00,Fiddler on the Roof,Drama,Norman Jewison,1971,181,0,7.00
PRO004040,2022-07-10 10:30:00,Waking Life,Animation,Richard Linklater,2001,99,16,6.50
PRO004041,2022-07-10 13:00:00,The Lady Vanishes,Mystery,Alfred Hitchcock,1938,96,12,8.00
PRO004042,2022-07-10 15:30:00,Snatch,Comedy,Guy Ritchie,2000,104,12,8.50
PRO004043,2022-07-11 10:00:00,Carlito's Way,Crime,Brian De Palma,1993,144,12,6.50
PRO004044,2022-07-11 13:30:00,High Noon,Drama,Fred Zinnemann,1952,85,6,7.00
PRO004045,2022-07-11 16:00:00,Per qualche dollaro in più,Western,Sergio Leone,1965,132,0,7.00
PRO004046,2022-07-12 10:00:00,Fiddler on the Roof,Drama,Norman Jewison,1971,181,0,6.50
PRO004047,2022-07-13 10:00:00,The Bridge on the River Kwai,Adventure,David Lean,1957,161,6,8.00
PRO004048,2022-07-13 13:30:00,Tôkyô monogatari,Drama,Yasujirô Ozu,1953,136,0,6.50
PRO004049,2022-07-14 10:00:00,Gone with the Wind,Drama,Victor Fleming,1939,238,0,8.00
PRO004050,2022-07-15 10:30:00,To Be or Not to Be,Comedy,Ernst Lubitsch,1942,99,12,6.50
PRO004051,2022-07-15 13:00:00,Dom za vesanje,Comedy,Emir Kusturica,1988,142,16,6.50
PRO004052,2022-07-15 16:00:00,Casablanca,Drama,Michael Curtiz,1942,102,0,8.00
PRO004053,2022-07-16 10:30:00,Who Framed Roger Rabbit,Animation,Robert Zemeckis,1988,104,0,8.50
PRO004054,2022-07-16 13:00:00,Misery,Drama,Rob Reiner,1990,107,16,7.00
PRO004055,2022-07-16 15:30:00,Mimi wo sumaseba,Animation,Yoshifumi Kondô,1995,111,0,7.00
PRO004056,2022-07-16 18:00:00,The Elephant Man,Biography,David Lynch,1980,124,12,9.50
PRO004057,2022-07-17 10:30:00,Bacheha-Ye aseman,Drama,Majid Majidi,1997,89,6,6.50
PRO004058,2022-07-17 13:00:00,All Quiet on the Western Front,Drama,Lewis Milestone,1930,152,0,6.50
PRO004059,2022-07-17 16:30:00,Memento,Mystery,Christopher Nolan,2000,113,12,7.50
PRO004060,2022-07-18 10:00:00,The Invisible Man,Horror,James Whale,1933,71,12,7.00
PRO004061,2022-07-18 12:00:00,The Lady Vanishes,Mystery,Alfred Hitchcock,1938,96,12,8.00
PRO004062,2022-07-19 10:00:00,Barton Fink,Comedy,Joel Coen,1991,116,0,8.50
PRO004063,2022-07-19 13:00:00,The Pianist,Biography,Roman Polanski,2002,150,16,8.00
PRO004064,2022-07-19 16:30:00,"South Park: Bigger, Longer & Uncut",Animation,Trey Parker,1999,81,12,7.00
PRO004065,2022-07-20 10:30:00,Barton Fink,Comedy,Joel Coen,1991,116,0,7.50
PRO004066,2022-07-20 13:00:00,Fiddler on the Roof,Drama,Norman Jewison,1971,181,0,8.50
PRO004067,2022-07-20 17:00:00,Evil Dead II,Action,Sam Raimi,1987,84,12,6.50
PRO004068,2022-07-21 10:00:00,The Lady Vanishes,Mystery,Alfred Hitchcock,1938,96,12,7.50
PRO004069,2022-07-21 12:30:00,La dolce vita,Comedy,Federico Fellini,1960,174,12,7.50
PRO004070,2022-07-22 10:00:00,Who Framed Roger Rabbit,Animation,Robert Zemeckis,1988,104,0,7.50
PRO004071,2022-07-22 12:30:00,Raging Bull,Biography,Martin Scorsese,1980,129,12,8.50
PRO004072,2022-07-22 15:30:00,La dolce vita,Comedy,Federico Fellini,1960,174,12,7.50
PRO004073,2022-07-23 10:30:00,The Lady Vanishes,Mystery,Alfred Hitchcock,1938,96,12,7.00
PRO004074,2022-07-23 13:00:00,Gilda,Drama,Charles Vidor,1946,110,12,8.50
PRO004075,2022-07-23 15:30:00,Fiddler on the Roof,Drama,Norman Jewison,1971,181,0,7.50
PRO004076,2022-07-23 19:30:00,North by Northwest,Adventure,Alfred Hitchcock,1959,136,0,10.00
PRO004077,2022-07-24 10:00:00,Det sjunde inseglet,Drama,Ingmar Bergman,1957,96,12,8.00
PRO004078,2022-07-24 12:30:00,The Invisible Man,Horror,James Whale,1933,71,12,7.00
PRO004079,2022-07-24 14:30:00,Vivre sa vie: Film en douze tableaux,Drama,Jean-Luc Godard,1962,80,12,8.50
PRO004080,2022-07-25 10:30:00,Memento,Mystery,Christopher Nolan,2000,113,12,7.50
PRO004081,2022-07-25 13:30:00,The Elephant Man,Biography,David Lynch,1980,124,12,7.50
PRO004082,2022-07-26 10:30:00,The Elephant Man,Biography,David Lynch,1980,124,12,7.00
PRO004083,2022-07-26 13:30:00,The Bridge on the River Kwai,Adventure,David Lean,1957,161,6,7.50
PRO004084,2022-07-26 17:00:00,Dom za vesanje,Comedy,Emir Kusturica,1988,142,16,8.50
PRO004085,2022-07-27 10:30:00,Vivre sa vie: Film en douze tableaux,Drama,Jean-Luc Godard,1962,80,12,8.00
PRO004086,2022-07-27 12:30:00,North by Northwest,Adventure,Alfred Hitchcock,1959,136,0,8.50
PRO004087,2022-07-28 10:30:00,La dolce vita,Comedy,Federico Fellini,1960,174,12,7.00
PRO004088,2022-07-29 10:00:00,Snatch,Comedy,Guy Ritchie,2000,104,12,6.50
PRO004089,2022-07-30 10:30:00,Casablanca,Drama,Michael Curtiz,1942,102,0,6.50
PRO004090,2022-07-30 13:00:00,Waking Life,Animation,Richard Linklater,2001,99,16,7.50
PRO004091,2022-07-30 15:30:00,Snatch,Comedy,Guy Ritchie,2000,104,12,7.00
PRO004092,2022-07-31 10:30:00,Remember the Titans,Biography,Boaz Yakin,2000,113,0,8.50
PRO004093,2022-07-31 13:00:00,Donnie Brasco,Biography,Mike Newell,1997,127,12,7.50
PRO004094,2022-07-31 16:00:00,The Graduate,Comedy,Mike Nichols,1967,106,12,7.00
PRO004095,2022-08-01 10:00:00,Dilwale Dulhania Le Jayenge,Drama,Aditya Chopra,1995,189,0,6.50
PRO004096,2022-08-01 14:00:00,Donnie Brasco,Biography,Mike Newell,1997,127,12,8.50
PRO004097,2022-08-02 10:00:00,Scarface: The Shame of the Nation,Action,Howard Hawks,1932,93,6,8.00
PRO004098,2022-08-02 12:30:00,My Cousin Vinny,Comedy,Jonathan Lynn,1992,120,12,7.50
PRO004099,2022-08-02 15:30:00,Kind Hearts and Coronets,Comedy,Robert Hamer,1949,106,0,6.50
PRO004100,2022-08-03 10:00:00,High Noon,Drama,Fred Zinnemann,1952,85,6,7.50
PRO004101,2022-08-04 10:30:00,Fanny och Alexander,Drama,Ingmar Bergman,1982,188,12,7.50
PRO004102,2022-08-05 10:30:00,Who Framed Roger Rabbit,Animation,Robert Zemeckis,1988,104,0,7.50
PRO004103,2022-08-05 13:00:00,Casablanca,Drama,Michael Curtiz,1942,102,0,7.50
PRO004104,2022-08-06 10:00:00,Kind Hearts and Coronets,Comedy,Robert Hamer,1949,106,0,7.50
PRO004105,2022-08-06 12:30:00,Scarface: The Shame of the Nation,Action,Howard Hawks,1932,93,6,7.00
PRO004106,2022-08-06 15:00:00,Vivre sa vie: Film en douze tableaux,Drama,Jean-Luc Godard,1962,80,12,6.50
PRO004107,2022-08-07 10:30:00,Misery,Drama,Rob Reiner,1990,107,16,8.50
PRO004108,2022-08-07 13:00:00,The Graduate,Comedy,Mike Nichols,1967,106,12,8.00
PRO004109,2022-08-07 15:30:00,La dolce vita,Comedy,Federico Fellini,1960,174,12,8.00
PRO004110,2022-08-08 10:30:00,Per qualche dollaro in più,Western,Sergio Leone,1965,132,0,8.50
PRO004111,2022-08-08 13:30:00,Raging Bull,Biography,Martin Scorsese,1980,129,12,8.50
PRO004112,2022-08-08 16:30:00,Tôkyô monogatari,Drama,Yasujirô Ozu,1953,136,0,7.50
PRO004113,2022-08-09 10:30:00,Vivre sa vie: Film en douze tableaux,Drama,Jean-Luc Godard,1962,80,12,6.50
PRO004114,2022-08-10 10:00:00,The Bridge on the River Kwai,Adventure,David Lean,1957,161,6,7.00
PRO004115,2022-08-11 10:00:00,The Invisible Man,Horror,James Whale,1933,71,12,6.50
PRO004116,2022-08-11 12:00:00,Memento,Mystery,Christopher Nolan,2000,113,12,8.50
PRO004117,2022-08-12 10:00:00,Carlito's Way,Crime,Brian De Palma,1993,144,12,6.50
PRO004118,2022-08-12 13:30:00,To Be or Not to Be,Comedy,Ernst Lubitsch,1942,99,12,8.00
PRO004119,2022-08-12 16:00:00,Kramer vs. Kramer,Drama,Robert Benton,1979,105,12,7.50
PRO004120,2022-08-13 10:30:00,Scarface: The Shame of the Nation,Action,Howard Hawks,1932,93,6,7.00
PRO004121,2022-08-13 13:00:00,"South Park: Bigger, Longer & Uncut",Animation,Trey Parker,1999,81,12,6.50
PRO004122,2022-08-13 15:30:00,Tôkyô monogatari,Drama,Yasujirô Ozu,1953,136,0,8.50
PRO004123,2022-08-13 18:30:00,Raging Bull,Biography,Martin Scorsese,1980,129,12,8.50
PRO004124,2022-08-14 10:30:00,North by Northwest,Adventure,Alfred Hitchcock,1959,136,0,7.50
PRO004125,2022-08-14 13:30:00,The Graduate,Comedy,Mike Nichols,1967,106,12,7.50
PRO004126,2022-08-14 16:00:00,Raging Bull,Biography,Martin Scorsese,1980,129,12,6.50
PRO004127,2022-08-15 10:30:00,Kramer vs. Kramer,Drama,Robert Benton,1979,105,12,6.50
PRO004128,2022-08-15 13:00:00,Batman: Mask of the Phantasm,Animation,Kevin Altieri,1993,76,6,8.50
PRO004129,2022-08-16 10:30:00,My Cousin Vinny,Comedy,Jonathan Lynn,1992,120,12,7.00
PRO004130,2022-08-16 13:30:00,Sense and Sensibility,Drama,Ang Lee,1995,136,0,7.50
PRO004131,2022-08-16 16:30:00,Raiders of the Lost Ark,Action,Steven Spielberg,1981,115,12,8.00
PRO004132,2022-08-17 10:30:00,Night on Earth,Comedy,Jim Jarmusch,1991,129,16,8.00
PRO004133,2022-08-18 10:00:00,To Have and Have Not,Adventure,Howard Hawks,1944,100,6,7.50
PRO004134,2022-08-18 12:30:00,Road to Perdition,Crime,Sam Mendes,2002,117,12,6.50
PRO004135,2022-08-18 15:30:00,Sense and Sensibility,Drama,Ang Lee,1995,136,0,6.50
PRO004136,2022-08-19 10:30:00,My Cousin Vinny,Comedy,Jonathan Lynn,1992,120,12,7.00
PRO004137,2022-08-19 13:30:00,My Cousin Vinny,Comedy,Jonathan Lynn,1992,120,12,7.00
PRO004138,2022-08-20 10:30:00,Tôkyô monogatari,Drama,Yasujirô Ozu,1953,136,0,8.50
PRO004139,2022-08-20 13:30:00,The Innocents,Horror,Jack Clayton,1961,100,12,7.50
PRO004140,2022-08-20 16:00:00,Dilwale Dulhania Le Jayenge,Drama,Aditya Chopra,1995,189,0,7.50
PRO004141,2022-08-21 10:30:00,Road to Perdition,Crime,Sam Mendes,2002,117,12,6.50
PRO004142,2022-08-21 13:00:00,Donnie Brasco,Biography,Mike Newell,1997,127,12,7.00
PRO004143,2022-08-21 16:00:00,The Innocents,Horror,Jack Clayton,1961,100,12,8.50
PRO004144,2022-08-22 10:00:00,Mimi wo sumaseba,Animation,Yoshifumi Kondô,1995,111,0,8.50
PRO004145,2022-08-22 12:30:00,Love and Death,Comedy,Woody Allen,1975,85,6,7.00
PRO004146,2022-08-23 10:00:00,Gilda,Drama,Charles Vidor,1946,110,12,7.00
PRO004147,2022-08-23 12:30:00,Notorious,Drama,Alfred Hitchcock,1946,102,0,7.00
PRO004148,2022-08-24 10:30:00,12 Angry Men,Crime,Sidney Lumet,1957,96,0,7.00
PRO004149,2022-08-25 10:00:00,Lifeboat,Drama,Alfred Hitchcock,1944,97,12,8.50
PRO004150,2022-08-25 12:30:00,Night on Earth,Comedy,Jim Jarmusch,1991,129,16,7.50
PRO004151,2022-08-25 15:30:00,A Hard Day's Night,Comedy,Richard Lester,1964,87,0,6.50
PRO004152,2022-08-26 10:30:00,A Streetcar Named Desire,Drama,Elia Kazan,1951,122,12,8.00
PRO004153,2022-08-27 10:30:00,Raiders of the Lost Ark,Action,Steven Spielberg,1981,115,12,7.00
PRO004154,2022-08-27 13:00:00,Raging Bull,Biography,Martin Scorsese,1980,129,12,8.00
PRO004155,2022-08-27 16:00:00,Lifeboat,Drama,Alfred Hitchcock,1944,97,12,7.00
PRO004156,2022-08-27 18:30:00,Ran,Action,Akira Kurosawa,1985,162,0,9.50
PRO004157,2022-08-28 10:30:00,Memento,Mystery,Christopher Nolan,2000,113,12,8.00
PRO004158,2022-08-28 13:30:00,Raging Bull,Biography,Martin Scorsese,1980,129,12,8.50
PRO004159,2022-08-28 16:30:00,Lifeboat,Drama,Alfred Hitchcock,1944,97,12,7.00
PRO004160,2022-08-29 10:30:00,Dilwale Dulhania Le Jayenge,Drama,Aditya Chopra,1995,189,0,7.00
PRO004161,2022-08-29 14:30:00,Love and Death,Comedy,Woody Allen,1975,85,6,7.00
PRO004162,2022-08-30 10:00:00,Lifeboat,Drama,Alfred Hitchcock,1944,97,12,8.50
PRO004163,2022-08-30 12:30:00,Road to Perdition,Crime,Sam Mendes,2002,117,12,7.50
PRO004164,2022-08-30 15:00:00,Kramer vs. Kramer,Drama,Robert Benton,1979,105,12,7.00
PRO004165,2022-08-31 10:30:00,Kramer vs. Kramer,Drama,Robert Benton,1979,105,12,8.50
PRO004166,2022-09-01 10:30:00,Dilwale Dulhania Le Jayenge,Drama,Aditya Chopra,1995,189,0,6.50
PRO004167,2022-09-01 14:30:00,Gilda,Drama,Charles Vidor,1946,110,12,6.50
PRO004168,2022-09-02 10:30:00,Road to Perdition,Crime,Sam Mendes,2002,117,12,8.00
PRO004169,2022-09-02 13:30:00,Evil Dead II,Action,Sam Raimi,1987,84,12,7.00
PRO004170,2022-09-02 15:30:00,Zerkalo,Biography,Andrei Tarkovsky,1975,107,0,6.50
PRO004171,2022-09-03 10:30:00,Raiders of the Lost Ark,Action,Steven Spielberg,1981,115,12,7.00
PRO004172,2022-09-03 13:30:00,Love and Death,Comedy,Woody Allen,1975,85,6,8.50
PRO004173,2022-09-03 16:00:00,Ran,Action,Akira Kurosawa,1985,162,0,7.00
PRO004174,2022-09-03 19:30:00,My Cousin Vinny,Comedy,Jonathan Lynn,1992,120,12,10.00
PRO004175,2022-09-04 10:00:00,A Streetcar Named Desire,Drama,Elia Kazan,1951,122,12,7.50
PRO004176,2022-09-04 13:00:00,Ferris Bueller's Day Off,Comedy,John Hughes,1986,103,0,7.00
PRO004177,2022-09-04 15:30:00,Raiders of the Lost Ark,Action,Steven Spielberg,1981,115,12,8.50
PRO004178,2022-09-04 18:30:00,Hable con ella,Drama,Pedro Almodóvar,2002,112,16,10.00
PRO004179,2022-09-05 10:00:00,Kramer vs. Kramer,Drama,Robert Benton,1979,105,12,7.50
PRO004180,2022-09-05 12:30:00,The Innocents,Horror,Jack Clayton,1961,100,12,7.50
PRO004181,2022-09-06 10:30:00,Kramer vs. Kramer,Drama,Robert Benton,1979,105,12,7.50
PRO004182,2022-09-06 13:00:00,Hable con ella,Drama,Pedro Almodóvar,2002,112,16,7.50
PRO004183,2022-09-07 10:00:00,I Am Sam,Drama,Jessie Nelson,2001,132,12,7.50
PRO004184,2022-09-07 13:00:00,Gilda,Drama,Charles Vidor,1946,110,12,7.00
PRO004185,2022-09-07 16:00:00,I Am Sam,Drama,Jessie Nelson,2001,132,12,8.00
PRO004186,2022-09-08 10:00:00,Tonari no Totoro,Animation,Hayao Miyazaki,1988,86,0,8.50
PRO004187,2022-09-09 10:30:00,I Am Sam,Drama,Jessie Nelson,2001,132,12,7.50
PRO004188,2022-09-09 13:30:00,Raging Bull,Biography,Martin Scorsese,1980,129,12,7.00
PRO004189,2022-09-10 10:00:00,Raiders of the Lost Ark,Action,Steven Spielberg,1981,115,12,7.00
PRO004190,2022-09-10 13:00:00,Tonari no Totoro,Animation,Hayao Miyazaki,1988,86,0,6.50
PRO004191,2022-09-10 15:30:00,My Cousin Vinny,Comedy,Jonathan Lynn,1992,120,12,8.50
PRO004192,2022-09-11 10:00:00,To Have and Have Not,Adventure,Howard Hawks,1944,100,6,8.50
PRO004193,2022-09-11 12:30:00,Judgment at Nuremberg,Drama,Stanley Kramer,1961,179,12,6.50
PRO004194,2022-09-11 16:30:00,All About Eve,Drama,Joseph L. Mankiewicz,1950,138,12,8.50
PRO004195,2022-09-11 19:30:00,Scarface: The Shame of the Nation,Action,Howard Hawks,1932,93,6,10.00
PRO004196,2022-09-12 10:30:00,Raiders of the Lost Ark,Action,Steven Spielberg,1981,115,12,8.50
PRO004197,2022-09-13 10:00:00,Ran,Action,Akira Kurosawa,1985,162,0,7.50
PRO004198,2022-09-13 13:30:00,His Girl Friday,Comedy,Howard Hawks,1940,92,12,8.00
PRO004199,2022-09-14 10:30:00,All About Eve,Drama,Joseph L. Mankiewicz,1950,138,12,7.00
PRO004200,2022-09-15 10:00:00,Tonari no Totoro,Animation,Hayao Miyazaki,1988,86,0,8.00
PRO004201,2022-09-15 12:30:00,A Streetcar Named Desire,Drama,Elia Kazan,1951,122,12,8.50
PRO004202,2022-09-16 10:00:00,Lifeboat,Drama,Alfred Hitchcock,1944,97,12,8.00
PRO004203,2022-09-17 10:00:00,Zerkalo,Biography,Andrei Tarkovsky,1975,107,0,8.00
PRO004204,2022-09-17 12:30:00,The Great Escape,Adventure,John Sturges,1963,172,0,7.50
PRO004205,2022-09-17 16:30:00,Doctor Zhivago,Drama,David Lean,1965,197,12,8.00
PRO004206,2022-09-18 10:30:00,The Innocents,Horror,Jack Clayton,1961,100,12,6.50
PRO004207,2022-09-18 13:00:00,The Innocents,Horror,Jack Clayton,1961,100,12,8.00
PRO004208,2022-09-18 15:30:00,The Great Escape,Adventure,John Sturges,1963,172,0,7.00
PRO004209,2022-09-18 19:00:00,Judgment at Nuremberg,Drama,Stanley Kramer,1961,179,12,9.50
PRO004210,2022-09-19 10:30:00,Some Like It Hot,Comedy,Billy Wilder,1959,121,0,8.00
PRO004211,2022-09-19 13:30:00,Doctor Zhivago,Drama,David Lean,1965,197,12,8.50
PRO004212,2022-09-20 10:00:00,Doctor Zhivago,Drama,David Lean,1965,197,12,7.00
PRO004213,2022-09-21 10:30:00,Doctor Zhivago,Drama,David Lean,1965,197,12,8.00
PRO004214,2022-09-22 10:30:00,Lifeboat,Drama,Alfred Hitchcock,1944,97,12,6.50
PRO004215,2022-09-23 10:00:00,Vivre sa vie: Film en douze tableaux,Drama,Jean-Luc Godard,1962,80,12,6.50
PRO004216,2022-09-23 12:30:00,Vivre sa vie: Film en douze tableaux,Drama,Jean-Luc Godard,1962,80,12,6.50
PRO004217,2022-09-24 10:30:00,Tonari no Totoro,Animation,Hayao Miyazaki,1988,86,0,6.50
PRO004218,2022-09-24 13:00:00,The Great Escape,Adventure,John Sturges,1963,172,0,8.00
PRO004219,2022-09-24 17:00:00,Per qualche dollaro in più,Western,Sergio Leone,1965,132,0,7.50
PRO004220,2022-09-24 20:00:00,A Streetcar Named Desire,Drama,Elia Kazan,1951,122,12,9.50
PRO004221,2022-09-25 10:30:00,Hable con ella,Drama,Pedro Almodóvar,2002,112,16,7.00
PRO004222,2022-09-25 13:30:00,His Girl Friday,Comedy,Howard Hawks,1940,92,12,7.00
PRO004223,2022-09-25 16:00:00,Doctor Zhivago,Drama,David Lean,1965,197,12,6.50
PRO004224,2022-09-26 10:30:00,The Deer Hunter,Drama,Michael Cimino,1978,183,12,7.50
PRO004225,2022-09-27 10:00:00,Do lok tin si,Comedy,Kar-Wai Wong,1995,99,12,8.50
PRO004226,2022-09-27 12:30:00,The Deer Hunter,Drama,Michael Cimino,1978,183,12,8.00
PRO004227,2022-09-28 10:00:00,Fargo,Crime,Joel Coen,1996,98,12,7.50
PRO004228,2022-09-28 12:30:00,The Great Escape,Adventure,John Sturges,1963,172,0,7.00
PRO004229,2022-09-29 10:30:00,12 Angry Men,Crime,Sidney Lumet,1957,96,0,8.00
PRO004230,2022-09-29 13:00:00,La Grande Illusion,Drama,Jean Renoir,1937,113,12,7.00
PRO004231,2022-09-29 15:30:00,The Hustler,Drama,Robert Rossen,1961,134,12,8.50
PRO004232,2022-09-30 10:00:00,Do lok tin si,Comedy,Kar-Wai Wong,1995,99,12,6.50
PRO004233,2022-10-01 10:30:00,Lifeboat,Drama,Alfred Hitchcock,1944,97,12,6.50
PRO004234,2022-10-01 13:00:00,The Fugitive,Action,Andrew Davis,1993,130,0,7.50
PRO004235,2022-10-01 16:00:00,Some Like It Hot,Comedy,Billy Wilder,1959,121,0,7.00
PRO004236,2022-10-02 10:00:00,Per qualche dollaro in più,Western,Sergio Leone,1965,132,0,7.00
PRO004237,2022-10-02 13:00:00,His Girl Friday,Comedy,Howard Hawks,1940,92,12,8.00
PRO004238,2022-10-02 15:30:00,Some Like It Hot,Comedy,Billy Wilder,1959,121,0,8.00
PRO004239,2022-10-02 18:30:00,12 Angry Men,Crime,Sidney Lumet,1957,96,0,10.00
PRO004240,2022-10-03 10:00:00,Love and Death,Comedy,Woody Allen,1975,85,6,8.50
PRO004241,2022-10-03 12:00:00,I Am Sam,Drama,Jessie Nelson,2001,132,12,7.00
PRO004242,2022-10-04 10:00:00,La Grande Illusion,Drama,Jean Renoir,1937,113,12,7.00
PRO004243,2022-10-04 13:00:00,Tonari no Totoro,Animation,Hayao Miyazaki,1988,86,0,6.50
PRO004244,2022-10-04 15:30:00,What's Eating Gilbert Grape,Drama,Lasse Hallström,1993,118,0,6.50
PRO004245,2022-10-05 10:00:00,The Great Escape,Adventure,John Sturges,1963,172,0,8.50
PRO004246,2022-10-05 13:30:00,Hable con ella,Drama,Pedro Almodóvar,2002,112,16,7.50
PRO004247,2022-10-06 10:30:00,The Hustler,Drama,Robert Rossen,1961,134,12,7.00
PRO004248,2022-10-06 13:30:00,Raiders of the Lost Ark,Action,Steven Spielberg,1981,115,12,7.00
PRO004249,2022-10-06 16:00:00,Kind Hearts and Coronets,Comedy,Robert Hamer,1949,106,0,8.50
PRO004250,2022-10-07 10:00:00,The Fugitive,Action,Andrew Davis,1993,130,0,7.00
PRO004251,2022-10-07 13:00:00,Miller's Crossing,Crime,Joel Coen,1990,115,16,7.50
PRO004252,2022-10-08 10:00:00,Kind Hearts and Coronets,Comedy,Robert Hamer,1949,106,0,8.50
PRO004253,2022-10-08 12:30:00,I Am Sam,Drama,Jessie Nelson,2001,132,12,8.50
PRO004254,2022-10-08 15:30:00,12 Angry Men,Crime,Sidney Lumet,1957,96,0,6.50
PRO004255,2022-10-08 18:00:00,Zerkalo,Biography,Andrei Tarkovsky,1975,107,0,9.00
PRO004256,2022-10-09 10:30:00,Judgment at Nuremberg,Drama,Stanley Kramer,1961,179,12,8.00
PRO004257,2022-10-09 14:30:00,Do lok tin si,Comedy,Kar-Wai Wong,1995,99,12,7.00
PRO004258,2022-10-09 17:00:00,The Straight Story,Biography,David Lynch,1999,112,0,8.50
PRO004259,2022-10-10 10:30:00,Doctor Zhivago,Drama,David Lean,1965,197,12,7.50
PRO004260,2022-10-11 10:30:00,His Girl Friday,Comedy,Howard Hawks,1940,92,12,7.00
PRO004261,2022-10-11 13:00:00,Gladiator,Action,Ridley Scott,2000,155,12,8.00
PRO004262,2022-10-12 10:30:00,Der Himmel über Berlin,Drama,Wim Wenders,1987,128,0,8.50
PRO004263,2022-10-13 10:00:00,The Hustler,Drama,Robert Rossen,1961,134,12,8.00
PRO004264,2022-10-13 13:00:00,Dark City,Mystery,Alex Proyas,1998,100,12,7.50
PRO004265,2022-10-14 10:00:00,The Hustler,Drama,Robert Rossen,1961,134,12,7.50
PRO004266,2022-10-14 13:00:00,Fargo,Crime,Joel Coen,1996,98,12,8.50
PRO004267,2022-10-15 10:00:00,Miller's Crossing,Crime,Joel Coen,1990,115,16,6.50
PRO004268,2022-10-15 13:00:00,The Hustler,Drama,Robert Rossen,1961,134,12,8.00
PRO004269,2022-10-15 16:00:00,"O Brother, Where Art Thou?",Adventure,Joel Coen,2000,107,0,8.50
PRO004270,2022-10-15 18:30:00,The Hustler,Drama,Robert Rossen,1961,134,12,9.00
PRO004271,2022-10-16 10:00:00,Fargo,Crime,Joel Coen,1996,98,12,7.00
PRO004272,2022-10-16 12:30:00,"O Brother, Where Art Thou?",Adventure,Joel Coen,2000,107,0,8.00
PRO004273,2022-10-16 15:00:00,Kind Hearts and Coronets,Comedy,Robert Hamer,1949,106,0,8.00
PRO004274,2022-10-17 10:30:00,Sense and Sensibility,Drama,Ang Lee,1995,136,0,7.50
PRO004275,2022-10-18 10:00:00,Gladiator,Action,Ridley Scott,2000,155,12,8.00
PRO004276,2022-10-18 13:30:00,La Grande Illusion,Drama,Jean Renoir,1937,113,12,8.00
PRO004277,2022-10-18 16:30:00,The Fugitive,Action,Andrew Davis,1993,130,0,8.50
PRO004278,2022-10-19 10:30:00,Dark City,Mystery,Alex Proyas,1998,100,12,6.50
PRO004279,2022-10-20 10:30:00,Le salaire de la peur,Adventure,Henri-Georges Clouzot,1953,131,0,8.50
PRO004280,2022-10-20 13:30:00,Jungfrukällan,Drama,Ingmar Bergman,1960,89,12,8.00
PRO004281,2022-10-20 16:00:00,Do lok tin si,Comedy,Kar-Wai Wong,1995,99,12,8.50
PRO004282,2022-10-21 10:30:00,Le salaire de la peur,Adventure,Henri-Georges Clouzot,1953,131,0,7.50
PRO004283,2022-10-22 10:30:00,Midnight Cowboy,Drama,John Schlesinger,1969,113,12,7.50
PRO004284,2022-10-22 13:00:00,Judgment at Nuremberg,Drama,Stanley Kramer,1961,179,12,7.50
PRO004285,2022-10-22 17:00:00,Gladiator,Action,Ridley Scott,2000,155,12,8.00
PRO004286,2022-10-23 10:30:00,Dark City,Mystery,Alex Proyas,1998,100,12,7.50
PRO004287,2022-10-23 13:00:00,"O Brother, Where Art Thou?",Adventure,Joel Coen,2000,107,0,8.50
PRO004288,2022-10-23 15:30:00,City Lights,Comedy,Charles Chaplin,1931,87,0,8.00
PRO004289,2022-10-23 18:00:00,Kind Hearts and Coronets,Comedy,Robert Hamer,1949,106,0,9.50
PRO004290,2022-10-24 10:00:00,Kôkaku Kidôtai,Animation,Mamoru Oshii,1995,83,12,7.00
PRO004291,2022-10-24 12:00:00,"O Brother, Where Art Thou?",Adventure,Joel Coen,2000,107,0,7.50
PRO004292,2022-10-25 10:00:00,Miller's Crossing,Crime,Joel Coen,1990,115,16,7.50
PRO004293,2022-10-25 13:00:00,A Streetcar Named Desire,Drama,Elia Kazan,1951,122,12,6.50
PRO004294,2022-10-26 10:30:00,"O Brother, Where Art Thou?",Adventure,Joel Coen,2000,107,0,7.00
PRO004295,2022-10-26 13:00:00,The Hustler,Drama,Robert Rossen,1961,134,12,8.00
PRO004296,2022-10-27 10:00:00,Cast Away,Adventure,Robert Zemeckis,2000,143,12,7.00
PRO004297,2022-10-28 10:00:00,His Girl Friday,Comedy,Howard Hawks,1940,92,12,6.50
PRO004298,2022-10-29 10:00:00,City Lights,Comedy,Charles Chaplin,1931,87,0,8.50
PRO004299,2022-10-29 12:30:00,Do lok tin si,Comedy,Kar-Wai Wong,1995,99,12,7.00
PRO004300,2022-10-29 15:00:00,Do lok tin si,Comedy,Kar-Wai Wong,1995,99,12,7.00
PRO004301,2022-10-29 17:30:00,Predator,Action,John McTiernan,1987,107,12,8.50
PRO004302,2022-10-30 10:30:00,The Deer Hunter,Drama,Michael Cimino,1978,183,12,8.50
PRO004303,2022-10-30 14:30:00,Midnight Cowboy,Drama,John Schlesinger,1969,113,12,7.00
PRO004304,2022-10-30 17:00:00,Midnight Express,Biography,Alan Parker,1978,121,12,7.50
PRO004305,2022-10-31 10:30:00,Judgment at Nuremberg,Drama,Stanley Kramer,1961,179,12,7.00
PRO004306,2022-10-31 14:00:00,Jungfrukällan,Drama,Ingmar Bergman,1960,89,12,7.50
PRO004307,2022-10-31 16:30:00,Do lok tin si,Comedy,Kar-Wai Wong,1995,99,12,7.50
PRO004308,2022-11-01 10:00:00,Falling Down,Action,Joel Schumacher,1993,113,16,8.50
PRO004309,2022-11-02 10:30:00,"O Brother, Where Art Thou?",Adventure,Joel Coen,2000,107,0,6.50
PRO004310,2022-11-03 10:30:00,Fargo,Crime,Joel Coen,1996,98,12,8.50
PRO004311,2022-11-03 13:00:00,City Lights,Comedy,Charles Chaplin,1931,87,0,8.00
PRO004312,2022-11-04 10:30:00,Gladiator,Action,Ridley Scott,2000,155,12,7.00
PRO004313,2022-11-04 14:00:00,Midnight Cowboy,Drama,John Schlesinger,1969,113,12,8.50
PRO004314,2022-11-05 10:00:00,Gladiator,Action,Ridley Scott,2000,155,12,8.50
PRO004315,2022-11-05 13:30:00,Le salaire de la peur,Adventure,Henri-Georges Clouzot,1953,131,0,7.50
PRO004316,2022-11-05 16:30:00,Kôkaku Kidôtai,Animation,Mamoru Oshii,1995,83,12,7.50
PRO004317,2022-11-05 19:00:00,The Magnificent Seven,Action,John Sturges,1960,128,12,8.50
PRO004318,2022-11-06 10:30:00,Rupan sansei: Kariosutoro no shiro,Animation,Hayao Miyazaki,1979,100,0,7.00
PRO004319,2022-11-06 13:00:00,Do lok tin si,Comedy,Kar-Wai Wong,1995,99,12,8.50
PRO004320,2022-11-06 15:30:00,City Lights,Comedy,Charles Chaplin,1931,87,0,8.50
PRO004321,2022-11-06 18:00:00,Kôkaku Kidôtai,Animation,Mamoru Oshii,1995,83,12,9.00
PRO004322,2022-11-07 10:00:00,Cast Away,Adventure,Robert Zemeckis,2000,143,12,8.50
PRO004323,2022-11-07 13:00:00,Kôkaku Kidôtai,Animation,Mamoru Oshii,1995,83,12,8.50
PRO004324,2022-11-08 10:00:00,Enter the Dragon,Action,Robert Clouse,1973,102,12,8.00
PRO004325,2022-11-08 12:30:00,Midnight Cowboy,Drama,John Schlesinger,1969,113,12,6.50
PRO004326,2022-11-09 10:30:00,Adaptation.,Comedy,Spike Jonze,2002,115,16,6.50
PRO004327,2022-11-09 13:30:00,The Hustler,Drama,Robert Rossen,1961,134,12,8.50
PRO004328,2022-11-09 16:30:00,Midnight Cowboy,Drama,John Schlesinger,1969,113,12,7.00
PRO004329,2022-11-10 10:00:00,A Streetcar Named Desire,Drama,Elia Kazan,1951,122,12,8.50
PRO004330,2022-11-11 10:00:00,The Magnificent Seven,Action,John Sturges,1960,128,12,8.00
PRO004331,2022-11-11 13:00:00,A Clockwork Orange,Crime,Stanley Kubrick,1971,136,12,7.00
PRO004332,2022-11-11 16:00:00,Der Himmel über Berlin,Drama,Wim Wenders,1987,128,0,7.50
PRO004333,2022-11-12 10:00:00,The Great Escape,Adventure,John Sturges,1963,172,0,8.50
PRO004334,2022-11-12 13:30:00,The Invisible Man,Horror,James Whale,1933,71,12,8.50
PRO004335,2022-11-12 15:30:00,Midnight Cowboy,Drama,John Schlesinger,1969,113,12,6.50
PRO004336,2022-11-12 18:00:00,Dances with Wolves,Adventure,Kevin Costner,1990,181,0,9.00
PRO004337,2022-11-13 10:00:00,The Invisible Man,Horror,James Whale,1933,71,12,8.50
PRO004338,2022-11-13 12:00:00,Gladiator,Action,Ridley Scott,2000,155,12,7.50
PRO004339,2022-11-13 15:30:00,Rupan sansei: Kariosutoro no shiro,Animation,Hayao Miyazaki,1979,100,0,7.00
PRO004340,2022-11-13 18:00:00,Sense and Sensibility,Drama,Ang Lee,1995,136,0,10.00
PRO004341,2022-11-14 10:30:00,The Magnificent Seven,Action,John Sturges,1960,128,12,8.00
PRO004342,2022-11-14 13:30:00,The Magnificent Seven,Action,John Sturges,1960,128,12,7.50
PRO004343,2022-11-14 16:30:00,Gladiator,Action,Ridley Scott,2000,155,12,7.00
PRO004344,2022-11-15 10:00:00,Le salaire de la peur,Adventure,Henri-Georges Clouzot,1953,131,0,7.50
PRO004345,2022-11-15 13:00:00,Hannah and Her Sisters,Comedy,Woody Allen,1986,107,12,7.00
PRO004346,2022-11-15 15:30:00,The Kid,Comedy,Charles Chaplin,1921,68,12,7.50
PRO004347,2022-11-16 10:30:00,Touch of Evil,Crime,Orson Welles,1958,95,12,8.00
PRO004348,2022-11-16 13:00:00,A Clockwork Orange,Crime,Stanley Kubrick,1971,136,12,7.50
PRO004349,2022-11-16 16:00:00,City Lights,Comedy,Charles Chaplin,1931,87,0,8.00
PRO004350,2022-11-17 10:00:00,The Usual Suspects,Crime,Bryan Singer,1995,106,12,8.00
PRO004351,2022-11-17 12:30:00,Kôkaku Kidôtai,Animation,Mamoru Oshii,1995,83,12,8.50
PRO004352,2022-11-17 14:30:00,The Usual Suspects,Crime,Bryan Singer,1995,106,12,7.50
PRO004353,2022-11-18 10:30:00,Sense and Sensibility,Drama,Ang Lee,1995,136,0,8.00
PRO004354,2022-11-19 10:00:00,Cast Away,Adventure,Robert Zemeckis,2000,143,12,8.50
PRO004355,2022-11-19 13:00:00,The Magnificent Seven,Action,John Sturges,1960,128,12,7.50
PRO004356,2022-11-19 16:00:00,Midnight Express,Biography,Alan Parker,1978,121,12,7.50
PRO004357,2022-11-20 10:30:00,From Here to Eternity,Drama,Fred Zinnemann,1953,118,12,8.00
PRO004358,2022-11-20 13:30:00,The Magnificent Seven,Action,John Sturges,1960,128,12,8.00
PRO004359,2022-11-20 16:30:00,From Here to Eternity,Drama,Fred Zinnemann,1953,118,12,8.00
PRO004360,2022-11-20 19:30:00,Dances with Wolves,Adventure,Kevin Costner,1990,181,0,10.00
PRO004361,2022-11-21 10:30:00,Days of Heaven,Drama,Terrence Malick,1978,94,6,8.00
PRO004362,2022-11-21 13:00:00,Midnight Cowboy,Drama,John Schlesinger,1969,113,12,7.50
PRO004363,2022-11-22 10:30:00,Falling Down,Action,Joel Schumacher,1993,113,16,8.00
PRO004364,2022-11-22 13:00:00,Hannah and Her Sisters,Comedy,Woody Allen,1986,107,12,8.50
PRO004365,2022-11-23 10:00:00,Saving Private Ryan,Drama,Steven Spielberg,1998,169,16,8.50
PRO004366,2022-11-24 10:30:00,A Streetcar Named Desire,Drama,Elia Kazan,1951,122,12,8.00
PRO004367,2022-11-24 13:30:00,Ben-Hur,Adventure,William Wyler,1959,212,0,7.50
PRO004368,2022-11-25 10:00:00,Midnight Cowboy,Drama,John Schlesinger,1969,113,12,8.50
PRO004369,2022-11-25 12:30:00,From Here to Eternity,Drama,Fred Zinnemann,1953,118,12,6.50
PRO004370,2022-11-25 15:30:00,North by Northwest,Adventure,Alfred Hitchcock,1959,136,0,7.50
PRO004371,2022-11-26 10:00:00,Majo no takkyûbin,Animation,Hayao Miyazaki,1989,103,0,7.50
PRO004372,2022-11-26 12:30:00,Gladiator,Action,Ridley Scott,2000,155,12,8.50
PRO004373,2022-11-26 16:00:00,Blowup,Drama,Michelangelo Antonioni,1966,111,12,7.00
PRO004374,2022-11-26 19:00:00,Days of Heaven,Drama,Terrence Malick,1978,94,6,10.00
PRO004375,2022-11-27 10:30:00,Days of Heaven,Drama,Terrence Malick,1978,94,6,7.00
PRO004376,2022-11-27 13:00:00,From Here to Eternity,Drama,Fred Zinnemann,1953,118,12,8.00
PRO004377,2022-11-27 15:30:00,Dances with Wolves,Adventure,Kevin Costner,1990,181,0,8.50
PRO004378,2022-11-28 10:00:00,Ben-Hur,Adventure,William Wyler,1959,212,0,8.00
PRO004379,2022-11-28 14:30:00,Rashômon,Crime,Akira Kurosawa,1950,88,12,7.00
PRO004380,2022-11-28 17:00:00,Enter the Dragon,Action,Robert Clouse,1973,102,12,7.00
PRO004381,2022-11-29 10:30:00,The Kid,Comedy,Charles Chaplin,1921,68,12,6.50
PRO004382,2022-11-30 10:00:00,A Little Princess,Drama,Alfonso Cuarón,1995,97,0,7.00
PRO004383,2022-11-30 12:30:00,Rashômon,Crime,Akira Kurosawa,1950,88,12,8.50
PRO004384,2022-12-01 10:30:00,The Kid,Comedy,Charles Chaplin,1921,68,12,6.50
PRO004385,2022-12-01 12:30:00,Rashômon,Crime,Akira Kurosawa,1950,88,12,7.50
PRO004386,2022-12-01 15:00:00,Dances with Wolves,Adventure,Kevin Costner,1990,181,0,8.00
PRO004387,2022-12-02 10:00:00,Dances with Wolves,Adventure,Kevin Costner,1990,181,0,7.50
PRO004388,2022-12-02 14:00:00,From Here to Eternity,Drama,Fred Zinnemann,1953,118,12,7.50
PRO004389,2022-12-02 17:00:00,Saving Private Ryan,Drama,Steven Spielberg,1998,169,16,6.50
PRO004390,2022-12-03 10:00:00,La passion de Jeanne d'Arc,Biography,Carl Theodor Dreyer,1928,110,12,6.50
PRO004391,2022-12-03 12:30:00,Enter the Dragon,Action,Robert Clouse,1973,102,12,7.50
PRO004392,2022-12-03 15:00:00,Touch of Evil,Crime,Orson Welles,1958,95,12,8.50
PRO004393,2022-12-04 10:30:00,A Little Princess,Drama,Alfonso Cuarón,1995,97,0,7.50
PRO004394,2022-12-04 13:00:00,The Magnificent Seven,Action,John Sturges,1960,128,12,8.50
PRO004395,2022-12-04 16:00:00,Enter the Dragon,Action,Robert Clouse,1973,102,12,7.50
PRO004396,2022-12-05 10:00:00,From Here to Eternity,Drama,Fred Zinnemann,1953,118,12,7.00
PRO004397,2022-12-05 13:00:00,Touch of Evil,Crime,Orson Welles,1958,95,12,6.50
PRO004398,2022-12-06 10:00:00,Saving Private Ryan,Drama,Steven Spielberg,1998,169,16,6.50
PRO004399,2022-12-06 13:30:00,Delicatessen,Comedy,Marc Caro,1991,99,16,8.00
PRO004400,2022-12-07 10:00:00,Boyz n the Hood,Crime,John Singleton,1991,112,12,7.00
PRO004401,2022-12-07 12:30:00,Rupan sansei: Kariosutoro no shiro,Animation,Hayao Miyazaki,1979,100,0,8.50
PRO004402,2022-12-07 15:00:00,Adaptation.,Comedy,Spike Jonze,2002,115,16,6.50
PRO004403,2022-12-08 10:30:00,Casablanca,Drama,Michael Curtiz,1942,102,0,8.00
PRO004404,2022-12-09 10:00:00,Yeopgijeogin geunyeo,Comedy,Jae-young Kwak,2001,137,12,7.50
PRO004405,2022-12-10 10:30:00,Rashômon,Crime,Akira Kurosawa,1950,88,12,8.00
PRO004406,2022-12-10 13:00:00,Yeopgijeogin geunyeo,Comedy,Jae-young Kwak,2001,137,12,6.50
PRO004407,2022-12-10 16:00:00,Rashômon,Crime,Akira Kurosawa,1950,88,12,7.50
PRO004408,2022-12-10 18:30:00,Enter the Dragon,Action,Robert Clouse,1973,102,12,8.50
PRO004409,2022-12-11 10:30:00,Hannah and Her Sisters,Comedy,Woody Allen,1986,107,12,8.50
PRO004410,2022-12-11 13:00:00,Smultronstället,Drama,Ingmar Bergman,1957,91,0,7.50
PRO004411,2022-12-11 15:30:00,The Kid,Comedy,Charles Chaplin,1921,68,12,8.50
PRO004412,2022-12-12 10:00:00,Falling Down,Action,Joel Schumacher,1993,113,16,6.50
PRO004413,2022-12-13 10:00:00,Touch of Evil,Crime,Orson Welles,1958,95,12,6.50
PRO004414,2022-12-14 10:30:00,Touch of Evil,Crime,Orson Welles,1958,95,12,8.50
PRO004415,2022-12-15 10:30:00,Enter the Dragon,Action,Robert Clouse,1973,102,12,6.50
PRO004416,2022-12-15 13:00:00,North by Northwest,Adventure,Alfred Hitchcock,1959,136,0,8.50
PRO004417,2022-12-15 16:00:00,Majo no takkyûbin,Animation,Hayao Miyazaki,1989,103,0,7.50
PRO004418,2022-12-16 10:30:00,Hannah and Her Sisters,Comedy,Woody Allen,1986,107,12,6.50
PRO004419,2022-12-16 13:00:00,Rupan sansei: Kariosutoro no shiro,Animation,Hayao Miyazaki,1979,100,0,7.50
PRO004420,2022-12-16 15:30:00,Dances with Wolves,Adventure,Kevin Costner,1990,181,0,7.00
PRO004421,2022-12-17 10:30:00,Casablanca,Drama,Michael Curtiz,1942,102,0,7.00
PRO004422,2022-12-17 13:00:00,Yeopgijeogin geunyeo,Comedy,Jae-young Kwak,2001,137,12,8.00
PRO004423,2022-12-17 16:00:00,Yeopgijeogin geunyeo,Comedy,Jae-young Kwak,2001,137,12,7.00
PRO004424,2022-12-18 10:00:00,25th Hour,Drama,Spike Lee,2002,135,16,8.50
PRO004425,2022-12-18 13:00:00,Enter the Dragon,Action,Robert Clouse,1973,102,12,7.50
PRO004426,2022-12-18 15:30:00,The Elephant Man,Biography,David Lynch,1980,124,12,7.50
PRO004427,2022-12-18 18:30:00,From Here to Eternity,Drama,Fred Zinnemann,1953,118,12,10.00
PRO004428,2022-12-19 10:00:00,Predator,Action,John McTiernan,1987,107,12,7.50
PRO004429,2022-12-19 12:30:00,Yeopgijeogin geunyeo,Comedy,Jae-young Kwak,2001,137,12,8.00
PRO004430,2022-12-20 10:00:00,Delicatessen,Comedy,Marc Caro,1991,99,16,7.50
PRO004431,2022-12-21 10:00:00,The Invisible Man,Horror,James Whale,1933,71,12,7.00
PRO004432,2022-12-21 12:00:00,The Elephant Man,Biography,David Lynch,1980,124,12,7.00
PRO004433,2022-12-22 10:00:00,The Elephant Man,Biography,David Lynch,1980,124,12,8.00
PRO004434,2022-12-23 10:00:00,Casablanca,Drama,Michael Curtiz,1942,102,0,8.50
PRO004435,2022-12-23 12:30:00,The Invisible Man,Horror,James Whale,1933,71,12,8.00
PRO004436,2022-12-24 10:30:00,What's Eating Gilbert Grape,Drama,Lasse Hallström,1993,118,0,8.50
PRO004437,2022-12-24 13:30:00,A Little Princess,Drama,Alfonso Cuarón,1995,97,0,7.00
PRO004438,2022-12-24 16:00:00,The Truman Show,Comedy,Peter Weir,1998,103,0,8.00
PRO004439,2022-12-24 18:30:00,Naked,Comedy,Mike Leigh,1993,132,12,8.50
PRO004440,2022-12-25 10:30:00,The Invisible Man,Horror,James Whale,1933,71,12,7.00
PRO004441,2022-12-25 12:30:00,Smultronstället,Drama,Ingmar Bergman,1957,91,0,6.50
PRO004442,2022-12-25 15:00:00,The Truman Show,Comedy,Peter Weir,1998,103,0,7.00
PRO004443,2022-12-26 10:30:00,Naked,Comedy,Mike Leigh,1993,132,12,6.50
PRO004444,2022-12-27 10:00:00,Smultronstället,Drama,Ingmar Bergman,1957,91,0,8.50
PRO004445,2022-12-27 12:30:00,Yeopgijeogin geunyeo,Comedy,Jae-young Kwak,2001,137,12,7.00
PRO004446,2022-12-28 10:30:00,Boyz n the Hood,Crime,John Singleton,1991,112,12,7.00
PRO004447,2022-12-28 13:00:00,Paper Moon,Comedy,Peter Bogdanovich,1973,102,0,8.50
PRO004448,2022-12-28 15:30:00,Paper Moon,Comedy,Peter Bogdanovich,1973,102,0,6.50
PRO004449,2022-12-29 10:30:00,Ben-Hur,Adventure,William Wyler,1959,212,0,8.00
PRO004450,2022-12-29 15:00:00,The Breakfast Club,Comedy,John Hughes,1985,97,12,7.00
PRO004451,2022-12-29 17:30:00,The Elephant Man,Biography,David Lynch,1980,124,12,8.00
PRO004452,2022-12-30 10:00:00,Yeopgijeogin geunyeo,Comedy,Jae-young Kwak,2001,137,12,7.50
PRO004453,2022-12-30 13:00:00,Tenkû no shiro Rapyuta,Animation,Hayao Miyazaki,1986,125,0,8.00
PRO004454,2022-12-30 16:00:00,Yeopgijeogin geunyeo,Comedy,Jae-young Kwak,2001,137,12,7.50
PRO004455,2022-12-31 10:30:00,The Breakfast Club,Comedy,John Hughes,1985,97,12,8.50
PRO004456,2022-12-31 13:00:00,Enter the Dragon,Action,Robert Clouse,1973,102,12,6.50
PRO004457,2022-12-31 15:30:00,Tenkû no shiro Rapyuta,Animation,Hayao Miyazaki,1986,125,0,7.50
PRO004458,2022-12-31 18:30:00,The Remains of the Day,Drama,James Ivory,1993,134,0,8.50
PRO004459,2023-01-01 10:00:00,The Elephant Man,Biography,David Lynch,1980,124,12,6.50
PRO004460,2023-01-01 13:00:00,Paper Moon,Comedy,Peter Bogdanovich,1973,102,0,7.00
PRO004461,2023-01-01 15:30:00,Escape from Alcatraz,Action,Don Siegel,1979,112,12,8.50
PRO004462,2023-01-01 18:30:00,Tenkû no shiro Rapyuta,Animation,Hayao Miyazaki,1986,125,0,9.50
PRO004463,2023-01-02 10:00:00,Fa yeung nin wah,Drama,Kar-Wai Wong,2000,98,0,7.50
PRO004464,2023-01-02 12:30:00,Smultronstället,Drama,Ingmar Bergman,1957,91,0,7.00
PRO004465,2023-01-03 10:30:00,The Elephant Man,Biography,David Lynch,1980,124,12,8.00
PRO004466,2023-01-03 13:30:00,Boyz n the Hood,Crime,John Singleton,1991,112,12,8.00
PRO004467,2023-01-03 16:30:00,Monty Python and the Holy Grail,Adventure,Terry Gilliam,1975,91,6,8.50
PRO004468,2023-01-04 10:30:00,Fa yeung nin wah,Drama,Kar-Wai Wong,2000,98,0,7.00
PRO004469,2023-01-04 13:00:00,Fa yeung nin wah,Drama,Kar-Wai Wong,2000,98,0,6.50
PRO004470,2023-01-04 15:30:00,Rupan sansei: Kariosutoro no shiro,Animation,Hayao Miyazaki,1979,100,0,6.50
PRO004471,2023-01-05 10:30:00,Majo no takkyûbin,Animation,Hayao Miyazaki,1989,103,0,6.50
PRO004472,2023-01-06 10:00:00,Twelve Monkeys,Mystery,Terry Gilliam,1995,129,12,8.00
PRO004473,2023-01-06 13:00:00,Paper Moon,Comedy,Peter Bogdanovich,1973,102,0,7.50
PRO004474,2023-01-07 10:00:00,25th Hour,Drama,Spike Lee,2002,135,16,7.50
PRO004475,2023-01-07 13:00:00,Twelve Monkeys,Mystery,Terry Gilliam,1995,129,12,8.00
PRO004476,2023-01-07 16:00:00,Paper Moon,Comedy,Peter Bogdanovich,1973,102,0,7.50
PRO004477,2023-01-07 18:30:00,Naked,Comedy,Mike Leigh,1993,132,12,9.00
PRO004478,2023-01-08 10:30:00,Jurassic Park,Action,Steven Spielberg,1993,127,12,8.50
PRO004479,2023-01-08 13:30:00,Rupan sansei: Kariosutoro no shiro,Animation,Hayao Miyazaki,1979,100,0,8.00
PRO004480,2023-01-08 16:00:00,Fa yeung nin wah,Drama,Kar-Wai Wong,2000,98,0,8.00
PRO004481,2023-01-08 18:30:00,The Elephant Man,Biography,David Lynch,1980,124,12,10.00
PRO004482,2023-01-09 10:30:00,Jurassic Park,Action,Steven Spielberg,1993,127,12,7.00
PRO004483,2023-01-10 10:00:00,Fa yeung nin wah,Drama,Kar-Wai Wong,2000,98,0,8.50
PRO004484,2023-01-10 12:30:00,Jurassic Park,Action,Steven Spielberg,1993,127,12,7.50
PRO004485,2023-01-10 15:30:00,Shichinin no samurai,Action,Akira Kurosawa,1954,207,0,7.50
PRO004486,2023-01-11 10:30:00,Happiness,Comedy,Todd Solondz,1998,134,12,8.00
PRO004487,2023-01-11 13:30:00,The Truman Show,Comedy,Peter Weir,1998,103,0,8.00
PRO004488,2023-01-12 10:30:00,The Remains of the Day,Drama,James Ivory,1993,134,0,8.50
PRO004489,2023-01-13 10:00:00,Monty Python and the Holy Grail,Adventure,Terry Gilliam,1975,91,6,8.50
PRO004490,2023-01-14 10:30:00,Casablanca,Drama,Michael Curtiz,1942,102,0,8.50
PRO004491,2023-01-14 13:00:00,Happiness,Comedy,Todd Solondz,1998,134,12,7.00
PRO004492,2023-01-14 16:00:00,Happiness,Comedy,Todd Solondz,1998,134,12,8.00
PRO004493,2023-01-15 10:30:00,Twelve Monkeys,Mystery,Terry Gilliam,1995,129,12,8.50
PRO004494,2023-01-15 13:30:00,Paper Moon,Comedy,Peter Bogdanovich,1973,102,0,6.50
PRO004495,2023-01-15 16:00:00,The Remains of the Day,Drama,James Ivory,1993,134,0,8.50
PRO004496,2023-01-16 10:30:00,Monty Python and the Holy Grail,Adventure,Terry Gilliam,1975,91,6,6.50
PRO004497,2023-01-17 10:30:00,His Girl Friday,Comedy,Howard Hawks,1940,92,12,7.50
PRO004498,2023-01-17 13:00:00,Fa yeung nin wah,Drama,Kar-Wai Wong,2000,98,0,8.00
PRO004499,2023-01-18 10:00:00,2001: A Space Odyssey,Adventure,Stanley Kubrick,1968,149,0,7.50
PRO004500,2023-01-18 13:30:00,Happiness,Comedy,Todd Solondz,1998,134,12,8.00
PRO004501,2023-01-18 16:30:00,The Naked Gun: From the Files of Police Squad!,Comedy,David Zucker,1988,85,0,8.00
PRO004502,2023-01-19 10:30:00,Shichinin no samurai,Action,Akira Kurosawa,1954,207,0,6.50
PRO004503,2023-01-19 14:30:00,The Naked Gun: From the Files of Police Squad!,Comedy,David Zucker,1988,85,0,8.00
PRO004504,2023-01-20 10:30:00,Escape from Alcatraz,Action,Don Siegel,1979,112,12,8.50
PRO004505,2023-01-20 13:00:00,Dirty Harry,Action,Don Siegel,1971,102,12,7.00
PRO004506,2023-01-21 10:00:00,Cowboy Bebop: Tengoku no tobira,Animation,Shin'ichirô Watanabe,2001,115,0,6.50
PRO004507,2023-01-21 12:30:00,Escape from Alcatraz,Action,Don Siegel,1979,112,12,8.50
PRO004508,2023-01-21 15:30:00,Mimi wo sumaseba,Animation,Yoshifumi Kondô,1995,111,0,8.50
PRO004509,2023-01-21 18:00:00,2001: A Space Odyssey,Adventure,Stanley Kubrick,1968,149,0,9.50
PRO004510,2023-01-22 10:30:00,Naked,Comedy,Mike Leigh,1993,132,12,7.00
PRO004511,2023-01-22 13:30:00,Jurassic Park,Action,Steven Spielberg,1993,127,12,7.00
PRO004512,2023-01-22 16:30:00,Kôkaku Kidôtai,Animation,Mamoru Oshii,1995,83,12,7.50
PRO004513,2023-01-22 19:00:00,Misery,Drama,Rob Reiner,1990,107,16,10.00
PRO004514,2023-01-23 10:30:00,Dirty Harry,Action,Don Siegel,1971,102,12,8.00
PRO004515,2023-01-23 13:00:00,On Golden Pond,Drama,Mark Rydell,1981,109,12,8.50
PRO004516,2023-01-23 15:30:00,Cowboy Bebop: Tengoku no tobira,Animation,Shin'ichirô Watanabe,2001,115,0,8.50
PRO004517,2023-01-24 10:30:00,What's Eating Gilbert Grape,Drama,Lasse Hallström,1993,118,0,7.50
PRO004518,2023-01-24 13:30:00,2001: A Space Odyssey,Adventure,Stanley Kubrick,1968,149,0,7.50
PRO004519,2023-01-25 10:00:00,Kôkaku Kidôtai,Animation,Mamoru Oshii,1995,83,12,8.00
PRO004520,2023-01-25 12:30:00,The Elephant Man,Biography,David Lynch,1980,124,12,7.50
PRO004521,2023-01-26 10:30:00,Paper Moon,Comedy,Peter Bogdanovich,1973,102,0,8.50
PRO004522,2023-01-26 13:00:00,Airplane!,Comedy,Jim Abrahams,1980,88,0,7.00
PRO004523,2023-01-26 15:00:00,Cowboy Bebop: Tengoku no tobira,Animation,Shin'ichirô Watanabe,2001,115,0,7.50
PRO004524,2023-01-27 10:00:00,Willy Wonka & the Chocolate Factory,Family,Mel Stuart,1971,100,0,7.50
PRO004525,2023-01-27 12:30:00,What's Eating Gilbert Grape,Drama,Lasse Hallström,1993,118,0,8.00
PRO004526,2023-01-27 15:30:00,Twelve Monkeys,Mystery,Terry Gilliam,1995,129,12,7.50
PRO004527,2023-01-28 10:00:00,On Golden Pond,Drama,Mark Rydell,1981,109,12,8.50
PRO004528,2023-01-28 12:30:00,Misery,Drama,Rob Reiner,1990,107,16,6.50
PRO004529,2023-01-28 15:00:00,Catch Me If You Can,Biography,Steven Spielberg,2002,141,12,7.50
PRO004530,2023-01-29 10:00:00,Mimi wo sumaseba,Animation,Yoshifumi Kondô,1995,111,0,8.00
PRO004531,2023-01-29 12:30:00,Willy Wonka & the Chocolate Factory,Family,Mel Stuart,1971,100,0,8.00
PRO004532,2023-01-29 15:00:00,On Golden Pond,Drama,Mark Rydell,1981,109,12,7.00
PRO004533,2023-01-29 17:30:00,Mimi wo sumaseba,Animation,Yoshifumi Kondô,1995,111,0,6.50
PRO004534,2023-01-30 10:30:00,His Girl Friday,Comedy,Howard Hawks,1940,92,12,6.50
PRO004535,2023-01-30 13:00:00,Monty Python and the Holy Grail,Adventure,Terry Gilliam,1975,91,6,6.50
PRO004536,2023-01-30 15:30:00,Monty Python and the Holy Grail,Adventure,Terry Gilliam,1975,91,6,6.50
PRO004537,2023-01-31 10:30:00,Escape from Alcatraz,Action,Don Siegel,1979,112,12,8.00
PRO004538,2023-02-01 10:30:00,Jurassic Park,Action,Steven Spielberg,1993,127,12,8.00
PRO004539,2023-02-01 13:30:00,Misery,Drama,Rob Reiner,1990,107,16,7.00
PRO004540,2023-02-02 10:00:00,The Naked Gun: From the Files of Police Squad!,Comedy,David Zucker,1988,85,0,8.00
PRO004541,2023-02-03 10:30:00,My Fair Lady,Drama,George Cukor,1964,170,0,7.00
PRO004542,2023-02-03 14:00:00,Happiness,Comedy,Todd Solondz,1998,134,12,7.50
PRO004543,2023-02-04 10:00:00,Blue Velvet,Drama,David Lynch,1986,120,12,6.50
PRO004544,2023-02-04 13:00:00,Tenkû no shiro Rapyuta,Animation,Hayao Miyazaki,1986,125,0,8.50
PRO004545,2023-02-04 16:00:00,Shichinin no samurai,Action,Akira Kurosawa,1954,207,0,7.00
PRO004546,2023-02-05 10:30:00,Jurassic Park,Action,Steven Spielberg,1993,127,12,7.50
PRO004547,2023-02-05 13:30:00,My Fair Lady,Drama,George Cukor,1964,170,0,6.50
PRO004548,2023-02-05 17:30:00,Dirty Harry,Action,Don Siegel,1971,102,12,8.50
PRO004549,2023-02-05 20:00:00,Cowboy Bebop: Tengoku no tobira,Animation,Shin'ichirô Watanabe,2001,115,0,9.50
PRO004550,2023-02-06 10:00:00,Twelve Monkeys,Mystery,Terry Gilliam,1995,129,12,7.00
PRO004551,2023-02-07 10:30:00,Willy Wonka & the Chocolate Factory,Family,Mel Stuart,1971,100,0,7.00
PRO004552,2023-02-07 13:00:00,Blue Velvet,Drama,David Lynch,1986,120,12,7.50
PRO004553,2023-02-07 16:00:00,Happiness,Comedy,Todd Solondz,1998,134,12,7.00
PRO004554,2023-02-08 10:30:00,Willy Wonka & the Chocolate Factory,Family,Mel Stuart,1971,100,0,8.00
PRO004555,2023-02-08 13:00:00,Dirty Harry,Action,Don Siegel,1971,102,12,7.00
PRO004556,2023-02-08 15:30:00,Airplane!,Comedy,Jim Abrahams,1980,88,0,6.50
PRO004557,2023-02-09 10:00:00,Airplane!,Comedy,Jim Abrahams,1980,88,0,6.50
PRO004558,2023-02-09 12:30:00,Kôkaku Kidôtai,Animation,Mamoru Oshii,1995,83,12,8.50
PRO004559,2023-02-09 14:30:00,Kôkaku Kidôtai,Animation,Mamoru Oshii,1995,83,12,7.00
PRO004560,2023-02-10 10:00:00,The Naked Gun: From the Files of Police Squad!,Comedy,David Zucker,1988,85,0,7.50
PRO004561,2023-02-11 10:30:00,Mimi wo sumaseba,Animation,Yoshifumi Kondô,1995,111,0,8.00
PRO004562,2023-02-11 13:00:00,Twelve Monkeys,Mystery,Terry Gilliam,1995,129,12,8.00
PRO004563,2023-02-11 16:00:00,Tenkû no shiro Rapyuta,Animation,Hayao Miyazaki,1986,125,0,6.50
PRO004564,2023-02-12 10:30:00,Catch Me If You Can,Biography,Steven Spielberg,2002,141,12,8.50
PRO004565,2023-02-12 14:00:00,Kagemusha,Drama,Akira Kurosawa,1980,180,0,7.50
PRO004566,2023-02-12 18:00:00,"Aguirre, der Zorn Gottes",Action,Werner Herzog,1972,95,12,8.50
PRO004567,2023-02-12 20:30:00,Kagemusha,Drama,Akira Kurosawa,1980,180,0,8.50
PRO004568,2023-02-13 10:00:00,The Color Purple,Drama,Steven Spielberg,1985,154,0,7.00
PRO004569,2023-02-13 13:30:00,Airplane!,Comedy,Jim Abrahams,1980,88,0,7.50
PRO004570,2023-02-13 16:00:00,On Golden Pond,Drama,Mark Rydell,1981,109,12,7.00
PRO004571,2023-02-14 10:30:00,Mimi wo sumaseba,Animation,Yoshifumi Kondô,1995,111,0,7.50
PRO004572,2023-02-14 13:00:00,The Color Purple,Drama,Steven Spielberg,1985,154,0,7.50
PRO004573,2023-02-14 16:30:00,"Aguirre, der Zorn Gottes",Action,Werner Herzog,1972,95,12,7.50
PRO004574,2023-02-15 10:30:00,Happiness,Comedy,Todd Solondz,1998,134,12,7.00
PRO004575,2023-02-15 13:30:00,Amadeus,Biography,Milos Forman,1984,160,16,7.00
PRO004576,2023-02-16 10:30:00,American Psycho,Comedy,Mary Harron,2000,101,12,8.00
PRO004577,2023-02-16 13:00:00,Kagemusha,Drama,Akira Kurosawa,1980,180,0,8.00
PRO004578,2023-02-17 10:00:00,American Psycho,Comedy,Mary Harron,2000,101,12,7.00
PRO004579,2023-02-17 12:30:00,The Color Purple,Drama,Steven Spielberg,1985,154,0,7.00
PRO004580,2023-02-18 10:30:00,American Psycho,Comedy,Mary Harron,2000,101,12,7.00
PRO004581,2023-02-18 13:00:00,Jules et Jim,Drama,François Truffaut,1962,105,12,7.50
PRO004582,2023-02-18 15:30:00,Enemy at the Gates,Drama,Jean-Jacques Annaud,2001,131,12,7.50
PRO004583,2023-02-18 18:30:00,Kagemusha,Drama,Akira Kurosawa,1980,180,0,9.50
PRO004584,2023-02-19 10:00:00,American Psycho,Comedy,Mary Harron,2000,101,12,7.50
PRO004585,2023-02-19 12:30:00,Enemy at the Gates,Drama,Jean-Jacques Annaud,2001,131,12,8.50
PRO004586,2023-02-19 15:30:00,The Green Mile,Crime,Frank Darabont,1999,189,12,6.50
PRO004587,2023-02-19 19:30:00,The Wild Bunch,Action,Sam Peckinpah,1969,145,12,8.50
PRO004588,2023-02-20 10:00:00,Witness for the Prosecution,Crime,Billy Wilder,1957,116,0,7.50
PRO004589,2023-02-21 10:30:00,Doctor Zhivago,Drama,David Lean,1965,197,12,8.00
PRO004590,2023-02-22 10:00:00,Catch Me If You Can,Biography,Steven Spielberg,2002,141,12,7.00
PRO004591,2023-02-22 13:00:00,American Psycho,Comedy,Mary Harron,2000,101,12,6.50
PRO004592,2023-02-23 10:30:00,Shrek,Animation,Andrew Adamson,2001,90,0,6.50
PRO004593,2023-02-23 13:00:00,American Psycho,Comedy,Mary Harron,2000,101,12,7.00
PRO004594,2023-02-24 10:00:00,Kagemusha,Drama,Akira Kurosawa,1980,180,0,7.00
PRO004595,2023-02-25 10:00:00,My Fair Lady,Drama,George Cukor,1964,170,0,8.50
PRO004596,2023-02-25 13:30:00,The Naked Gun: From the Files of Police Squad!,Comedy,David Zucker,1988,85,0,7.00
PRO004597,2023-02-25 16:00:00,Shrek,Animation,Andrew Adamson,2001,90,0,6.50
PRO004598,2023-02-26 10:30:00,The Circus,Comedy,Charles Chaplin,1928,72,12,8.00
PRO004599,2023-02-26 12:30:00,American Psycho,Comedy,Mary Harron,2000,101,12,7.00
PRO004600,2023-02-26 15:00:00,The Thing,Horror,John Carpenter,1982,109,12,8.50
PRO004601,2023-02-26 18:00:00,The Thing,Horror,John Carpenter,1982,109,12,8.50
PRO004602,2023-02-27 10:00:00,The Color Purple,Drama,Steven Spielberg,1985,154,0,6.50
PRO004603,2023-02-28 10:00:00,Deliverance,Adventure,John Boorman,1972,109,0,7.00
PRO004604,2023-03-01 10:30:00,Enemy at the Gates,Drama,Jean-Jacques Annaud,2001,131,12,6.50
PRO004605,2023-03-01 13:30:00,Mimi wo sumaseba,Animation,Yoshifumi Kondô,1995,111,0,8.00
PRO004606,2023-03-01 16:30:00,The Elephant Man,Biography,David Lynch,1980,124,12,6.50
PRO004607,2023-03-02 10:30:00,Interstate 60: Episodes of the Road,Adventure,Bob Gale,2002,116,16,8.50
PRO004608,2023-03-02 13:30:00,Blue Velvet,Drama,David Lynch,1986,120,12,8.00
PRO004609,2023-03-02 16:30:00,Planet of the Apes,Adventure,Franklin J. Schaffner,1968,112,0,7.00
PRO004610,2023-03-03 10:30:00,My Fair Lady,Drama,George Cukor,1964,170,0,7.50
PRO004611,2023-03-04 10:00:00,Planet of the Apes,Adventure,Franklin J. Schaffner,1968,112,0,8.00
PRO004612,2023-03-04 12:30:00,The Wild Bunch,Action,Sam Peckinpah,1969,145,12,6.50
PRO004613,2023-03-04 16:00:00,Planet of the Apes,Adventure,Franklin J. Schaffner,1968,112,0,7.50
PRO004614,2023-03-05 10:00:00,Persona,Drama,Ingmar Bergman,1966,85,12,8.50
PRO004615,2023-03-05 12:00:00,The Elephant Man,Biography,David Lynch,1980,124,12,7.50
PRO004616,2023-03-05 15:00:00,The Color Purple,Drama,Steven Spielberg,1985,154,0,7.50
PRO004617,2023-03-06 10:00:00,American Psycho,Comedy,Mary Harron,2000,101,12,6.50
PRO004618,2023-03-06 12:30:00,My Fair Lady,Drama,George Cukor,1964,170,0,8.00
PRO004619,2023-03-06 16:00:00,The Thing,Horror,John Carpenter,1982,109,12,7.50
PRO004620,2023-03-07 10:00:00,Mystic River,Crime,Clint Eastwood,2003,138,12,7.00
PRO004621,2023-03-07 13:00:00,Ran,Action,Akira Kurosawa,1985,162,0,7.00
PRO004622,2023-03-07 16:30:00,Amores perros,Drama,Alejandro G. Iñárritu,2000,154,12,8.00
PRO004623,2023-03-08 10:00:00,The Green Mile,Crime,Frank Darabont,1999,189,12,7.50
PRO004624,2023-03-09 10:00:00,Shrek,Animation,Andrew Adamson,2001,90,0,8.00
PRO004625,2023-03-09 12:30:00,The Color Purple,Drama,Steven Spielberg,1985,154,0,6.50
PRO004626,2023-03-09 16:00:00,Ran,Action,Akira Kurosawa,1985,162,0,8.50
PRO004627,2023-03-10 10:00:00,Laura,Drama,Otto Preminger,1944,88,12,7.00
PRO004628,2023-03-11 10:30:00,Ran,Action,Akira Kurosawa,1985,162,0,7.50
PRO004629,2023-03-11 14:00:00,Tenkû no shiro Rapyuta,Animation,Hayao Miyazaki,1986,125,0,8.50
PRO004630,2023-03-11 17:00:00,Hera Pheri,Action,Priyadarshan,2000,156,0,7.50
PRO004631,2023-03-11 20:30:00,"Shin seiki Evangelion Gekijô-ban: Air/Magokoro wo, kimi ni",Animation,Hideaki Anno,1997,87,12,9.50
PRO004632,2023-03-12 10:30:00,Mystic River,Crime,Clint Eastwood,2003,138,12,6.50
PRO004633,2023-03-12 13:30:00,La montaña sagrada,Adventure,Alejandro Jodorowsky,1973,114,16,8.00
PRO004634,2023-03-12 16:00:00,It's a Wonderful Life,Drama,Frank Capra,1946,130,6,7.00
PRO004635,2023-03-13 10:30:00,Hera Pheri,Action,Priyadarshan,2000,156,0,7.00
PRO004636,2023-03-13 14:00:00,Mystic River,Crime,Clint Eastwood,2003,138,12,8.50
PRO004637,2023-03-14 10:30:00,The Green Mile,Crime,Frank Darabont,1999,189,12,8.00
PRO004638,2023-03-15 10:30:00,American Psycho,Comedy,Mary Harron,2000,101,12,8.00
PRO004639,2023-03-15 13:00:00,Kal Ho Naa Ho,Comedy,Nikkhil Advani,2003,186,0,7.50
PRO004640,2023-03-16 10:30:00,La Strada,Drama,Federico Fellini,1954,108,12,6.50
PRO004641,2023-03-16 13:00:00,A Hard Day's Night,Comedy,Richard Lester,1964,87,0,7.50
PRO004642,2023-03-16 15:30:00,L.A. Confidential,Crime,Curtis Hanson,1997,138,12,8.00
PRO004643,2023-03-17 10:00:00,The Circus,Comedy,Charles Chaplin,1928,72,12,6.50
PRO004644,2023-03-17 12:00:00,Casino,Crime,Martin Scorsese,1995,178,12,7.50
PRO004645,2023-03-17 16:00:00,La montaña sagrada,Adventure,Alejandro Jodorowsky,1973,114,16,6.50
PRO004646,2023-03-18 10:30:00,Saving Private Ryan,Drama,Steven Spielberg,1998,169,16,7.00
PRO004647,2023-03-18 14:00:00,Amadeus,Biography,Milos Forman,1984,160,16,6.50
PRO004648,2023-03-18 17:30:00,Jules et Jim,Drama,François Truffaut,1962,105,12,7.50
PRO004649,2023-03-19 10:30:00,Kagemusha,Drama,Akira Kurosawa,1980,180,0,6.50
PRO004650,2023-03-19 14:30:00,The Philadelphia Story,Comedy,George Cukor,1940,112,12,6.50
PRO004651,2023-03-19 17:30:00,Hera Pheri,Action,Priyadarshan,2000,156,0,7.50
PRO004652,2023-03-20 10:00:00,Cowboy Bebop: Tengoku no tobira,Animation,Shin'ichirô Watanabe,2001,115,0,8.50
PRO004653,2023-03-20 13:00:00,My Fair Lady,Drama,George Cukor,1964,170,0,6.50
PRO004654,2023-03-21 10:30:00,12 Angry Men,Crime,Sidney Lumet,1957,96,0,8.50
PRO004655,2023-03-21 13:00:00,Deliverance,Adventure,John Boorman,1972,109,0,7.50
PRO004656,2023-03-21 15:30:00,La montaña sagrada,Adventure,Alejandro Jodorowsky,1973,114,16,6.50
PRO004657,2023-03-22 10:00:00,The Elephant Man,Biography,David Lynch,1980,124,12,8.00
PRO004658,2023-03-22 13:00:00,Tenkû no shiro Rapyuta,Animation,Hayao Miyazaki,1986,125,0,8.50
PRO004659,2023-03-22 16:00:00,Cowboy Bebop: Tengoku no tobira,Animation,Shin'ichirô Watanabe,2001,115,0,7.00
PRO004660,2023-03-23 10:30:00,Airplane!,Comedy,Jim Abrahams,1980,88,0,8.00
PRO004661,2023-03-24 10:30:00,The Green Mile,Crime,Frank Darabont,1999,189,12,7.50
PRO004662,2023-03-24 14:30:00,Jules et Jim,Drama,François Truffaut,1962,105,12,6.50
PRO004663,2023-03-25 10:30:00,Halloween,Horror,John Carpenter,1978,91,12,6.50
PRO004664,2023-03-25 13:00:00,The Thing,Horror,John Carpenter,1982,109,12,7.50
PRO004665,2023-03-25 15:30:00,La montaña sagrada,Adventure,Alejandro Jodorowsky,1973,114,16,7.50
PRO004666,2023-03-25 18:30:00,Empire of the Sun,Action,Steven Spielberg,1987,153,0,10.00
PRO004667,2023-03-26 10:00:00,Amadeus,Biography,Milos Forman,1984,160,16,6.50
PRO004668,2023-03-26 13:30:00,Saving Private Ryan,Drama,Steven Spielberg,1998,169,16,8.00
PRO004669,2023-03-26 17:00:00,Ran,Action,Akira Kurosawa,1985,162,0,7.50
PRO004670,2023-03-26 20:30:00,La Strada,Drama,Federico Fellini,1954,108,12,9.50
PRO004671,2023-03-27 10:30:00,12 Angry Men,Crime,Sidney Lumet,1957,96,0,8.50
PRO004672,2023-03-27 13:00:00,La montaña sagrada,Adventure,Alejandro Jodorowsky,1973,114,16,6.50
PRO004673,2023-03-27 15:30:00,The Philadelphia Story,Comedy,George Cukor,1940,112,12,6.50
PRO004674,2023-03-28 10:30:00,The Elephant Man,Biography,David Lynch,1980,124,12,8.00
PRO004675,2023-03-28 13:30:00,Shadow of a Doubt,Film-Noir,Alfred Hitchcock,1943,108,6,7.00
PRO004676,2023-03-29 10:00:00,Down by Law,Comedy,Jim Jarmusch,1986,107,16,7.50
PRO004677,2023-03-29 12:30:00,Kagemusha,Drama,Akira Kurosawa,1980,180,0,8.00
PRO004678,2023-03-30 10:30:00,The Elephant Man,Biography,David Lynch,1980,124,12,7.00
PRO004679,2023-03-30 13:30:00,Mystic River,Crime,Clint Eastwood,2003,138,12,7.00
PRO004680,2023-03-31 10:30:00,Saving Private Ryan,Drama,Steven Spielberg,1998,169,16,6.50
PRO004681,2023-03-31 14:30:00,Shadow of a Doubt,Film-Noir,Alfred Hitchcock,1943,108,6,7.50
PRO004682,2023-03-31 17:00:00,Star Trek II: The Wrath of Khan,Action,Nicholas Meyer,1982,113,0,6.50
PRO004683,2023-04-01 10:30:00,Planet of the Apes,Adventure,Franklin J. Schaffner,1968,112,0,6.50
PRO004684,2023-04-01 13:30:00,King Kong,Adventure,Merian C. Cooper,1933,100,12,8.50
PRO004685,2023-04-01 16:00:00,Empire of the Sun,Action,Steven Spielberg,1987,153,0,7.50
PRO004686,2023-04-01 19:30:00,King Kong,Adventure,Merian C. Cooper,1933,100,12,10.00
PRO004687,2023-04-02 10:30:00,Deliverance,Adventure,John Boorman,1972,109,0,7.00
PRO004688,2023-04-02 13:00:00,La battaglia di Algeri,Drama,Gillo Pontecorvo,1966,121,12,8.00
PRO004689,2023-04-02 16:00:00,Shadow of a Doubt,Film-Noir,Alfred Hitchcock,1943,108,6,8.00
PRO004690,2023-04-03 10:30:00,L.A. Confidential,Crime,Curtis Hanson,1997,138,12,8.00
PRO004691,2023-04-03 13:30:00,King Kong,Adventure,Merian C. Cooper,1933,100,12,8.50
PRO004692,2023-04-03 16:00:00,The Last Samurai,Action,Edward Zwick,2003,154,12,7.50
PRO004693,2023-04-04 10:00:00,A Hard Day's Night,Comedy,Richard Lester,1964,87,0,8.00
PRO004694,2023-04-05 10:00:00,King Kong,Adventure,Merian C. Cooper,1933,100,12,7.00
PRO004695,2023-04-05 12:30:00,"Shin seiki Evangelion Gekijô-ban: Air/Magokoro wo, kimi ni",Animation,Hideaki Anno,1997,87,12,7.00
PRO004696,2023-04-05 14:30:00,Kal Ho Naa Ho,Comedy,Nikkhil Advani,2003,186,0,6.50
PRO004697,2023-04-06 10:30:00,Interstate 60: Episodes of the Road,Adventure,Bob Gale,2002,116,16,8.50
PRO004698,2023-04-06 13:30:00,Shine,Biography,Scott Hicks,1996,105,0,7.00
PRO004699,2023-04-07 10:30:00,The Elephant Man,Biography,David Lynch,1980,124,12,8.50
PRO004700,2023-04-07 13:30:00,La Strada,Drama,Federico Fellini,1954,108,12,7.00
PRO004701,2023-04-08 10:00:00,La battaglia di Algeri,Drama,Gillo Pontecorvo,1966,121,12,6.50
PRO004702,2023-04-08 13:00:00,Empire of the Sun,Action,Steven Spielberg,1987,153,0,7.00
PRO004703,2023-04-08 16:30:00,"Shin seiki Evangelion Gekijô-ban: Air/Magokoro wo, kimi ni",Animation,Hideaki Anno,1997,87,12,6.50
PRO004704,2023-04-08 19:00:00,Interstate 60: Episodes of the Road,Adventure,Bob Gale,2002,116,16,10.00
PRO004705,2023-04-09 10:30:00,Hera Pheri,Action,Priyadarshan,2000,156,0,8.00
PRO004706,2023-04-09 14:00:00,Interstate 60: Episodes of the Road,Adventure,Bob Gale,2002,116,16,7.50
PRO004707,2023-04-09 17:00:00,Kal Ho Naa Ho,Comedy,Nikkhil Advani,2003,186,0,8.50
PRO004708,2023-04-09 21:00:00,Ran,Action,Akira Kurosawa,1985,162,0,9.50
PRO004709,2023-04-10 10:30:00,Kal Ho Naa Ho,Comedy,Nikkhil Advani,2003,186,0,7.00
PRO004710,2023-04-10 14:30:00,Boogie Nights,Drama,Paul Thomas Anderson,1997,155,16,7.50
PRO004711,2023-04-10 18:00:00,Shadow of a Doubt,Film-Noir,Alfred Hitchcock,1943,108,6,9.00
PRO004712,2023-04-11 10:00:00,Saving Private Ryan,Drama,Steven Spielberg,1998,169,16,7.50
PRO004713,2023-04-11 13:30:00,The Last Samurai,Action,Edward Zwick,2003,154,12,8.50
PRO004714,2023-04-11 17:00:00,Ran,Action,Akira Kurosawa,1985,162,0,6.50
PRO004715,2023-04-12 10:00:00,Kal Ho Naa Ho,Comedy,Nikkhil Advani,2003,186,0,8.50
PRO004716,2023-04-12 14:00:00,Tenkû no shiro Rapyuta,Animation,Hayao Miyazaki,1986,125,0,8.50
PRO004717,2023-04-13 10:00:00,The African Queen,Adventure,John Huston,1951,105,6,8.00
PRO004718,2023-04-14 10:30:00,The Thin Man,Comedy,W.S. Van Dyke,1934,91,12,6.50
PRO004719,2023-04-14 13:00:00,The Elephant Man,Biography,David Lynch,1980,124,12,8.50
PRO004720,2023-04-14 16:00:00,Shine,Biography,Scott Hicks,1996,105,0,7.00
PRO004721,2023-04-15 10:00:00,Casino,Crime,Martin Scorsese,1995,178,12,7.00
PRO004722,2023-04-15 14:00:00,Star Trek II: The Wrath of Khan,Action,Nicholas Meyer,1982,113,0,7.50
PRO004723,2023-04-15 16:30:00,Amores perros,Drama,Alejandro G. Iñárritu,2000,154,12,7.00
PRO004724,2023-04-15 20:00:00,The Quiet Man,Comedy,John Ford,1952,129,12,8.50
PRO004725,2023-04-16 10:00:00,Rosemary's Baby,Drama,Roman Polanski,1968,137,12,6.50
PRO004726,2023-04-16 13:00:00,The Circus,Comedy,Charles Chaplin,1928,72,12,8.50
PRO004727,2023-04-16 15:00:00,Cowboy Bebop: Tengoku no tobira,Animation,Shin'ichirô Watanabe,2001,115,0,8.00
PRO004728,2023-04-16 18:00:00,The Quiet Man,Comedy,John Ford,1952,129,12,9.00
PRO004729,2023-04-17 10:00:00,The Quiet Man,Comedy,John Ford,1952,129,12,8.00
PRO004730,2023-04-17 13:00:00,Kal Ho Naa Ho,Comedy,Nikkhil Advani,2003,186,0,7.00
PRO004731,2023-04-17 17:00:00,True Romance,Crime,Tony Scott,1993,119,16,8.00
PRO004732,2023-04-18 10:00:00,The Circus,Comedy,Charles Chaplin,1928,72,12,8.00
PRO004733,2023-04-19 10:30:00,The Quiet Man,Comedy,John Ford,1952,129,12,8.50
PRO004734,2023-04-20 10:00:00,True Romance,Crime,Tony Scott,1993,119,16,6.50
PRO004735,2023-04-20 13:00:00,Kal Ho Naa Ho,Comedy,Nikkhil Advani,2003,186,0,7.50
PRO004736,2023-04-21 10:30:00,Casino,Crime,Martin Scorsese,1995,178,12,8.00
PRO004737,2023-04-21 14:30:00,The African Queen,Adventure,John Huston,1951,105,6,7.00
PRO004738,2023-04-22 10:30:00,Amores perros,Drama,Alejandro G. Iñárritu,2000,154,12,8.50
PRO004739,2023-04-22 14:00:00,The Game,Action,David Fincher,1997,129,12,7.00
PRO004740,2023-04-22 17:00:00,Rosemary's Baby,Drama,Roman Polanski,1968,137,12,8.00
PRO004741,2023-04-22 20:00:00,Shine,Biography,Scott Hicks,1996,105,0,9.00
PRO004742,2023-04-23 10:30:00,The Last Samurai,Action,Edward Zwick,2003,154,12,7.50
PRO004743,2023-04-23 14:00:00,The Hustler,Drama,Robert Rossen,1961,134,12,6.50
PRO004744,2023-04-23 17:00:00,Shadow of a Doubt,Film-Noir,Alfred Hitchcock,1943,108,6,8.50
PRO004745,2023-04-24 10:30:00,The Game,Action,David Fincher,1997,129,12,6.50
PRO004746,2023-04-24 13:30:00,Cowboy Bebop: Tengoku no tobira,Animation,Shin'ichirô Watanabe,2001,115,0,8.00
PRO004747,2023-04-24 16:30:00,True Romance,Crime,Tony Scott,1993,119,16,8.50
PRO004748,2023-04-25 10:00:00,Out of the Past,Crime,Jacques Tourneur,1947,97,12,8.00
PRO004749,2023-04-26 10:00:00,Casino,Crime,Martin Scorsese,1995,178,12,7.50
PRO004750,2023-04-26 13:30:00,Giù la testa,Drama,Sergio Leone,1971,157,6,7.00
PRO004751,2023-04-27 10:00:00,"Il buono, il brutto, il cattivo",Western,Sergio Leone,1966,161,12,6.50
PRO004752,2023-04-27 13:30:00,"Il buono, il brutto, il cattivo",Western,Sergio Leone,1966,161,12,7.00
PRO004753,2023-04-27 17:00:00,Lola rennt,Crime,Tom Tykwer,1998,81,12,7.00
PRO004754,2023-04-28 10:30:00,Boksuneun naui geot,Crime,Chan-wook Park,2002,129,16,8.00
PRO004755,2023-04-28 13:30:00,Kal Ho Naa Ho,Comedy,Nikkhil Advani,2003,186,0,8.50
PRO004756,2023-04-29 10:30:00,True Romance,Crime,Tony Scott,1993,119,16,7.00
PRO004757,2023-04-29 13:30:00,Shadow of a Doubt,Film-Noir,Alfred Hitchcock,1943,108,6,7.50
PRO004758,2023-04-29 16:00:00,"Il buono, il brutto, il cattivo",Western,Sergio Leone,1966,161,12,8.50
PRO004759,2023-04-30 10:00:00,Out of the Past,Crime,Jacques Tourneur,1947,97,12,7.00
PRO004760,2023-04-30 12:30:00,Kal Ho Naa Ho,Comedy,Nikkhil Advani,2003,186,0,8.00
PRO004761,2023-04-30 16:30:00,The African Queen,Adventure,John Huston,1951,105,6,7.50
PRO004762,2023-04-30 19:00:00,The Game,Action,David Fincher,1997,129,12,9.00
PRO004763,2023-05-01 10:00:00,The Killing Fields,Biography,Roland Joffé,1984,141,12,8.00
PRO004764,2023-05-01 13:30:00,Boksuneun naui geot,Crime,Chan-wook Park,2002,129,16,7.50
PRO004765,2023-05-02 10:30:00,Boksuneun naui geot,Crime,Chan-wook Park,2002,129,16,8.50
PRO004766,2023-05-02 13:30:00,Rosemary's Baby,Drama,Roman Polanski,1968,137,12,7.50
PRO004767,2023-05-03 10:00:00,Kal Ho Naa Ho,Comedy,Nikkhil Advani,2003,186,0,8.50
PRO004768,2023-05-04 10:00:00,The Game,Action,David Fincher,1997,129,12,8.50
PRO004769,2023-05-04 13:00:00,Modern Times,Comedy,Charles Chaplin,1936,87,0,8.00
PRO004770,2023-05-04 15:00:00,Per qualche dollaro in più,Western,Sergio Leone,1965,132,0,8.00
PRO004771,2023-05-05 10:00:00,The Quiet Man,Comedy,John Ford,1952,129,12,6.50
PRO004772,2023-05-05 13:00:00,Lola rennt,Crime,Tom Tykwer,1998,81,12,6.50
PRO004773,2023-05-06 10:30:00,Zulu,Drama,Cy Endfield,1964,138,0,6.50
PRO004774,2023-05-06 13:30:00,Kal Ho Naa Ho,Comedy,Nikkhil Advani,2003,186,0,6.50
PRO004775,2023-05-06 17:30:00,The Game,Action,David Fincher,1997,129,12,7.50
PRO004776,2023-05-06 20:30:00,Modern Times,Comedy,Charles Chaplin,1936,87,0,8.50
PRO004777,2023-05-07 10:30:00,The Game,Action,David Fincher,1997,129,12,6.50
PRO004778,2023-05-07 13:30:00,The African Queen,Adventure,John Huston,1951,105,6,7.00
PRO004779,2023-05-07 16:00:00,Dazed and Confused,Comedy,Richard Linklater,1993,102,0,7.50
PRO004780,2023-05-07 18:30:00,The Lord of the Rings: The Two Towers,Action,Peter Jackson,2002,179,12,10.00
PRO004781,2023-05-08 10:00:00,Giù la testa,Drama,Sergio Leone,1971,157,6,7.00
PRO004782,2023-05-08 13:30:00,Dr. Strangelove or: How I Learned to Stop Worrying and Love the Bomb,Comedy,Stanley Kubrick,1964,95,12,6.50
PRO004783,2023-05-08 16:00:00,Dr. Strangelove or: How I Learned to Stop Worrying and Love the Bomb,Comedy,Stanley Kubrick,1964,95,12,8.00
PRO004784,2023-05-09 10:00:00,Dazed and Confused,Comedy,Richard Linklater,1993,102,0,6.50
PRO004785,2023-05-10 10:00:00,La battaglia di Algeri,Drama,Gillo Pontecorvo,1966,121,12,8.50
PRO004786,2023-05-10 13:00:00,Out of the Past,Crime,Jacques Tourneur,1947,97,12,8.00
PRO004787,2023-05-10 15:30:00,The Thin Man,Comedy,W.S. Van Dyke,1934,91,12,7.00
PRO004788,2023-05-11 10:00:00,"Il buono, il brutto, il cattivo",Western,Sergio Leone,1966,161,12,8.00
PRO004789,2023-05-11 13:30:00,Giù la testa,Drama,Sergio Leone,1971,157,6,8.50
PRO004790,2023-05-12 10:00:00,The Quiet Man,Comedy,John Ford,1952,129,12,7.50
PRO004791,2023-05-12 13:00:00,La battaglia di Algeri,Drama,Gillo Pontecorvo,1966,121,12,7.50
PRO004792,2023-05-12 16:00:00,The Magdalene Sisters,Drama,Peter Mullan,2002,114,16,7.50
PRO004793,2023-05-13 10:30:00,Modern Times,Comedy,Charles Chaplin,1936,87,0,7.50
PRO004794,2023-05-13 12:30:00,Dr. Strangelove or: How I Learned to Stop Worrying and Love the Bomb,Comedy,Stanley Kubrick,1964,95,12,8.00
PRO004795,2023-05-13 15:00:00,Per qualche dollaro in più,Western,Sergio Leone,1965,132,0,6.50
PRO004796,2023-05-13 18:00:00,Out of the Past,Crime,Jacques Tourneur,1947,97,12,10.00
PRO004797,2023-05-14 10:30:00,Rosemary's Baby,Drama,Roman Polanski,1968,137,12,7.00
PRO004798,2023-05-14 13:30:00,The Treasure of the Sierra Madre,Adventure,John Huston,1948,126,12,6.50
PRO004799,2023-05-14 16:30:00,Citizen Kane,Drama,Orson Welles,1941,119,12,8.50
PRO004800,2023-05-15 10:00:00,Seppuku,Action,Masaki Kobayashi,1962,133,12,7.00
PRO004801,2023-05-16 10:30:00,Blue Velvet,Drama,David Lynch,1986,120,12,6.50
PRO004802,2023-05-16 13:30:00,"Il buono, il brutto, il cattivo",Western,Sergio Leone,1966,161,12,6.50
PRO004803,2023-05-16 17:00:00,Ace in the Hole,Drama,Billy Wilder,1951,111,12,8.00
PRO004804,2023-05-17 10:00:00,The Magdalene Sisters,Drama,Peter Mullan,2002,114,16,8.00
PRO004805,2023-05-18 10:30:00,Notorious,Drama,Alfred Hitchcock,1946,102,0,8.50
PRO004806,2023-05-18 13:00:00,The African Queen,Adventure,John Huston,1951,105,6,8.50
PRO004807,2023-05-19 10:00:00,Seppuku,Action,Masaki Kobayashi,1962,133,12,8.50
PRO004808,2023-05-19 13:00:00,The Untouchables,Crime,Brian De Palma,1987,119,12,7.50
PRO004809,2023-05-19 16:00:00,Lola rennt,Crime,Tom Tykwer,1998,81,12,7.50
PRO004810,2023-05-20 10:00:00,Dazed and Confused,Comedy,Richard Linklater,1993,102,0,8.50
PRO004811,2023-05-20 12:30:00,True Romance,Crime,Tony Scott,1993,119,16,8.00
PRO004812,2023-05-20 15:30:00,Notorious,Drama,Alfred Hitchcock,1946,102,0,7.00
PRO004813,2023-05-21 10:30:00,Kal Ho Naa Ho,Comedy,Nikkhil Advani,2003,186,0,7.50
PRO004814,2023-05-21 14:30:00,Dazed and Confused,Comedy,Richard Linklater,1993,102,0,6.50
PRO004815,2023-05-21 17:00:00,La battaglia di Algeri,Drama,Gillo Pontecorvo,1966,121,12,7.00
PRO004816,2023-05-22 10:00:00,Dr. Strangelove or: How I Learned to Stop Worrying and Love the Bomb,Comedy,Stanley Kubrick,1964,95,12,6.50
PRO004817,2023-05-22 12:30:00,The Treasure of the Sierra Madre,Adventure,John Huston,1948,126,12,7.50
PRO004818,2023-05-22 15:30:00,Kal Ho Naa Ho,Comedy,Nikkhil Advani,2003,186,0,6.50
PRO004819,2023-05-23 10:30:00,The Magdalene Sisters,Drama,Peter Mullan,2002,114,16,8.50
PRO004820,2023-05-24 10:00:00,As Good as It Gets,Comedy,James L. Brooks,1997,139,12,7.00
PRO004821,2023-05-24 13:00:00,Pulp Fiction,Crime,Quentin Tarantino,1994,154,12,7.00
PRO004822,2023-05-25 10:00:00,Ace in the Hole,Drama,Billy Wilder,1951,111,12,8.50
PRO004823,2023-05-25 12:30:00,The Terminator,Action,James Cameron,1984,107,12,8.00
PRO004824,2023-05-26 10:30:00,The Treasure of the Sierra Madre,Adventure,John Huston,1948,126,12,8.50
PRO004825,2023-05-27 10:00:00,Beauty and the Beast,Animation,Gary Trousdale,1991,84,0,6.50
PRO004826,2023-05-27 12:30:00,The Magdalene Sisters,Drama,Peter Mullan,2002,114,16,6.50
PRO004827,2023-05-27 15:00:00,Dazed and Confused,Comedy,Richard Linklater,1993,102,0,8.00
PRO004828,2023-05-28 10:30:00,Ace in the Hole,Drama,Billy Wilder,1951,111,12,8.50
PRO004829,2023-05-28 13:30:00,Full Metal Jacket,Drama,Stanley Kubrick,1987,116,12,7.00
PRO004830,2023-05-28 16:00:00,Lola rennt,Crime,Tom Tykwer,1998,81,12,8.00
PRO004831,2023-05-29 10:00:00,Fantasia,Animation,James Algar,1940,125,0,8.00
PRO004832,2023-05-29 13:00:00,Pulp Fiction,Crime,Quentin Tarantino,1994,154,12,8.00
PRO004833,2023-05-30 10:30:00,The Game,Action,David Fincher,1997,129,12,7.50
PRO004834,2023-05-31 10:30:00,The Sandlot,Comedy,David Mickey Evans,1993,101,0,8.00
PRO004835,2023-05-31 13:00:00,Citizen Kane,Drama,Orson Welles,1941,119,12,8.50
PRO004836,2023-06-01 10:00:00,The Untouchables,Crime,Brian De Palma,1987,119,12,8.50
PRO004837,2023-06-01 13:00:00,Full Metal Jacket,Drama,Stanley Kubrick,1987,116,12,6.50
PRO004838,2023-06-01 16:00:00,Pulp Fiction,Crime,Quentin Tarantino,1994,154,12,8.50
PRO004839,2023-06-02 10:30:00,The Terminator,Action,James Cameron,1984,107,12,7.00
PRO004840,2023-06-02 13:00:00,October Sky,Biography,Joe Johnston,1999,108,6,7.00
PRO004841,2023-06-03 10:30:00,Fargo,Crime,Joel Coen,1996,98,12,7.00
PRO004842,2023-06-03 13:00:00,Per qualche dollaro in più,Western,Sergio Leone,1965,132,0,7.00
PRO004843,2023-06-03 16:00:00,Happiness,Comedy,Todd Solondz,1998,134,12,8.00
PRO004844,2023-06-04 10:30:00,Lost Highway,Mystery,David Lynch,1997,134,12,8.50
PRO004845,2023-06-04 13:30:00,Night of the Living Dead,Horror,George A. Romero,1968,96,12,7.50
PRO004846,2023-06-04 16:00:00,Lola rennt,Crime,Tom Tykwer,1998,81,12,7.00
PRO004847,2023-06-04 18:30:00,Beauty and the Beast,Animation,Gary Trousdale,1991,84,0,9.50
PRO004848,2023-06-05 10:30:00,The Untouchables,Crime,Brian De Palma,1987,119,12,8.50
PRO004849,2023-06-05 13:30:00,The Last of the Mohicans,Action,Michael Mann,1992,112,12,7.00
PRO004850,2023-06-05 16:30:00,Notorious,Drama,Alfred Hitchcock,1946,102,0,8.50
PRO004851,2023-06-06 10:00:00,The Last of the Mohicans,Action,Michael Mann,1992,112,12,7.50
PRO004852,2023-06-06 12:30:00,Notorious,Drama,Alfred Hitchcock,1946,102,0,7.00
PRO004853,2023-06-07 10:00:00,Ace in the Hole,Drama,Billy Wilder,1951,111,12,6.50
PRO004854,2023-06-07 12:30:00,The Warriors,Action,Walter Hill,1979,92,12,8.00
PRO004855,2023-06-07 15:00:00,October Sky,Biography,Joe Johnston,1999,108,6,8.50
PRO004856,2023-06-08 10:00:00,Citizen Kane,Drama,Orson Welles,1941,119,12,7.00
PRO004857,2023-06-08 13:00:00,Lola rennt,Crime,Tom Tykwer,1998,81,12,7.50
PRO004858,2023-06-09 10:30:00,Delicatessen,Comedy,Marc Caro,1991,99,16,8.50
PRO004859,2023-06-09 13:00:00,The Terminator,Action,James Cameron,1984,107,12,8.00
PRO004860,2023-06-09 16:00:00,Night of the Living Dead,Horror,George A. Romero,1968,96,12,6.50
PRO004861,2023-06-10 10:00:00,The Untouchables,Crime,Brian De Palma,1987,119,12,6.50
PRO004862,2023-06-10 13:00:00,Ace in the Hole,Drama,Billy Wilder,1951,111,12,8.50
PRO004863,2023-06-10 15:30:00,Beauty and the Beast,Animation,Gary Trousdale,1991,84,0,8.50
PRO004864,2023-06-10 18:00:00,Night of the Living Dead,Horror,George A. Romero,1968,96,12,9.00
PRO004865,2023-06-11 10:00:00,The Magdalene Sisters,Drama,Peter Mullan,2002,114,16,7.00
PRO004866,2023-06-11 13:00:00,Manhattan,Comedy,Woody Allen,1979,96,16,6.50
PRO004867,2023-06-11 15:30:00,Manhattan,Comedy,Woody Allen,1979,96,16,7.50
PRO004868,2023-06-12 10:00:00,Beauty and the Beast,Animation,Gary Trousdale,1991,84,0,8.50
PRO004869,2023-06-13 10:30:00,Delicatessen,Comedy,Marc Caro,1991,99,16,7.50
PRO004870,2023-06-14 10:30:00,Le salaire de la peur,Adventure,Henri-Georges Clouzot,1953,131,0,8.00
PRO004871,2023-06-15 10:30:00,Rebel Without a Cause,Drama,Nicholas Ray,1955,111,12,7.00
PRO004872,2023-06-15 13:00:00,The Warriors,Action,Walter Hill,1979,92,12,7.50
PRO004873,2023-06-16 10:30:00,As Good as It Gets,Comedy,James L. Brooks,1997,139,12,7.50
PRO004874,2023-06-17 10:00:00,Lost Highway,Mystery,David Lynch,1997,134,12,8.50
PRO004875,2023-06-17 13:00:00,Manhattan,Comedy,Woody Allen,1979,96,16,8.00
PRO004876,2023-06-17 15:30:00,Le salaire de la peur,Adventure,Henri-Georges Clouzot,1953,131,0,6.50
PRO004877,2023-06-17 18:30:00,Rebel Without a Cause,Drama,Nicholas Ray,1955,111,12,10.00
PRO004878,2023-06-18 10:00:00,The Terminator,Action,James Cameron,1984,107,12,7.50
PRO004879,2023-06-18 12:30:00,Sanjuro,Action,Akira Kurosawa,1962,96,0,8.50
PRO004880,2023-06-18 15:00:00,Ace in the Hole,Drama,Billy Wilder,1951,111,12,7.00
PRO004881,2023-06-19 10:30:00,The Green Mile,Crime,Frank Darabont,1999,189,12,6.50
PRO004882,2023-06-19 14:30:00,Fantasia,Animation,James Algar,1940,125,0,8.00
PRO004883,2023-06-20 10:00:00,Manhattan,Comedy,Woody Allen,1979,96,16,8.50
PRO004884,2023-06-21 10:30:00,The Green Mile,Crime,Frank Darabont,1999,189,12,7.50
PRO004885,2023-06-22 10:00:00,Le salaire de la peur,Adventure,Henri-Georges Clouzot,1953,131,0,8.00
PRO004886,2023-06-22 13:00:00,Serpico,Biography,Sidney Lumet,1973,130,12,7.50
PRO004887,2023-06-22 16:00:00,Mary Poppins,Comedy,Robert Stevenson,1964,139,0,8.50
PRO004888,2023-06-23 10:30:00,Fantasia,Animation,James Algar,1940,125,0,7.00
PRO004889,2023-06-23 13:30:00,The Treasure of the Sierra Madre,Adventure,John Huston,1948,126,12,7.00
PRO004890,2023-06-23 16:30:00,Rain Man,Drama,Barry Levinson,1988,133,0,7.50
PRO004891,2023-06-24 10:00:00,The Magdalene Sisters,Drama,Peter Mullan,2002,114,16,6.50
PRO004892,2023-06-24 13:00:00,Night of the Living Dead,Horror,George A. Romero,1968,96,12,6.50
PRO004893,2023-06-24 15:30:00,Serpico,Biography,Sidney Lumet,1973,130,12,8.00
PRO004894,2023-06-25 10:30:00,Sanjuro,Action,Akira Kurosawa,1962,96,0,7.00
PRO004895,2023-06-25 13:00:00,Le charme discret de la bourgeoisie,Comedy,Luis Buñuel,1972,102,6,6.50
PRO004896,2023-06-25 15:30:00,Beauty and the Beast,Animation,Gary Trousdale,1991,84,0,7.50
PRO004897,2023-06-25 17:30:00,Mary Poppins,Comedy,Robert Stevenson,1964,139,0,6.50
PRO004898,2023-06-26 10:30:00,Omohide poro poro,Animation,Isao Takahata,1991,118,0,8.50
PRO004899,2023-06-26 13:30:00,Pulp Fiction,Crime,Quentin Tarantino,1994,154,12,8.50
PRO004900,2023-06-26 17:00:00,Ran,Action,Akira Kurosawa,1985,162,0,8.50
PRO004901,2023-06-27 10:00:00,The Thing,Horror,John Carpenter,1982,109,12,8.00
PRO004902,2023-06-28 10:00:00,Full Metal Jacket,Drama,Stanley Kubrick,1987,116,12,8.00
PRO004903,2023-06-28 12:30:00,Ran,Action,Akira Kurosawa,1985,162,0,7.50
PRO004904,2023-06-28 16:00:00,The Magdalene Sisters,Drama,Peter Mullan,2002,114,16,6.50
PRO004905,2023-06-29 10:30:00,Rain Man,Drama,Barry Levinson,1988,133,0,7.00
PRO004906,2023-06-30 10:30:00,Mulan,Animation,Tony Bancroft,1998,88,0,6.50
PRO004907,2023-06-30 13:00:00,Delicatessen,Comedy,Marc Caro,1991,99,16,8.00
PRO004908,2023-06-30 15:30:00,The Thin Red Line,Drama,Terrence Malick,1998,170,12,7.00
PRO004909,2023-07-01 10:00:00,Lola rennt,Crime,Tom Tykwer,1998,81,12,8.50
PRO004910,2023-07-01 12:00:00,The Man Who Would Be King,Adventure,John Huston,1975,129,6,8.50
PRO004911,2023-07-01 15:00:00,Out of the Past,Crime,Jacques Tourneur,1947,97,12,8.50
PRO004912,2023-07-01 17:30:00,Rebel Without a Cause,Drama,Nicholas Ray,1955,111,12,7.50
PRO004913,2023-07-02 10:30:00,Stagecoach,Adventure,John Ford,1939,96,12,7.00
PRO004914,2023-07-02 13:00:00,The Warriors,Action,Walter Hill,1979,92,12,7.50
PRO004915,2023-07-02 15:30:00,The Untouchables,Crime,Brian De Palma,1987,119,12,7.00
PRO004916,2023-07-03 10:00:00,The Warriors,Action,Walter Hill,1979,92,12,6.50
PRO004917,2023-07-04 10:30:00,Sanjuro,Action,Akira Kurosawa,1962,96,0,8.00
PRO004918,2023-07-04 13:00:00,Manhattan,Comedy,Woody Allen,1979,96,16,7.50
PRO004919,2023-07-05 10:30:00,Ran,Action,Akira Kurosawa,1985,162,0,7.50
PRO004920,2023-07-06 10:30:00,The Taking of Pelham One Two Three,Action,Joseph Sargent,1974,104,0,6.50
PRO004921,2023-07-07 10:00:00,Stagecoach,Adventure,John Ford,1939,96,12,6.50
PRO004922,2023-07-07 12:30:00,October Sky,Biography,Joe Johnston,1999,108,6,8.50
PRO004923,2023-07-08 10:30:00,Rain Man,Drama,Barry Levinson,1988,133,0,8.00
PRO004924,2023-07-08 13:30:00,The Last of the Mohicans,Action,Michael Mann,1992,112,12,7.50
PRO004925,2023-07-08 16:30:00,Full Metal Jacket,Drama,Stanley Kubrick,1987,116,12,8.50
PRO004926,2023-07-08 19:30:00,Rain Man,Drama,Barry Levinson,1988,133,0,9.50
PRO004927,2023-07-09 10:00:00,The Taking of Pelham One Two Three,Action,Joseph Sargent,1974,104,0,6.50
PRO004928,2023-07-09 12:30:00,The Untouchables,Crime,Brian De Palma,1987,119,12,8.50
PRO004929,2023-07-09 15:30:00,Salinui chueok,Crime,Bong Joon Ho,2003,131,12,8.50
PRO004930,2023-07-09 18:30:00,Sanjuro,Action,Akira Kurosawa,1962,96,0,8.50
PRO004931,2023-07-10 10:30:00,The Color Purple,Drama,Steven Spielberg,1985,154,0,6.50
PRO004932,2023-07-11 10:30:00,First Blood,Action,Ted Kotcheff,1982,93,12,8.50
PRO004933,2023-07-12 10:30:00,The Man Who Would Be King,Adventure,John Huston,1975,129,6,8.00
PRO004934,2023-07-12 13:30:00,Full Metal Jacket,Drama,Stanley Kubrick,1987,116,12,7.00
PRO004935,2023-07-12 16:00:00,Fanny och Alexander,Drama,Ingmar Bergman,1982,188,12,7.50
PRO004936,2023-07-13 10:30:00,The Untouchables,Crime,Brian De Palma,1987,119,12,7.50
PRO004937,2023-07-13 13:30:00,Mulan,Animation,Tony Bancroft,1998,88,0,7.00
PRO004938,2023-07-14 10:30:00,Sanjuro,Action,Akira Kurosawa,1962,96,0,8.50
PRO004939,2023-07-15 10:00:00,The Thin Red Line,Drama,Terrence Malick,1998,170,12,8.50
PRO004940,2023-07-15 14:00:00,La règle du jeu,Comedy,Jean Renoir,1939,110,12,7.50
PRO004941,2023-07-15 16:30:00,The Thing,Horror,John Carpenter,1982,109,12,8.00
PRO004942,2023-07-15 19:00:00,The Day of the Jackal,Crime,Fred Zinnemann,1973,143,12,9.50
PRO004943,2023-07-16 10:30:00,Full Metal Jacket,Drama,Stanley Kubrick,1987,116,12,7.50
PRO004944,2023-07-16 13:30:00,The Day of the Jackal,Crime,Fred Zinnemann,1973,143,12,7.00
PRO004945,2023-07-16 16:30:00,The Taking of Pelham One Two Three,Action,Joseph Sargent,1974,104,0,7.00
PRO004946,2023-07-16 19:00:00,Barry Lyndon,Adventure,Stanley Kubrick,1975,185,6,8.50
PRO004947,2023-07-17 10:30:00,Finding Nemo,Animation,Andrew Stanton,2003,100,0,8.50
PRO004948,2023-07-17 13:00:00,The Man Who Would Be King,Adventure,John Huston,1975,129,6,7.00
PRO004949,2023-07-17 16:00:00,Stand by Me,Adventure,Rob Reiner,1986,89,0,8.00
PRO004950,2023-07-18 10:00:00,Ikiru,Drama,Akira Kurosawa,1952,143,12,8.50
PRO004951,2023-07-18 13:00:00,Mulan,Animation,Tony Bancroft,1998,88,0,7.00
PRO004952,2023-07-19 10:00:00,Fanny och Alexander,Drama,Ingmar Bergman,1982,188,12,7.50
PRO004953,2023-07-19 14:00:00,The Graduate,Comedy,Mike Nichols,1967,106,12,7.00
PRO004954,2023-07-19 16:30:00,Ikiru,Drama,Akira Kurosawa,1952,143,12,8.50
PRO004955,2023-07-20 10:00:00,Full Metal Jacket,Drama,Stanley Kubrick,1987,116,12,7.00
PRO004956,2023-07-20 13:00:00,Ran,Action,Akira Kurosawa,1985,162,0,8.50
PRO004957,2023-07-21 10:00:00,Fargo,Crime,Joel Coen,1996,98,12,7.50
PRO004958,2023-07-22 10:30:00,Sholay,Action,Ramesh Sippy,1975,204,0,7.00
PRO004959,2023-07-22 14:30:00,Sholay,Action,Ramesh Sippy,1975,204,0,7.00
PRO004960,2023-07-22 19:00:00,Le charme discret de la bourgeoisie,Comedy,Luis Buñuel,1972,102,6,9.50
PRO004961,2023-07-22 21:30:00,Ikiru,Drama,Akira Kurosawa,1952,143,12,8.50
PRO004962,2023-07-23 10:00:00,Barry Lyndon,Adventure,Stanley Kubrick,1975,185,6,7.50
PRO004963,2023-07-23 14:00:00,The Treasure of the Sierra Madre,Adventure,John Huston,1948,126,12,6.50
PRO004964,2023-07-23 17:00:00,Le charme discret de la bourgeoisie,Comedy,Luis Buñuel,1972,102,6,8.50
PRO004965,2023-07-24 10:30:00,Barry Lyndon,Adventure,Stanley Kubrick,1975,185,6,7.00
PRO004966,2023-07-24 14:30:00,Ikiru,Drama,Akira Kurosawa,1952,143,12,7.50
PRO004967,2023-07-25 10:30:00,Stagecoach,Adventure,John Ford,1939,96,12,8.50
PRO004968,2023-07-25 13:00:00,12 Angry Men,Crime,Sidney Lumet,1957,96,0,8.00
PRO004969,2023-07-26 10:00:00,First Blood,Action,Ted Kotcheff,1982,93,12,7.50
PRO004970,2023-07-26 12:30:00,The Muppet Movie,Adventure,James Frawley,1979,95,0,6.50
PRO004971,2023-07-26 15:00:00,Barry Lyndon,Adventure,Stanley Kubrick,1975,185,6,8.00
PRO004972,2023-07-27 10:30:00,First Blood,Action,Ted Kotcheff,1982,93,12,7.50
PRO004973,2023-07-27 13:00:00,Finding Nemo,Animation,Andrew Stanton,2003,100,0,6.50
PRO004974,2023-07-28 10:00:00,Stagecoach,Adventure,John Ford,1939,96,12,7.50
PRO004975,2023-07-29 10:30:00,Out of the Past,Crime,Jacques Tourneur,1947,97,12,6.50
PRO004976,2023-07-29 13:00:00,The Man Who Would Be King,Adventure,John Huston,1975,129,6,8.50
PRO004977,2023-07-29 16:00:00,Sanjuro,Action,Akira Kurosawa,1962,96,0,7.00
PRO004978,2023-07-30 10:30:00,The Treasure of the Sierra Madre,Adventure,John Huston,1948,126,12,6.50
PRO004979,2023-07-30 13:30:00,The Goonies,Adventure,Richard Donner,1985,114,0,7.50
PRO004980,2023-07-30 16:00:00,Ikiru,Drama,Akira Kurosawa,1952,143,12,6.50
PRO004981,2023-07-31 10:00:00,The Day of the Jackal,Crime,Fred Zinnemann,1973,143,12,7.50
PRO004982,2023-07-31 13:00:00,12 Angry Men,Crime,Sidney Lumet,1957,96,0,8.00
PRO004983,2023-07-31 15:30:00,Ikiru,Drama,Akira Kurosawa,1952,143,12,7.50
PRO004984,2023-08-01 10:30:00,La règle du jeu,Comedy,Jean Renoir,1939,110,12,7.00
PRO004985,2023-08-02 10:30:00,The Taking of Pelham One Two Three,Action,Joseph Sargent,1974,104,0,7.00
PRO004986,2023-08-03 10:00:00,Ladri di biciclette,Drama,Vittorio De Sica,1948,89,12,8.50
PRO004987,2023-08-03 12:30:00,The Treasure of the Sierra Madre,Adventure,John Huston,1948,126,12,8.00
PRO004988,2023-08-04 10:30:00,12 Angry Men,Crime,Sidney Lumet,1957,96,0,6.50
PRO004989,2023-08-04 13:00:00,The Treasure of the Sierra Madre,Adventure,John Huston,1948,126,12,6.50
PRO004990,2023-08-04 16:00:00,Ikiru,Drama,Akira Kurosawa,1952,143,12,6.50
PRO004991,2023-08-05 10:00:00,The Elephant Man,Biography,David Lynch,1980,124,12,8.50
PRO004992,2023-08-05 13:00:00,Ikiru,Drama,Akira Kurosawa,1952,143,12,6.50
PRO004993,2023-08-05 16:00:00,Barry Lyndon,Adventure,Stanley Kubrick,1975,185,6,6.50
PRO004994,2023-08-06 10:00:00,Barry Lyndon,Adventure,Stanley Kubrick,1975,185,6,8.50
PRO004995,2023-08-06 14:00:00,Léon,Action,Luc Besson,1994,110,12,8.50
PRO004996,2023-08-06 16:30:00,Stand by Me,Adventure,Rob Reiner,1986,89,0,8.50
PRO004997,2023-08-07 10:30:00,Salinui chueok,Crime,Bong Joon Ho,2003,131,12,7.00
PRO004998,2023-08-08 10:00:00,Dial M for Murder,Crime,Alfred Hitchcock,1954,105,12,8.00
PRO004999,2023-08-09 10:30:00,Sanjuro,Action,Akira Kurosawa,1962,96,0,8.00
PRO005000,2023-08-09 13:00:00,Finding Nemo,Animation,Andrew Stanton,2003,100,0,7.50
PRO005001,2023-08-10 10:00:00,Memento,Mystery,Christopher Nolan,2000,113,12,7.00
PRO005002,2023-08-10 13:00:00,Down by Law,Comedy,Jim Jarmusch,1986,107,16,7.00
PRO005003,2023-08-11 10:30:00,Mulan,Animation,Tony Bancroft,1998,88,0,6.50
PRO005004,2023-08-11 13:00:00,Stand by Me,Adventure,Rob Reiner,1986,89,0,8.50
PRO005005,2023-08-12 10:30:00,Dial M for Murder,Crime,Alfred Hitchcock,1954,105,12,7.50
PRO005006,2023-08-12 13:00:00,Smultronstället,Drama,Ingmar Bergman,1957,91,0,8.00
PRO005007,2023-08-12 15:30:00,Memento,Mystery,Christopher Nolan,2000,113,12,8.50
PRO005008,2023-08-12 18:30:00,Barry Lyndon,Adventure,Stanley Kubrick,1975,185,6,9.50
PRO005009,2023-08-13 10:00:00,Solaris,Drama,Andrei Tarkovsky,1972,167,6,7.50
PRO005010,2023-08-13 13:30:00,Barry Lyndon,Adventure,Stanley Kubrick,1975,185,6,6.50
PRO005011,2023-08-13 17:30:00,La règle du jeu,Comedy,Jean Renoir,1939,110,12,7.50
PRO005012,2023-08-14 10:00:00,Stand by Me,Adventure,Rob Reiner,1986,89,0,6.50
PRO005013,2023-08-14 12:30:00,The Goonies,Adventure,Richard Donner,1985,114,0,8.00
PRO005014,2023-08-15 10:30:00,The Count of Monte Cristo,Action,Kevin Reynolds,2002,131,12,8.00
PRO005015,2023-08-16 10:30:00,Finding Nemo,Animation,Andrew Stanton,2003,100,0,8.50
PRO005016,2023-08-17 10:00:00,Out of the Past,Crime,Jacques Tourneur,1947,97,12,6.50
PRO005017,2023-08-17 12:30:00,Inherit the Wind,Biography,Stanley Kramer,1960,128,12,8.50
PRO005018,2023-08-17 15:30:00,The Goonies,Adventure,Richard Donner,1985,114,0,8.00
PRO005019,2023-08-18 10:00:00,Short Cuts,Comedy,Robert Altman,1993,188,16,7.00
PRO005020,2023-08-18 14:00:00,Barry Lyndon,Adventure,Stanley Kubrick,1975,185,6,7.00
PRO005021,2023-08-19 10:30:00,Ladri di biciclette,Drama,Vittorio De Sica,1948,89,12,6.50
PRO005022,2023-08-19 13:00:00,"Paris, Texas",Drama,Wim Wenders,1984,145,0,6.50
PRO005023,2023-08-19 16:00:00,The Count of Monte Cristo,Action,Kevin Reynolds,2002,131,12,7.00
PRO005024,2023-08-19 19:00:00,Ikiru,Drama,Akira Kurosawa,1952,143,12,9.50
PRO005025,2023-08-20 10:30:00,Das Boot,Adventure,Wolfgang Petersen,1981,149,16,8.50
PRO005026,2023-08-20 14:00:00,Memento,Mystery,Christopher Nolan,2000,113,12,8.00
PRO005027,2023-08-20 17:00:00,The Goonies,Adventure,Richard Donner,1985,114,0,8.00
PRO005028,2023-08-20 20:00:00,The Elephant Man,Biography,David Lynch,1980,124,12,10.00
PRO005029,2023-08-21 10:30:00,Papillon,Biography,Franklin J. Schaffner,1973,151,16,6.50
PRO005030,2023-08-22 10:30:00,Stand by Me,Adventure,Rob Reiner,1986,89,0,8.50
PRO005031,2023-08-23 10:00:00,Donnie Darko,Drama,Richard Kelly,2001,113,16,6.50
PRO005032,2023-08-23 13:00:00,Papillon,Biography,Franklin J. Schaffner,1973,151,16,7.50
PRO005033,2023-08-24 10:00:00,Down by Law,Comedy,Jim Jarmusch,1986,107,16,8.50
PRO005034,2023-08-25 10:00:00,Miracle on 34th Street,Comedy,George Seaton,1947,96,12,7.00
PRO005035,2023-08-25 12:30:00,"Paris, Texas",Drama,Wim Wenders,1984,145,0,8.50
PRO005036,2023-08-26 10:00:00,"Paris, Texas",Drama,Wim Wenders,1984,145,0,7.00
PRO005037,2023-08-26 13:00:00,Das Boot,Adventure,Wolfgang Petersen,1981,149,16,6.50
PRO005038,2023-08-26 16:30:00,Finding Nemo,Animation,Andrew Stanton,2003,100,0,6.50
PRO005039,2023-08-27 10:30:00,Dial M for Murder,Crime,Alfred Hitchcock,1954,105,12,6.50
PRO005040,2023-08-27 13:00:00,Miller's Crossing,Crime,Joel Coen,1990,115,16,7.00
PRO005041,2023-08-27 16:00:00,Solaris,Drama,Andrei Tarkovsky,1972,167,6,8.50
PRO005042,2023-08-27 20:00:00,Memento,Mystery,Christopher Nolan,2000,113,12,9.50
PRO005043,2023-08-28 10:30:00,Down by Law,Comedy,Jim Jarmusch,1986,107,16,8.50
PRO005044,2023-08-28 13:00:00,Sling Blade,Drama,Billy Bob Thornton,1996,135,16,8.00
PRO005045,2023-08-29 10:30:00,Dial M for Murder,Crime,Alfred Hitchcock,1954,105,12,6.50
PRO005046,2023-08-30 10:30:00,Dial M for Murder,Crime,Alfred Hitchcock,1954,105,12,8.00
PRO005047,2023-08-31 10:00:00,Dial M for Murder,Crime,Alfred Hitchcock,1954,105,12,6.50
PRO005048,2023-08-31 12:30:00,Willy Wonka & the Chocolate Factory,Family,Mel Stuart,1971,100,0,6.50
PRO005049,2023-08-31 15:00:00,Solaris,Drama,Andrei Tarkovsky,1972,167,6,7.00
PRO005050,2023-09-01 10:30:00,Donnie Darko,Drama,Richard Kelly,2001,113,16,8.00
PRO005051,2023-09-02 10:00:00,Miracle on 34th Street,Comedy,George Seaton,1947,96,12,8.00
PRO005052,2023-09-02 12:30:00,The Elephant Man,Biography,David Lynch,1980,124,12,8.50
PRO005053,2023-09-02 15:30:00,The Count of Monte Cristo,Action,Kevin Reynolds,2002,131,12,7.00
PRO005054,2023-09-02 18:30:00,Miracle on 34th Street,Comedy,George Seaton,1947,96,12,8.50
PRO005055,2023-09-03 10:00:00,Das Boot,Adventure,Wolfgang Petersen,1981,149,16,7.50
PRO005056,2023-09-03 13:30:00,The Elephant Man,Biography,David Lynch,1980,124,12,7.50
PRO005057,2023-09-03 16:30:00,Kagemusha,Drama,Akira Kurosawa,1980,180,0,6.50
PRO005058,2023-09-03 20:30:00,The Goonies,Adventure,Richard Donner,1985,114,0,9.50
PRO005059,2023-09-04 10:00:00,Kagemusha,Drama,Akira Kurosawa,1980,180,0,8.00
PRO005060,2023-09-05 10:30:00,Kagemusha,Drama,Akira Kurosawa,1980,180,0,7.00
PRO005061,2023-09-06 10:30:00,Dr. Strangelove or: How I Learned to Stop Worrying and Love the Bomb,Comedy,Stanley Kubrick,1964,95,12,7.50
PRO005062,2023-09-06 13:00:00,La vita è bella,Comedy,Roberto Benigni,1997,116,0,8.50
PRO005063,2023-09-07 10:30:00,Dr. Strangelove or: How I Learned to Stop Worrying and Love the Bomb,Comedy,Stanley Kubrick,1964,95,12,6.50
PRO005064,2023-09-07 13:00:00,The Count of Monte Cristo,Action,Kevin Reynolds,2002,131,12,8.00
PRO005065,2023-09-07 16:00:00,The Ladykillers,Comedy,Alexander Mackendrick,1955,91,12,6.50
PRO005066,2023-09-08 10:00:00,The Elephant Man,Biography,David Lynch,1980,124,12,8.00
PRO005067,2023-09-09 10:00:00,Bringing Up Baby,Comedy,Howard Hawks,1938,102,12,6.50
PRO005068,2023-09-09 12:30:00,Ladri di biciclette,Drama,Vittorio De Sica,1948,89,12,7.50
PRO005069,2023-09-09 15:00:00,Ben-Hur,Adventure,William Wyler,1959,212,0,8.00
PRO005070,2023-09-09 19:30:00,Dr. Strangelove or: How I Learned to Stop Worrying and Love the Bomb,Comedy,Stanley Kubrick,1964,95,12,10.00
PRO005071,2023-09-10 10:30:00,Ladri di biciclette,Drama,Vittorio De Sica,1948,89,12,8.00
PRO005072,2023-09-10 13:00:00,Miracle on 34th Street,Comedy,George Seaton,1947,96,12,7.00
PRO005073,2023-09-10 15:30:00,Yôjinbô,Action,Akira Kurosawa,1961,110,12,7.00
PRO005074,2023-09-11 10:30:00,Ladri di biciclette,Drama,Vittorio De Sica,1948,89,12,6.50
PRO005075,2023-09-11 13:00:00,Ben-Hur,Adventure,William Wyler,1959,212,0,8.50
PRO005076,2023-09-11 17:30:00,Midnight Express,Biography,Alan Parker,1978,121,12,6.50
PRO005077,2023-09-12 10:00:00,The Elephant Man,Biography,David Lynch,1980,124,12,6.50
PRO005078,2023-09-12 13:00:00,Yôjinbô,Action,Akira Kurosawa,1961,110,12,6.50
PRO005079,2023-09-13 10:30:00,The Sandlot,Comedy,David Mickey Evans,1993,101,0,6.50
PRO005080,2023-09-13 13:00:00,Le samouraï,Crime,Jean-Pierre Melville,1967,105,12,7.00
PRO005081,2023-09-13 15:30:00,Love and Death,Comedy,Woody Allen,1975,85,6,7.50
PRO005082,2023-09-14 10:30:00,Das Boot,Adventure,Wolfgang Petersen,1981,149,16,7.50
PRO005083,2023-09-15 10:30:00,The Ladykillers,Comedy,Alexander Mackendrick,1955,91,12,8.00
PRO005084,2023-09-16 10:30:00,Das Boot,Adventure,Wolfgang Petersen,1981,149,16,6.50
PRO005085,2023-09-16 14:00:00,Das Boot,Adventure,Wolfgang Petersen,1981,149,16,8.50
PRO005086,2023-09-16 17:30:00,Miracle on 34th Street,Comedy,George Seaton,1947,96,12,7.50
PRO005087,2023-09-16 20:00:00,Yôjinbô,Action,Akira Kurosawa,1961,110,12,9.00
PRO005088,2023-09-17 10:00:00,Mad Max 2,Action,George Miller,1981,96,12,7.00
PRO005089,2023-09-17 12:30:00,Donnie Darko,Drama,Richard Kelly,2001,113,16,7.50
PRO005090,2023-09-17 15:30:00,"Crna macka, beli macor",Comedy,Emir Kusturica,1998,127,16,8.50
PRO005091,2023-09-18 10:30:00,Todo sobre mi madre,Drama,Pedro Almodóvar,1999,101,16,6.50
PRO005092,2023-09-19 10:00:00,Enter the Dragon,Action,Robert Clouse,1973,102,12,7.50
PRO005093,2023-09-19 12:30:00,To Kill a Mockingbird,Crime,Robert Mulligan,1962,129,0,7.00
PRO005094,2023-09-19 15:30:00,Donnie Darko,Drama,Richard Kelly,2001,113,16,8.00
PRO005095,2023-09-20 10:30:00,The Sandlot,Comedy,David Mickey Evans,1993,101,0,8.50
PRO005096,2023-09-20 13:00:00,To Kill a Mockingbird,Crime,Robert Mulligan,1962,129,0,7.50
PRO005097,2023-09-20 16:00:00,Miracle on 34th Street,Comedy,George Seaton,1947,96,12,8.00
PRO005098,2023-09-21 10:00:00,Love and Death,Comedy,Woody Allen,1975,85,6,6.50
PRO005099,2023-09-22 10:30:00,Being John Malkovich,Comedy,Spike Jonze,1999,113,16,7.50
PRO005100,2023-09-22 13:00:00,Dead Man,Adventure,Jim Jarmusch,1995,121,16,8.00
PRO005101,2023-09-22 16:00:00,Miracle on 34th Street,Comedy,George Seaton,1947,96,12,6.50
PRO005102,2023-09-23 10:00:00,Yôjinbô,Action,Akira Kurosawa,1961,110,12,8.50
PRO005103,2023-09-23 12:30:00,"South Park: Bigger, Longer & Uncut",Animation,Trey Parker,1999,81,12,8.00
PRO005104,2023-09-23 14:30:00,Giù la testa,Drama,Sergio Leone,1971,157,6,8.50
PRO005105,2023-09-24 10:00:00,Bringing Up Baby,Comedy,Howard Hawks,1938,102,12,6.50
PRO005106,2023-09-24 12:30:00,Yôjinbô,Action,Akira Kurosawa,1961,110,12,7.00
PRO005107,2023-09-24 15:00:00,Dead Man,Adventure,Jim Jarmusch,1995,121,16,6.50
PRO005108,2023-09-24 18:00:00,Eskiya,Crime,Yavuz Turgul,1996,128,12,8.50
PRO005109,2023-09-25 10:30:00,La vita è bella,Comedy,Roberto Benigni,1997,116,0,8.50
PRO005110,2023-09-25 13:30:00,Out of the Past,Crime,Jacques Tourneur,1947,97,12,6.50
PRO005111,2023-09-26 10:00:00,Le samouraï,Crime,Jean-Pierre Melville,1967,105,12,7.00
PRO005112,2023-09-26 12:30:00,Modern Times,Comedy,Charles Chaplin,1936,87,0,7.50
PRO005113,2023-09-27 10:30:00,Bonnie and Clyde,Action,Arthur Penn,1967,111,12,8.00
PRO005114,2023-09-28 10:30:00,Das Cabinet des Dr. Caligari,Fantasy,Robert Wiene,1920,76,12,8.00
PRO005115,2023-09-28 12:30:00,Kagemusha,Drama,Akira Kurosawa,1980,180,0,7.50
PRO005116,2023-09-28 16:30:00,Les quatre cents coups,Crime,François Truffaut,1959,99,12,6.50
PRO005117,2023-09-29 10:30:00,Modern Times,Comedy,Charles Chaplin,1936,87,0,7.00
PRO005118,2023-09-29 13:00:00,Mad Max 2,Action,George Miller,1981,96,12,8.50
PRO005119,2023-09-29 15:30:00,Das Boot,Adventure,Wolfgang Petersen,1981,149,16,8.50
PRO005120,2023-09-30 10:00:00,Yôjinbô,Action,Akira Kurosawa,1961,110,12,8.50
PRO005121,2023-09-30 12:30:00,Out of the Past,Crime,Jacques Tourneur,1947,97,12,7.00
PRO005122,2023-09-30 15:00:00,Out of the Past,Crime,Jacques Tourneur,1947,97,12,6.50
PRO005123,2023-09-30 17:30:00,Das Cabinet des Dr. Caligari,Fantasy,Robert Wiene,1920,76,12,8.50
PRO005124,2023-10-01 10:00:00,Do lok tin si,Comedy,Kar-Wai Wong,1995,99,12,8.00
PRO005125,2023-10-01 12:30:00,Das Cabinet des Dr. Caligari,Fantasy,Robert Wiene,1920,76,12,7.50
PRO005126,2023-10-01 14:30:00,"Crna macka, beli macor",Comedy,Emir Kusturica,1998,127,16,8.50
PRO005127,2023-10-02 10:30:00,Duck Soup,Comedy,Leo McCarey,1933,69,12,6.50
PRO005128,2023-10-03 10:30:00,Todo sobre mi madre,Drama,Pedro Almodóvar,1999,101,16,7.00
PRO005129,2023-10-03 13:00:00,"South Park: Bigger, Longer & Uncut",Animation,Trey Parker,1999,81,12,8.50
PRO005130,2023-10-04 10:30:00,Duck Soup,Comedy,Leo McCarey,1933,69,12,7.50
PRO005131,2023-10-05 10:30:00,The Count of Monte Cristo,Action,Kevin Reynolds,2002,131,12,7.50
PRO005132,2023-10-05 13:30:00,Out of the Past,Crime,Jacques Tourneur,1947,97,12,6.50
PRO005133,2023-10-06 10:30:00,Midnight Express,Biography,Alan Parker,1978,121,12,8.00
PRO005134,2023-10-06 13:30:00,Das Cabinet des Dr. Caligari,Fantasy,Robert Wiene,1920,76,12,7.50
PRO005135,2023-10-07 10:30:00,Les quatre cents coups,Crime,François Truffaut,1959,99,12,8.50
PRO005136,2023-10-07 13:00:00,Good Bye Lenin!,Comedy,Wolfgang Becker,2003,121,16,6.50
PRO005137,2023-10-07 16:00:00,Days of Heaven,Drama,Terrence Malick,1978,94,6,7.50
PRO005138,2023-10-07 18:30:00,Kagemusha,Drama,Akira Kurosawa,1980,180,0,10.00
PRO005139,2023-10-08 10:30:00,Do lok tin si,Comedy,Kar-Wai Wong,1995,99,12,8.50
PRO005140,2023-10-08 13:00:00,Dawn of the Dead,Action,George A. Romero,1978,127,12,7.00
PRO005141,2023-10-08 16:00:00,Monty Python and the Holy Grail,Adventure,Terry Gilliam,1975,91,6,6.50
PRO005142,2023-10-09 10:00:00,Dead Man,Adventure,Jim Jarmusch,1995,121,16,7.50
PRO005143,2023-10-09 13:00:00,Monty Python and the Holy Grail,Adventure,Terry Gilliam,1975,91,6,7.00
PRO005144,2023-10-10 10:30:00,E.T. the Extra-Terrestrial,Family,Steven Spielberg,1982,115,0,6.50
PRO005145,2023-10-10 13:30:00,Requiem for a Dream,Drama,Darren Aronofsky,2000,102,12,6.50
PRO005146,2023-10-10 16:00:00,Todo sobre mi madre,Drama,Pedro Almodóvar,1999,101,16,6.50
PRO005147,2023-10-11 10:00:00,Eskiya,Crime,Yavuz Turgul,1996,128,12,8.00
PRO005148,2023-10-11 13:00:00,Forrest Gump,Drama,Robert Zemeckis,1994,142,12,6.50
PRO005149,2023-10-11 16:30:00,Monty Python and the Holy Grail,Adventure,Terry Gilliam,1975,91,6,6.50
PRO005150,2023-10-12 10:00:00,Hana-bi,Crime,Takeshi Kitano,1997,103,12,7.50
PRO005151,2023-10-12 12:30:00,Les quatre cents coups,Crime,François Truffaut,1959,99,12,6.50
PRO005152,2023-10-13 10:00:00,Boyz n the Hood,Crime,John Singleton,1991,112,12,7.50
PRO005153,2023-10-13 12:30:00,Donnie Darko,Drama,Richard Kelly,2001,113,16,6.50
PRO005154,2023-10-13 15:00:00,"South Park: Bigger, Longer & Uncut",Animation,Trey Parker,1999,81,12,8.00
PRO005155,2023-10-14 10:30:00,Duck Soup,Comedy,Leo McCarey,1933,69,12,8.50
PRO005156,2023-10-14 12:30:00,Planet of the Apes,Adventure,Franklin J. Schaffner,1968,112,0,8.50
PRO005157,2023-10-14 15:00:00,Duck Soup,Comedy,Leo McCarey,1933,69,12,7.00
PRO005158,2023-10-15 10:00:00,Enter the Dragon,Action,Robert Clouse,1973,102,12,8.00
PRO005159,2023-10-15 12:30:00,Das Boot,Adventure,Wolfgang Petersen,1981,149,16,8.50
PRO005160,2023-10-15 15:30:00,Willy Wonka & the Chocolate Factory,Family,Mel Stuart,1971,100,0,7.00
PRO005161,2023-10-16 10:00:00,The Sandlot,Comedy,David Mickey Evans,1993,101,0,7.50
PRO005162,2023-10-16 12:30:00,Hable con ella,Drama,Pedro Almodóvar,2002,112,16,6.50
PRO005163,2023-10-17 10:00:00,Le samouraï,Crime,Jean-Pierre Melville,1967,105,12,8.50
PRO005164,2023-10-18 10:30:00,The Ladykillers,Comedy,Alexander Mackendrick,1955,91,12,8.50
PRO005165,2023-10-18 13:00:00,Mad Max 2,Action,George Miller,1981,96,12,8.50
PRO005166,2023-10-18 15:30:00,The Best Years of Our Lives,Drama,William Wyler,1946,170,12,7.00
PRO005167,2023-10-19 10:00:00,Planet of the Apes,Adventure,Franklin J. Schaffner,1968,112,0,7.50
PRO005168,2023-10-19 13:00:00,Das Cabinet des Dr. Caligari,Fantasy,Robert Wiene,1920,76,12,8.50
PRO005169,2023-10-20 10:30:00,Duck Soup,Comedy,Leo McCarey,1933,69,12,7.50
PRO005170,2023-10-20 12:30:00,Lost Highway,Mystery,David Lynch,1997,134,12,8.50
PRO005171,2023-10-21 10:00:00,Frankenstein,Drama,James Whale,1931,70,12,8.50
PRO005172,2023-10-21 12:00:00,Frankenstein,Drama,James Whale,1931,70,12,6.50
PRO005173,2023-10-21 14:00:00,Bringing Up Baby,Comedy,Howard Hawks,1938,102,12,6.50
PRO005174,2023-10-22 10:00:00,Full Metal Jacket,Drama,Stanley Kubrick,1987,116,12,7.50
PRO005175,2023-10-22 13:00:00,Gattaca,Drama,Andrew Niccol,1997,106,12,7.00
PRO005176,2023-10-22 15:30:00,Boyz n the Hood,Crime,John Singleton,1991,112,12,8.50
PRO005177,2023-10-23 10:00:00,Duck Soup,Comedy,Leo McCarey,1933,69,12,8.00
PRO005178,2023-10-24 10:30:00,Mad Max 2,Action,George Miller,1981,96,12,7.50
PRO005179,2023-10-24 13:00:00,Bringing Up Baby,Comedy,Howard Hawks,1938,102,12,8.00
PRO005180,2023-10-25 10:30:00,Gattaca,Drama,Andrew Niccol,1997,106,12,8.50
PRO005181,2023-10-25 13:00:00,Kagemusha,Drama,Akira Kurosawa,1980,180,0,8.00
PRO005182,2023-10-26 10:00:00,Shichinin no samurai,Action,Akira Kurosawa,1954,207,0,8.50
PRO005183,2023-10-26 14:30:00,Boyz n the Hood,Crime,John Singleton,1991,112,12,8.00
PRO005184,2023-10-27 10:00:00,Gattaca,Drama,Andrew Niccol,1997,106,12,8.00
PRO005185,2023-10-27 12:30:00,Monty Python and the Holy Grail,Adventure,Terry Gilliam,1975,91,6,7.50
PRO005186,2023-10-28 10:00:00,Monty Python and the Holy Grail,Adventure,Terry Gilliam,1975,91,6,8.50
PRO005187,2023-10-28 12:30:00,Boyz n the Hood,Crime,John Singleton,1991,112,12,6.50
PRO005188,2023-10-28 15:30:00,The Best Years of Our Lives,Drama,William Wyler,1946,170,12,8.50
PRO005189,2023-10-29 10:30:00,Evil Dead II,Action,Sam Raimi,1987,84,12,8.00
PRO005190,2023-10-29 13:00:00,Gattaca,Drama,Andrew Niccol,1997,106,12,7.00
PRO005191,2023-10-29 15:30:00,Hana-bi,Crime,Takeshi Kitano,1997,103,12,7.00
PRO005192,2023-10-29 18:00:00,Duck Soup,Comedy,Leo McCarey,1933,69,12,9.50
PRO005193,2023-10-30 10:00:00,Der Himmel über Berlin,Drama,Wim Wenders,1987,128,0,8.00
PRO005194,2023-10-30 13:00:00,Per un pugno di dollari,Action,Sergio Leone,1964,99,12,8.00
PRO005195,2023-10-30 15:30:00,Shichinin no samurai,Action,Akira Kurosawa,1954,207,0,7.00
PRO005196,2023-10-31 10:30:00,Days of Heaven,Drama,Terrence Malick,1978,94,6,7.00
PRO005197,2023-11-01 10:00:00,Shichinin no samurai,Action,Akira Kurosawa,1954,207,0,8.50
PRO005198,2023-11-02 10:00:00,Days of Heaven,Drama,Terrence Malick,1978,94,6,7.00
PRO005199,2023-11-02 12:30:00,Mad Max 2,Action,George Miller,1981,96,12,7.50
PRO005200,2023-11-02 15:00:00,Die Hard: With a Vengeance,Action,John McTiernan,1995,128,12,8.00
PRO005201,2023-11-03 10:00:00,The Sandlot,Comedy,David Mickey Evans,1993,101,0,6.50
PRO005202,2023-11-03 12:30:00,Fear and Loathing in Las Vegas,Adventure,Terry Gilliam,1998,118,16,8.50
PRO005203,2023-11-03 15:00:00,The Best Years of Our Lives,Drama,William Wyler,1946,170,12,8.00
PRO005204,2023-11-04 10:00:00,Boyz n the Hood,Crime,John Singleton,1991,112,12,6.50
PRO005205,2023-11-04 12:30:00,Evil Dead II,Action,Sam Raimi,1987,84,12,7.00
PRO005206,2023-11-04 14:30:00,Mad Max 2,Action,George Miller,1981,96,12,8.00
PRO005207,2023-11-04 17:00:00,Kumonosu-jô,Drama,Akira Kurosawa,1957,110,12,6.50
PRO005208,2023-11-05 10:30:00,Naked,Comedy,Mike Leigh,1993,132,12,8.50
PRO005209,2023-11-05 13:30:00,Modern Times,Comedy,Charles Chaplin,1936,87,0,7.00
PRO005210,2023-11-05 16:00:00,E.T. the Extra-Terrestrial,Family,Steven Spielberg,1982,115,0,7.00
PRO005211,2023-11-05 19:00:00,Dead Man,Adventure,Jim Jarmusch,1995,121,16,9.50
PRO005212,2023-11-06 10:30:00,Shichinin no samurai,Action,Akira Kurosawa,1954,207,0,8.50
PRO005213,2023-11-06 15:00:00,Good Bye Lenin!,Comedy,Wolfgang Becker,2003,121,16,7.00
PRO005214,2023-11-07 10:00:00,Days of Heaven,Drama,Terrence Malick,1978,94,6,8.00
PRO005215,2023-11-07 12:30:00,My Left Foot: The Story of Christy Brown,Biography,Jim Sheridan,1989,103,0,7.50
PRO005216,2023-11-07 15:00:00,Lost in Translation,Comedy,Sofia Coppola,2003,102,12,8.50
PRO005217,2023-11-08 10:30:00,Duck Soup,Comedy,Leo McCarey,1933,69,12,6.50
PRO005218,2023-11-09 10:00:00,My Left Foot: The Story of Christy Brown,Biography,Jim Sheridan,1989,103,0,7.50
PRO005219,2023-11-10 10:00:00,Good Bye Lenin!,Comedy,Wolfgang Becker,2003,121,16,7.00
PRO005220,2023-11-10 13:00:00,Kumonosu-jô,Drama,Akira Kurosawa,1957,110,12,7.50
PRO005221,2023-11-10 15:30:00,In the Name of the Father,Biography,Jim Sheridan,1993,133,12,8.00
PRO005222,2023-11-11 10:30:00,Good Bye Lenin!,Comedy,Wolfgang Becker,2003,121,16,8.00
PRO005223,2023-11-11 13:30:00,Per un pugno di dollari,Action,Sergio Leone,1964,99,12,7.00
PRO005224,2023-11-11 16:00:00,Naked,Comedy,Mike Leigh,1993,132,12,7.50
PRO005225,2023-11-11 19:00:00,Gattaca,Drama,Andrew Niccol,1997,106,12,10.00
PRO005226,2023-11-12 10:00:00,Die Hard: With a Vengeance,Action,John McTiernan,1995,128,12,8.00
PRO005227,2023-11-12 13:00:00,Do lok tin si,Comedy,Kar-Wai Wong,1995,99,12,7.00
PRO005228,2023-11-12 15:30:00,Shichinin no samurai,Action,Akira Kurosawa,1954,207,0,7.50
PRO005229,2023-11-13 10:30:00,Planet of the Apes,Adventure,Franklin J. Schaffner,1968,112,0,8.00
PRO005230,2023-11-13 13:30:00,Withnail & I,Comedy,Bruce Robinson,1987,107,16,6.50
PRO005231,2023-11-13 16:00:00,The African Queen,Adventure,John Huston,1951,105,6,7.50
PRO005232,2023-11-14 10:30:00,Persona,Drama,Ingmar Bergman,1966,85,12,6.50
PRO005233,2023-11-14 13:00:00,Withnail & I,Comedy,Bruce Robinson,1987,107,16,6.50
PRO005234,2023-11-15 10:00:00,Aladdin,Animation,Ron Clements,1992,90,0,7.00
PRO005235,2023-11-15 12:30:00,Frankenstein,Drama,James Whale,1931,70,12,8.00
PRO005236,2023-11-16 10:30:00,In the Name of the Father,Biography,Jim Sheridan,1993,133,12,7.50
PRO005237,2023-11-17 10:30:00,Requiem for a Dream,Drama,Darren Aronofsky,2000,102,12,8.50
PRO005238,2023-11-17 13:00:00,Fear and Loathing in Las Vegas,Adventure,Terry Gilliam,1998,118,16,7.50
PRO005239,2023-11-18 10:00:00,Kumonosu-jô,Drama,Akira Kurosawa,1957,110,12,8.00
PRO005240,2023-11-18 12:30:00,Shichinin no samurai,Action,Akira Kurosawa,1954,207,0,6.50
PRO005241,2023-11-18 17:00:00,Withnail & I,Comedy,Bruce Robinson,1987,107,16,8.50
PRO005242,2023-11-19 10:30:00,The Dirty Dozen,Action,Robert Aldrich,1967,150,12,7.00
PRO005243,2023-11-19 14:00:00,Hedwig and the Angry Inch,Comedy,John Cameron Mitchell,2001,95,16,8.50
PRO005244,2023-11-19 16:30:00,The Dirty Dozen,Action,Robert Aldrich,1967,150,12,6.50
PRO005245,2023-11-20 10:30:00,Do lok tin si,Comedy,Kar-Wai Wong,1995,99,12,6.50
PRO005246,2023-11-21 10:00:00,Rebecca,Drama,Alfred Hitchcock,1940,130,12,7.00
PRO005247,2023-11-21 13:00:00,The Hurricane,Biography,Norman Jewison,1999,146,16,8.50
PRO005248,2023-11-22 10:00:00,Brief Encounter,Drama,David Lean,1945,86,0,6.50
PRO005249,2023-11-22 12:00:00,Aladdin,Animation,Ron Clements,1992,90,0,7.00
PRO005250,2023-11-23 10:00:00,Shichinin no samurai,Action,Akira Kurosawa,1954,207,0,7.00
PRO005251,2023-11-23 14:30:00,The African Queen,Adventure,John Huston,1951,105,6,8.00
PRO005252,2023-11-23 17:00:00,Naked,Comedy,Mike Leigh,1993,132,12,8.50
PRO005253,2023-11-24 10:00:00,The African Queen,Adventure,John Huston,1951,105,6,8.00
PRO005254,2023-11-24 12:30:00,Amadeus,Biography,Milos Forman,1984,160,16,8.50
PRO005255,2023-11-25 10:00:00,Requiem for a Dream,Drama,Darren Aronofsky,2000,102,12,6.50
PRO005256,2023-11-25 12:30:00,Aladdin,Animation,Ron Clements,1992,90,0,6.50
PRO005257,2023-11-25 15:00:00,Monty Python and the Holy Grail,Adventure,Terry Gilliam,1975,91,6,6.50
PRO005258,2023-11-25 17:30:00,Rope,Crime,Alfred Hitchcock,1948,80,12,6.50
PRO005259,2023-11-26 10:00:00,Aladdin,Animation,Ron Clements,1992,90,0,8.00
PRO005260,2023-11-26 12:30:00,Hedwig and the Angry Inch,Comedy,John Cameron Mitchell,2001,95,16,8.50
PRO005261,2023-11-26 15:00:00,Dances with Wolves,Adventure,Kevin Costner,1990,181,0,7.00
PRO005262,2023-11-27 10:30:00,Lost Highway,Mystery,David Lynch,1997,134,12,6.50
PRO005263,2023-11-27 13:30:00,A Night at the Opera,Comedy,Sam Wood,1935,96,12,6.50
PRO005264,2023-11-28 10:30:00,A Night at the Opera,Comedy,Sam Wood,1935,96,12,8.50
PRO005265,2023-11-28 13:00:00,Kumonosu-jô,Drama,Akira Kurosawa,1957,110,12,8.50
PRO005266,2023-11-29 10:30:00,Rope,Crime,Alfred Hitchcock,1948,80,12,7.50
PRO005267,2023-11-29 12:30:00,"O Brother, Where Art Thou?",Adventure,Joel Coen,2000,107,0,8.00
PRO005268,2023-11-29 15:00:00,Rebecca,Drama,Alfred Hitchcock,1940,130,12,7.50
PRO005269,2023-11-30 10:00:00,The African Queen,Adventure,John Huston,1951,105,6,8.00
PRO005270,2023-11-30 12:30:00,Dances with Wolves,Adventure,Kevin Costner,1990,181,0,8.00
PRO005271,2023-12-01 10:30:00,Lost in Translation,Comedy,Sofia Coppola,2003,102,12,7.00
PRO005272,2023-12-01 13:00:00,Hedwig and the Angry Inch,Comedy,John Cameron Mitchell,2001,95,16,7.00
PRO005273,2023-12-02 10:00:00,Lost Highway,Mystery,David Lynch,1997,134,12,7.50
PRO005274,2023-12-02 13:00:00,Per un pugno di dollari,Action,Sergio Leone,1964,99,12,8.50
PRO005275,2023-12-02 15:30:00,Ondskan,Drama,Mikael Håfström,2003,113,12,8.00
PRO005276,2023-12-02 18:00:00,"O Brother, Where Art Thou?",Adventure,Joel Coen,2000,107,0,9.00
PRO005277,2023-12-03 10:30:00,My Left Foot: The Story of Christy Brown,Biography,Jim Sheridan,1989,103,0,8.50
PRO005278,2023-12-03 13:00:00,Rope,Crime,Alfred Hitchcock,1948,80,12,7.50
PRO005279,2023-12-03 15:00:00,Amadeus,Biography,Milos Forman,1984,160,16,8.00
PRO005280,2023-12-03 18:30:00,A Night at the Opera,Comedy,Sam Wood,1935,96,12,9.00
PRO005281,2023-12-04 10:00:00,Fear and Loathing in Las Vegas,Adventure,Terry Gilliam,1998,118,16,8.00
PRO005282,2023-12-05 10:00:00,A Night at the Opera,Comedy,Sam Wood,1935,96,12,8.50
PRO005283,2023-12-06 10:00:00,The Dirty Dozen,Action,Robert Aldrich,1967,150,12,7.50
PRO005284,2023-12-06 13:30:00,A Night at the Opera,Comedy,Sam Wood,1935,96,12,6.50
PRO005285,2023-12-06 16:00:00,Lost Highway,Mystery,David Lynch,1997,134,12,8.50
PRO005286,2023-12-07 10:00:00,Donnie Brasco,Biography,Mike Newell,1997,127,12,6.50
PRO005287,2023-12-08 10:30:00,The Hurricane,Biography,Norman Jewison,1999,146,16,8.50
PRO005288,2023-12-08 14:00:00,Aladdin,Animation,Ron Clements,1992,90,0,8.00
PRO005289,2023-12-09 10:30:00,Lost Highway,Mystery,David Lynch,1997,134,12,7.00
PRO005290,2023-12-09 13:30:00,Fiddler on the Roof,Drama,Norman Jewison,1971,181,0,6.50
PRO005291,2023-12-09 17:30:00,Rope,Crime,Alfred Hitchcock,1948,80,12,8.00
PRO005292,2023-12-09 19:30:00,The Treasure of the Sierra Madre,Adventure,John Huston,1948,126,12,8.50
PRO005293,2023-12-10 10:00:00,Requiem for a Dream,Drama,Darren Aronofsky,2000,102,12,8.00
PRO005294,2023-12-10 12:30:00,Kumonosu-jô,Drama,Akira Kurosawa,1957,110,12,8.50
PRO005295,2023-12-10 15:30:00,Kumonosu-jô,Drama,Akira Kurosawa,1957,110,12,7.00
PRO005296,2023-12-10 18:00:00,Der Himmel über Berlin,Drama,Wim Wenders,1987,128,0,9.50
PRO005297,2023-12-11 10:00:00,La règle du jeu,Comedy,Jean Renoir,1939,110,12,8.00
PRO005298,2023-12-11 12:30:00,The Treasure of the Sierra Madre,Adventure,John Huston,1948,126,12,6.50
PRO005299,2023-12-11 15:30:00,Lost Highway,Mystery,David Lynch,1997,134,12,7.00
PRO005300,2023-12-12 10:30:00,Ondskan,Drama,Mikael Håfström,2003,113,12,8.50
PRO005301,2023-12-13 10:30:00,Donnie Brasco,Biography,Mike Newell,1997,127,12,8.00
PRO005302,2023-12-13 13:30:00,Ondskan,Drama,Mikael Håfström,2003,113,12,8.50
PRO005303,2023-12-13 16:00:00,Rebecca,Drama,Alfred Hitchcock,1940,130,12,8.00
PRO005304,2023-12-14 10:30:00,Aladdin,Animation,Ron Clements,1992,90,0,8.50
PRO005305,2023-12-14 13:00:00,Rope,Crime,Alfred Hitchcock,1948,80,12,8.50
PRO005306,2023-12-14 15:00:00,28 Days Later...,Drama,Danny Boyle,2002,113,12,8.00
PRO005307,2023-12-15 10:00:00,La dolce vita,Comedy,Federico Fellini,1960,174,12,7.50
PRO005308,2023-12-16 10:00:00,Hotaru no haka,Animation,Isao Takahata,1988,89,0,8.50
PRO005309,2023-12-16 12:30:00,La Strada,Drama,Federico Fellini,1954,108,12,7.50
PRO005310,2023-12-16 15:00:00,Dances with Wolves,Adventure,Kevin Costner,1990,181,0,8.00
PRO005311,2023-12-16 19:00:00,La règle du jeu,Comedy,Jean Renoir,1939,110,12,8.50
PRO005312,2023-12-17 10:30:00,Persona,Drama,Ingmar Bergman,1966,85,12,7.00
PRO005313,2023-12-17 12:30:00,Rope,Crime,Alfred Hitchcock,1948,80,12,7.00
PRO005314,2023-12-17 15:00:00,Almost Famous,Adventure,Cameron Crowe,2000,122,12,8.50
PRO005315,2023-12-18 10:00:00,The Usual Suspects,Crime,Bryan Singer,1995,106,12,6.50
PRO005316,2023-12-18 12:30:00,Andrei Rublev,Biography,Andrei Tarkovsky,1966,205,16,7.50
PRO005317,2023-12-19 10:30:00,Forrest Gump,Drama,Robert Zemeckis,1994,142,12,6.50
PRO005318,2023-12-19 13:30:00,Aladdin,Animation,Ron Clements,1992,90,0,8.50
PRO005319,2023-12-19 16:00:00,The Thing,Horror,John Carpenter,1982,109,12,7.50
PRO005320,2023-12-20 10:30:00,Dogville,Crime,Lars von Trier,2003,178,16,8.50
PRO005321,2023-12-20 14:30:00,Andrei Rublev,Biography,Andrei Tarkovsky,1966,205,16,6.50
PRO005322,2023-12-21 10:30:00,Full Metal Jacket,Drama,Stanley Kubrick,1987,116,12,8.50
PRO005323,2023-12-21 13:00:00,The Dirty Dozen,Action,Robert Aldrich,1967,150,12,7.50
PRO005324,2023-12-21 16:00:00,The Last of the Mohicans,Action,Michael Mann,1992,112,12,7.00
PRO005325,2023-12-22 10:00:00,La Strada,Drama,Federico Fellini,1954,108,12,8.50
PRO005326,2023-12-22 12:30:00,Andrei Rublev,Biography,Andrei Tarkovsky,1966,205,16,6.50
PRO005327,2023-12-22 17:00:00,The Gold Rush,Adventure,Charles Chaplin,1925,95,12,8.50
PRO005328,2023-12-23 10:00:00,Forrest Gump,Drama,Robert Zemeckis,1994,142,12,8.00
PRO005329,2023-12-23 13:00:00,Per qualche dollaro in più,Western,Sergio Leone,1965,132,0,7.00
PRO005330,2023-12-23 16:00:00,Almost Famous,Adventure,Cameron Crowe,2000,122,12,8.50
PRO005331,2023-12-23 19:00:00,Dogville,Crime,Lars von Trier,2003,178,16,9.00
PRO005332,2023-12-24 10:30:00,Per qualche dollaro in più,Western,Sergio Leone,1965,132,0,8.00
PRO005333,2023-12-24 13:30:00,La Strada,Drama,Federico Fellini,1954,108,12,8.50
PRO005334,2023-12-24 16:00:00,Per qualche dollaro in più,Western,Sergio Leone,1965,132,0,8.00
PRO005335,2023-12-24 19:00:00,Rebecca,Drama,Alfred Hitchcock,1940,130,12,9.00
PRO005336,2023-12-25 10:00:00,La dolce vita,Comedy,Federico Fellini,1960,174,12,8.00
PRO005337,2023-12-25 14:00:00,The Gold Rush,Adventure,Charles Chaplin,1925,95,12,8.00
PRO005338,2023-12-25 16:30:00,Munna Bhai M.B.B.S.,Comedy,Rajkumar Hirani,2003,156,0,8.50
PRO005339,2023-12-26 10:30:00,The Treasure of the Sierra Madre,Adventure,John Huston,1948,126,12,7.50
PRO005340,2023-12-27 10:00:00,The Gold Rush,Adventure,Charles Chaplin,1925,95,12,7.00
PRO005341,2023-12-28 10:00:00,Reservoir Dogs,Crime,Quentin Tarantino,1992,99,16,6.50
PRO005342,2023-12-29 10:00:00,La Strada,Drama,Federico Fellini,1954,108,12,6.50
PRO005343,2023-12-29 12:30:00,The Gold Rush,Adventure,Charles Chaplin,1925,95,12,7.50
PRO005344,2023-12-29 15:00:00,The Treasure of the Sierra Madre,Adventure,John Huston,1948,126,12,7.00
PRO005345,2023-12-30 10:00:00,Per qualche dollaro in più,Western,Sergio Leone,1965,132,0,6.50
PRO005346,2023-12-30 13:00:00,Rashômon,Crime,Akira Kurosawa,1950,88,12,8.00
PRO005347,2023-12-30 15:30:00,La dolce vita,Comedy,Federico Fellini,1960,174,12,6.50
PRO005348,2023-12-31 10:00:00,Singin' in the Rain,Comedy,Stanley Donen,1952,103,0,7.50
PRO005349,2023-12-31 12:30:00,The Deer Hunter,Drama,Michael Cimino,1978,183,12,6.50
PRO005350,2023-12-31 16:30:00,Munna Bhai M.B.B.S.,Comedy,Rajkumar Hirani,2003,156,0,8.50
PRO005351,2024-01-01 10:30:00,Amadeus,Biography,Milos Forman,1984,160,16,7.00
PRO005352,2024-01-02 10:00:00,Guess Who's Coming to Dinner,Comedy,Stanley Kramer,1967,108,12,8.50
PRO005353,2024-01-03 10:30:00,La dolce vita,Comedy,Federico Fellini,1960,174,12,8.50
PRO005354,2024-01-03 14:30:00,Hotaru no haka,Animation,Isao Takahata,1988,89,0,8.00
PRO005355,2024-01-03 17:00:00,The Dirty Dozen,Action,Robert Aldrich,1967,150,12,8.00
PRO005356,2024-01-04 10:00:00,Andrei Rublev,Biography,Andrei Tarkovsky,1966,205,16,7.00
PRO005357,2024-01-04 14:30:00,Aliens,Action,James Cameron,1986,137,0,6.50
PRO005358,2024-01-05 10:00:00,The Straight Story,Biography,David Lynch,1999,112,0,7.50
PRO005359,2024-01-06 10:00:00,The Deer Hunter,Drama,Michael Cimino,1978,183,12,8.50
PRO005360,2024-01-06 14:00:00,My Fair Lady,Drama,George Cukor,1964,170,0,6.50
PRO005361,2024-01-06 17:30:00,Reservoir Dogs,Crime,Quentin Tarantino,1992,99,16,7.00
PRO005362,2024-01-06 20:00:00,The Deer Hunter,Drama,Michael Cimino,1978,183,12,10.00
PRO005363,2024-01-07 10:00:00,La Strada,Drama,Federico Fellini,1954,108,12,6.50
PRO005364,2024-01-07 12:30:00,Reservoir Dogs,Crime,Quentin Tarantino,1992,99,16,8.50
PRO005365,2024-01-07 15:00:00,Dogville,Crime,Lars von Trier,2003,178,16,7.00
PRO005366,2024-01-08 10:30:00,Lost Highway,Mystery,David Lynch,1997,134,12,7.00
PRO005367,2024-01-08 13:30:00,Forrest Gump,Drama,Robert Zemeckis,1994,142,12,7.50
PRO005368,2024-01-08 16:30:00,La règle du jeu,Comedy,Jean Renoir,1939,110,12,8.50
PRO005369,2024-01-09 10:30:00,Singin' in the Rain,Comedy,Stanley Donen,1952,103,0,7.00
PRO005370,2024-01-10 10:30:00,Cat on a Hot Tin Roof,Drama,Richard Brooks,1958,108,12,6.50
PRO005371,2024-01-10 13:00:00,The Deer Hunter,Drama,Michael Cimino,1978,183,12,7.50
PRO005372,2024-01-11 10:30:00,Star Wars: Episode VI - Return of the Jedi,Action,Richard Marquand,1983,131,0,8.50
PRO005373,2024-01-12 10:30:00,Inherit the Wind,Biography,Stanley Kramer,1960,128,12,7.50
PRO005374,2024-01-12 13:30:00,A Man for All Seasons,Biography,Fred Zinnemann,1966,120,0,8.50
PRO005375,2024-01-12 16:30:00,Rashômon,Crime,Akira Kurosawa,1950,88,12,8.00
PRO005376,2024-01-13 10:00:00,Ace in the Hole,Drama,Billy Wilder,1951,111,12,6.50
PRO005377,2024-01-13 12:30:00,Reservoir Dogs,Crime,Quentin Tarantino,1992,99,16,7.00
PRO005378,2024-01-13 15:00:00,Reservoir Dogs,Crime,Quentin Tarantino,1992,99,16,7.00
PRO005379,2024-01-13 17:30:00,Reservoir Dogs,Crime,Quentin Tarantino,1992,99,16,8.50
PRO005380,2024-01-14 10:30:00,Dogville,Crime,Lars von Trier,2003,178,16,8.50
PRO005381,2024-01-14 14:30:00,Groundhog Day,Comedy,Harold Ramis,1993,101,0,7.50
PRO005382,2024-01-14 17:00:00,Batman: Mask of the Phantasm,Animation,Kevin Altieri,1993,76,6,8.00
PRO005383,2024-01-14 19:00:00,Singin' in the Rain,Comedy,Stanley Donen,1952,103,0,9.50
PRO005384,2024-01-15 10:30:00,Guess Who's Coming to Dinner,Comedy,Stanley Kramer,1967,108,12,6.50
PRO005385,2024-01-16 10:00:00,Training Day,Crime,Antoine Fuqua,2001,122,12,8.50
PRO005386,2024-01-16 13:00:00,Batman: Mask of the Phantasm,Animation,Kevin Altieri,1993,76,6,7.50
PRO005387,2024-01-17 10:30:00,Strangers on a Train,Crime,Alfred Hitchcock,1951,101,12,8.50
PRO005388,2024-01-17 13:00:00,Inherit the Wind,Biography,Stanley Kramer,1960,128,12,7.00
PRO005389,2024-01-17 16:00:00,The Straight Story,Biography,David Lynch,1999,112,0,6.50
PRO005390,2024-01-18 10:00:00,Full Metal Jacket,Drama,Stanley Kubrick,1987,116,12,8.00
PRO005391,2024-01-18 12:30:00,The Deer Hunter,Drama,Michael Cimino,1978,183,12,8.50
PRO005392,2024-01-18 16:30:00,A Man for All Seasons,Biography,Fred Zinnemann,1966,120,0,7.00
PRO005393,2024-01-19 10:00:00,La dolce vita,Comedy,Federico Fellini,1960,174,12,6.50
PRO005394,2024-01-19 14:00:00,Cat on a Hot Tin Roof,Drama,Richard Brooks,1958,108,12,7.50
PRO005395,2024-01-20 10:30:00,Star Wars: Episode VI - Return of the Jedi,Action,Richard Marquand,1983,131,0,8.50
PRO005396,2024-01-20 13:30:00,Finding Neverland,Biography,Marc Forster,2004,106,0,8.50
PRO005397,2024-01-20 16:00:00,Being There,Comedy,Hal Ashby,1979,130,6,8.00
PRO005398,2024-01-21 10:00:00,Zelig,Comedy,Woody Allen,1983,79,6,8.50
PRO005399,2024-01-21 12:00:00,The Last Picture Show,Drama,Peter Bogdanovich,1971,118,16,7.00
PRO005400,2024-01-21 15:00:00,Groundhog Day,Comedy,Harold Ramis,1993,101,0,6.50
PRO005401,2024-01-21 17:30:00,Harry Potter and the Prisoner of Azkaban,Adventure,Alfonso Cuarón,2004,142,0,7.50
PRO005402,2024-01-22 10:30:00,Groundhog Day,Comedy,Harold Ramis,1993,101,0,7.00
PRO005403,2024-01-23 10:00:00,Batman: Mask of the Phantasm,Animation,Kevin Altieri,1993,76,6,8.00
PRO005404,2024-01-23 12:00:00,The Deer Hunter,Drama,Michael Cimino,1978,183,12,7.50
PRO005405,2024-01-24 10:00:00,Where Eagles Dare,Action,Brian G. Hutton,1968,158,0,7.50
PRO005406,2024-01-25 10:00:00,Finding Neverland,Biography,Marc Forster,2004,106,0,6.50
PRO005407,2024-01-25 12:30:00,The Last Picture Show,Drama,Peter Bogdanovich,1971,118,16,7.00
PRO005408,2024-01-25 15:30:00,My Fair Lady,Drama,George Cukor,1964,170,0,8.50
PRO005409,2024-01-26 10:30:00,Double Indemnity,Crime,Billy Wilder,1944,107,12,8.00
PRO005410,2024-01-26 13:00:00,Full Metal Jacket,Drama,Stanley Kubrick,1987,116,12,6.50
PRO005411,2024-01-26 16:00:00,Ocean's Eleven,Crime,Steven Soderbergh,2001,116,12,8.50
PRO005412,2024-01-27 10:30:00,A Man for All Seasons,Biography,Fred Zinnemann,1966,120,0,6.50
PRO005413,2024-01-27 13:30:00,Awakenings,Biography,Penny Marshall,1990,121,0,8.50
PRO005414,2024-01-27 16:30:00,Jûbê ninpûchô,Animation,Yoshiaki Kawajiri,1993,94,12,8.00
PRO005415,2024-01-28 10:30:00,The Last Picture Show,Drama,Peter Bogdanovich,1971,118,16,7.00
PRO005416,2024-01-28 13:30:00,The Big Sleep,Crime,Howard Hawks,1946,114,12,6.50
PRO005417,2024-01-28 16:00:00,Do lok tin si,Comedy,Kar-Wai Wong,1995,99,12,7.50
PRO005418,2024-01-28 18:30:00,October Sky,Biography,Joe Johnston,1999,108,6,9.00
PRO005419,2024-01-29 10:00:00,Zelig,Comedy,Woody Allen,1983,79,6,7.00
PRO005420,2024-01-29 12:00:00,The Last Picture Show,Drama,Peter Bogdanovich,1971,118,16,8.00
PRO005421,2024-01-29 15:00:00,The Deer Hunter,Drama,Michael Cimino,1978,183,12,8.50
PRO005422,2024-01-30 10:30:00,The Innocents,Horror,Jack Clayton,1961,100,12,7.00
PRO005423,2024-01-31 10:00:00,Cool Hand Luke,Crime,Stuart Rosenberg,1967,127,12,7.00
PRO005424,2024-01-31 13:00:00,Where Eagles Dare,Action,Brian G. Hutton,1968,158,0,7.50
PRO005425,2024-02-01 10:30:00,A Man for All Seasons,Biography,Fred Zinnemann,1966,120,0,7.50
PRO005426,2024-02-01 13:00:00,Inherit the Wind,Biography,Stanley Kramer,1960,128,12,6.50
PRO005427,2024-02-01 16:00:00,October Sky,Biography,Joe Johnston,1999,108,6,7.00
PRO005428,2024-02-02 10:30:00,Rear Window,Mystery,Alfred Hitchcock,1954,112,0,8.50
PRO005429,2024-02-02 13:30:00,The Man Who Would Be King,Adventure,John Huston,1975,129,6,8.50
PRO005430,2024-02-02 16:30:00,The Innocents,Horror,Jack Clayton,1961,100,12,7.50
PRO005431,2024-02-03 10:00:00,Inherit the Wind,Biography,Stanley Kramer,1960,128,12,8.00
PRO005432,2024-02-03 13:00:00,The Man Who Would Be King,Adventure,John Huston,1975,129,6,7.50
PRO005433,2024-02-03 16:00:00,Rushmore,Comedy,Wes Anderson,1998,93,12,7.50
PRO005434,2024-02-03 18:30:00,Double Indemnity,Crime,Billy Wilder,1944,107,12,9.00
PRO005435,2024-02-04 10:30:00,Groundhog Day,Comedy,Harold Ramis,1993,101,0,7.50
PRO005436,2024-02-04 13:00:00,October Sky,Biography,Joe Johnston,1999,108,6,6.50
PRO005437,2024-02-04 15:30:00,Apocalypse Now,Drama,Francis Ford Coppola,1979,147,16,8.50
PRO005438,2024-02-04 19:00:00,The Fifth Element,Action,Luc Besson,1997,126,12,9.50
PRO005439,2024-02-05 10:30:00,Jûbê ninpûchô,Animation,Yoshiaki Kawajiri,1993,94,12,7.00
PRO005440,2024-02-05 13:00:00,Do lok tin si,Comedy,Kar-Wai Wong,1995,99,12,8.50
PRO005441,2024-02-05 15:30:00,Batman: Mask of the Phantasm,Animation,Kevin Altieri,1993,76,6,6.50
PRO005442,2024-02-06 10:30:00,Awakenings,Biography,Penny Marshall,1990,121,0,7.50
PRO005443,2024-02-06 13:30:00,The Hustler,Drama,Robert Rossen,1961,134,12,8.50
PRO005444,2024-02-06 16:30:00,The Innocents,Horror,Jack Clayton,1961,100,12,8.50
PRO005445,2024-02-07 10:00:00,Groundhog Day,Comedy,Harold Ramis,1993,101,0,7.00
PRO005446,2024-02-07 12:30:00,Being There,Comedy,Hal Ashby,1979,130,6,6.50
PRO005447,2024-02-07 15:30:00,Zelig,Comedy,Woody Allen,1983,79,6,7.00
PRO005448,2024-02-08 10:30:00,The Big Sleep,Crime,Howard Hawks,1946,114,12,7.50
PRO005449,2024-02-08 13:30:00,Being There,Comedy,Hal Ashby,1979,130,6,7.00
PRO005450,2024-02-09 10:00:00,The Terminator,Action,James Cameron,1984,107,12,6.50
PRO005451,2024-02-09 12:30:00,The Innocents,Horror,Jack Clayton,1961,100,12,8.50
PRO005452,2024-02-10 10:30:00,The Man Who Would Be King,Adventure,John Huston,1975,129,6,8.00
PRO005453,2024-02-10 13:30:00,Le dîner de cons,Comedy,Francis Veber,1998,80,12,7.50
PRO005454,2024-02-10 16:00:00,Batoru rowaiaru,Action,Kinji Fukasaku,2000,114,12,8.50
PRO005455,2024-02-11 10:30:00,Per qualche dollaro in più,Western,Sergio Leone,1965,132,0,8.00
PRO005456,2024-02-11 13:30:00,The Man Who Would Be King,Adventure,John Huston,1975,129,6,7.50
PRO005457,2024-02-11 16:30:00,Per qualche dollaro in più,Western,Sergio Leone,1965,132,0,8.00
PRO005458,2024-02-12 10:00:00,Cool Hand Luke,Crime,Stuart Rosenberg,1967,127,12,8.50
PRO005459,2024-02-12 13:00:00,Gone with the Wind,Drama,Victor Fleming,1939,238,0,8.00
PRO005460,2024-02-12 18:00:00,Nueve reinas,Crime,Fabián Bielinsky,2000,114,16,9.00
PRO005461,2024-02-13 10:30:00,Gone with the Wind,Drama,Victor Fleming,1939,238,0,8.50
PRO005462,2024-02-14 10:00:00,Apocalypse Now,Drama,Francis Ford Coppola,1979,147,16,7.50
PRO005463,2024-02-14 13:00:00,October Sky,Biography,Joe Johnston,1999,108,6,8.50
PRO005464,2024-02-15 10:00:00,"South Park: Bigger, Longer & Uncut",Animation,Trey Parker,1999,81,12,6.50
PRO005465,2024-02-16 10:00:00,The Bourne Supremacy,Action,Paul Greengrass,2004,108,12,7.50
PRO005466,2024-02-16 12:30:00,Charade,Comedy,Stanley Donen,1963,113,0,6.50
PRO005467,2024-02-17 10:00:00,October Sky,Biography,Joe Johnston,1999,108,6,8.50
PRO005468,2024-02-17 12:30:00,Les diaboliques,Crime,Henri-Georges Clouzot,1955,117,12,8.50
PRO005469,2024-02-17 15:30:00,Evil Dead II,Action,Sam Raimi,1987,84,12,8.50
PRO005470,2024-02-18 10:00:00,Patton,Biography,Franklin J. Schaffner,1970,172,0,6.50
PRO005471,2024-02-18 13:30:00,Dazed and Confused,Comedy,Richard Linklater,1993,102,0,8.50
PRO005472,2024-02-18 16:00:00,The Fifth Element,Action,Luc Besson,1997,126,12,8.00
PRO005473,2024-02-19 10:00:00,Patton,Biography,Franklin J. Schaffner,1970,172,0,8.50
PRO005474,2024-02-19 13:30:00,Per qualche dollaro in più,Western,Sergio Leone,1965,132,0,6.50
PRO005475,2024-02-19 16:30:00,The Terminator,Action,James Cameron,1984,107,12,8.00
PRO005476,2024-02-20 10:00:00,Zelig,Comedy,Woody Allen,1983,79,6,7.50
PRO005477,2024-02-20 12:00:00,Le dîner de cons,Comedy,Francis Veber,1998,80,12,8.50
PRO005478,2024-02-21 10:30:00,Patton,Biography,Franklin J. Schaffner,1970,172,0,6.50
PRO005479,2024-02-21 14:00:00,The Last Picture Show,Drama,Peter Bogdanovich,1971,118,16,7.50
PRO005480,2024-02-22 10:00:00,Serpico,Biography,Sidney Lumet,1973,130,12,7.50
PRO005481,2024-02-22 13:00:00,The Fifth Element,Action,Luc Besson,1997,126,12,8.50
PRO005482,2024-02-22 16:00:00,Nueve reinas,Crime,Fabián Bielinsky,2000,114,16,6.50
PRO005483,2024-02-23 10:30:00,Charade,Comedy,Stanley Donen,1963,113,0,8.00
PRO005484,2024-02-24 10:00:00,October Sky,Biography,Joe Johnston,1999,108,6,8.50
PRO005485,2024-02-24 12:30:00,Per qualche dollaro in più,Western,Sergio Leone,1965,132,0,8.00
PRO005486,2024-02-24 15:30:00,White Heat,Action,Raoul Walsh,1949,114,12,6.50
PRO005487,2024-02-24 18:30:00,Do lok tin si,Comedy,Kar-Wai Wong,1995,99,12,9.50
PRO005488,2024-02-25 10:00:00,The Terminator,Action,James Cameron,1984,107,12,8.50
PRO005489,2024-02-25 12:30:00,Mulholland Dr.,Drama,David Lynch,2001,147,16,7.00
PRO005490,2024-02-25 16:00:00,The Terminator,Action,James Cameron,1984,107,12,7.00
PRO005491,2024-02-25 19:00:00,The Others,Horror,Alejandro Amenábar,2001,101,12,9.00
PRO005492,2024-02-26 10:00:00,Rear Window,Mystery,Alfred Hitchcock,1954,112,0,8.50
PRO005493,2024-02-26 13:00:00,Where Eagles Dare,Action,Brian G. Hutton,1968,158,0,7.50
PRO005494,2024-02-26 16:30:00,Rear Window,Mystery,Alfred Hitchcock,1954,112,0,6.50
PRO005495,2024-02-27 10:30:00,Serpico,Biography,Sidney Lumet,1973,130,12,8.00
PRO005496,2024-02-28 10:00:00,The Others,Horror,Alejandro Amenábar,2001,101,12,6.50
PRO005497,2024-02-28 12:30:00,The Godfather: Part III,Crime,Francis Ford Coppola,1990,162,12,8.00
PRO005498,2024-02-28 16:00:00,The Others,Horror,Alejandro Amenábar,2001,101,12,7.00
PRO005499,2024-02-29 10:00:00,White Heat,Action,Raoul Walsh,1949,114,12,8.50
PRO005500,2024-03-01 10:00:00,Nueve reinas,Crime,Fabián Bielinsky,2000,114,16,7.50
PRO005501,2024-03-01 13:00:00,Rushmore,Comedy,Wes Anderson,1998,93,12,8.00
PRO005502,2024-03-01 15:30:00,Les diaboliques,Crime,Henri-Georges Clouzot,1955,117,12,8.50
PRO005503,2024-03-02 10:00:00,Judgment at Nuremberg,Drama,Stanley Kramer,1961,179,12,8.00
PRO005504,2024-03-02 14:00:00,White Heat,Action,Raoul Walsh,1949,114,12,7.50
PRO005505,2024-03-02 16:30:00,Serpico,Biography,Sidney Lumet,1973,130,12,7.00
PRO005506,2024-03-02 19:30:00,Evil Dead II,Action,Sam Raimi,1987,84,12,9.00
PRO005507,2024-03-03 10:00:00,White Heat,Action,Raoul Walsh,1949,114,12,7.50
PRO005508,2024-03-03 13:00:00,Patton,Biography,Franklin J. Schaffner,1970,172,0,6.50
PRO005509,2024-03-03 16:30:00,Gone with the Wind,Drama,Victor Fleming,1939,238,0,8.50
PRO005510,2024-03-04 10:00:00,Les diaboliques,Crime,Henri-Georges Clouzot,1955,117,12,8.00
PRO005511,2024-03-05 10:00:00,The Others,Horror,Alejandro Amenábar,2001,101,12,8.00
PRO005512,2024-03-05 12:30:00,The Others,Horror,Alejandro Amenábar,2001,101,12,7.00
PRO005513,2024-03-05 15:00:00,Dazed and Confused,Comedy,Richard Linklater,1993,102,0,6.50
PRO005514,2024-03-06 10:00:00,Evil Dead II,Action,Sam Raimi,1987,84,12,8.50
PRO005515,2024-03-06 12:30:00,Lifeboat,Drama,Alfred Hitchcock,1944,97,12,6.50
PRO005516,2024-03-06 15:00:00,Le charme discret de la bourgeoisie,Comedy,Luis Buñuel,1972,102,6,7.00
PRO005517,2024-03-07 10:30:00,The Bourne Supremacy,Action,Paul Greengrass,2004,108,12,7.50
PRO005518,2024-03-07 13:00:00,The Remains of the Day,Drama,James Ivory,1993,134,0,7.50
PRO005519,2024-03-07 16:00:00,The Exorcist,Horror,William Friedkin,1973,122,12,7.00
PRO005520,2024-03-08 10:00:00,The General,Action,Clyde Bruckman,1926,67,12,6.50
PRO005521,2024-03-09 10:00:00,October Sky,Biography,Joe Johnston,1999,108,6,8.50
PRO005522,2024-03-09 13:00:00,The Lost Weekend,Drama,Billy Wilder,1945,101,12,8.00
PRO005523,2024-03-09 15:30:00,Lifeboat,Drama,Alfred Hitchcock,1944,97,12,8.00
PRO005524,2024-03-10 10:00:00,The Odd Couple,Comedy,Gene Saks,1968,105,0,6.50
PRO005525,2024-03-10 12:30:00,Pâfekuto burû,Animation,Satoshi Kon,1997,81,12,7.50
PRO005526,2024-03-10 14:30:00,Dead Man's Shoes,Crime,Shane Meadows,2004,90,12,7.00
PRO005527,2024-03-10 17:00:00,The Terminator,Action,James Cameron,1984,107,12,8.00
PRO005528,2024-03-11 10:30:00,Kill Bill: Vol. 1,Action,Quentin Tarantino,2003,111,16,6.50
PRO005529,2024-03-11 13:00:00,Dead Man's Shoes,Crime,Shane Meadows,2004,90,12,8.00
PRO005530,2024-03-12 10:30:00,October Sky,Biography,Joe Johnston,1999,108,6,7.00
PRO005531,2024-03-12 13:00:00,Vertigo,Mystery,Alfred Hitchcock,1958,128,12,6.50
PRO005532,2024-03-12 16:00:00,The Odd Couple,Comedy,Gene Saks,1968,105,0,7.00
PRO005533,2024-03-13 10:30:00,Training Day,Crime,Antoine Fuqua,2001,122,12,6.50
PRO005534,2024-03-13 13:30:00,The Bourne Supremacy,Action,Paul Greengrass,2004,108,12,8.00
PRO005535,2024-03-13 16:00:00,The Godfather: Part III,Crime,Francis Ford Coppola,1990,162,12,6.50
PRO005536,2024-03-14 10:00:00,Serpico,Biography,Sidney Lumet,1973,130,12,6.50
PRO005537,2024-03-14 13:00:00,White Heat,Action,Raoul Walsh,1949,114,12,7.00
PRO005538,2024-03-14 16:00:00,Patton,Biography,Franklin J. Schaffner,1970,172,0,7.00
PRO005539,2024-03-15 10:00:00,The Bridges of Madison County,Drama,Clint Eastwood,1995,135,12,7.00
PRO005540,2024-03-15 13:00:00,The Odd Couple,Comedy,Gene Saks,1968,105,0,6.50
PRO005541,2024-03-15 15:30:00,Ocean's Eleven,Crime,Steven Soderbergh,2001,116,12,7.00
PRO005542,2024-03-16 10:00:00,The Godfather: Part III,Crime,Francis Ford Coppola,1990,162,12,7.50
PRO005543,2024-03-16 13:30:00,Dazed and Confused,Comedy,Richard Linklater,1993,102,0,8.00
PRO005544,2024-03-16 16:00:00,Kill Bill: Vol. 1,Action,Quentin Tarantino,2003,111,16,8.50
PRO005545,2024-03-16 18:30:00,The Bridges of Madison County,Drama,Clint Eastwood,1995,135,12,9.50
PRO005546,2024-03-17 10:00:00,Philadelphia,Drama,Jonathan Demme,1993,125,12,7.50
PRO005547,2024-03-17 13:00:00,Patton,Biography,Franklin J. Schaffner,1970,172,0,6.50
PRO005548,2024-03-17 16:30:00,The Terminator,Action,James Cameron,1984,107,12,8.00
PRO005549,2024-03-17 19:00:00,My Cousin Vinny,Comedy,Jonathan Lynn,1992,120,12,8.50
PRO005550,2024-03-18 10:00:00,Kill Bill: Vol. 1,Action,Quentin Tarantino,2003,111,16,8.50
PRO005551,2024-03-18 13:00:00,The Thin Man,Comedy,W.S. Van Dyke,1934,91,12,8.50
PRO005552,2024-03-19 10:00:00,The Lost Weekend,Drama,Billy Wilder,1945,101,12,7.00
PRO005553,2024-03-19 12:30:00,The General,Action,Clyde Bruckman,1926,67,12,7.50
PRO005554,2024-03-19 14:30:00,Le charme discret de la bourgeoisie,Comedy,Luis Buñuel,1972,102,6,7.50
PRO005555,2024-03-20 10:00:00,Ivanovo detstvo,Drama,Andrei Tarkovsky,1962,95,12,7.00
PRO005556,2024-03-20 12:30:00,The Thin Man,Comedy,W.S. Van Dyke,1934,91,12,8.00
PRO005557,2024-03-20 15:00:00,Charade,Comedy,Stanley Donen,1963,113,0,7.00
PRO005558,2024-03-21 10:00:00,Ivanovo detstvo,Drama,Andrei Tarkovsky,1962,95,12,8.00
PRO005559,2024-03-21 12:30:00,The Bridges of Madison County,Drama,Clint Eastwood,1995,135,12,8.00
PRO005560,2024-03-21 15:30:00,The Silence of the Lambs,Crime,Jonathan Demme,1991,118,12,8.00
PRO005561,2024-03-22 10:00:00,Judgment at Nuremberg,Drama,Stanley Kramer,1961,179,12,6.50
PRO005562,2024-03-22 14:00:00,Le charme discret de la bourgeoisie,Comedy,Luis Buñuel,1972,102,6,6.50
PRO005563,2024-03-23 10:30:00,Training Day,Crime,Antoine Fuqua,2001,122,12,7.00
PRO005564,2024-03-23 13:30:00,Philadelphia,Drama,Jonathan Demme,1993,125,12,6.50
PRO005565,2024-03-23 16:30:00,The Silence of the Lambs,Crime,Jonathan Demme,1991,118,12,8.50
PRO005566,2024-03-24 10:00:00,Adaptation.,Comedy,Spike Jonze,2002,115,16,7.00
PRO005567,2024-03-24 12:30:00,Philadelphia,Drama,Jonathan Demme,1993,125,12,7.00
PRO005568,2024-03-24 15:30:00,Waking Life,Animation,Richard Linklater,2001,99,16,7.00
PRO005569,2024-03-25 10:00:00,Les diaboliques,Crime,Henri-Georges Clouzot,1955,117,12,8.00
PRO005570,2024-03-25 13:00:00,Sense and Sensibility,Drama,Ang Lee,1995,136,0,7.50
PRO005571,2024-03-25 16:00:00,Bride of Frankenstein,Drama,James Whale,1935,75,12,8.50
PRO005572,2024-03-26 10:00:00,Delicatessen,Comedy,Marc Caro,1991,99,16,8.50
PRO005573,2024-03-27 10:00:00,Back to the Future Part II,Adventure,Robert Zemeckis,1989,108,0,7.00
PRO005574,2024-03-27 12:30:00,The Remains of the Day,Drama,James Ivory,1993,134,0,7.00
PRO005575,2024-03-28 10:00:00,Pâfekuto burû,Animation,Satoshi Kon,1997,81,12,7.00
PRO005576,2024-03-28 12:30:00,Pâfekuto burû,Animation,Satoshi Kon,1997,81,12,8.00
PRO005577,2024-03-28 14:30:00,The Terminator,Action,James Cameron,1984,107,12,8.00
PRO005578,2024-03-29 10:00:00,The Silence of the Lambs,Crime,Jonathan Demme,1991,118,12,8.50
PRO005579,2024-03-30 10:00:00,The Butterfly Effect,Drama,Eric Bress,2004,113,0,8.50
PRO005580,2024-03-30 12:30:00,Mulholland Dr.,Drama,David Lynch,2001,147,16,8.00
PRO005581,2024-03-30 16:00:00,Les diaboliques,Crime,Henri-Georges Clouzot,1955,117,12,8.50
PRO005582,2024-03-30 19:00:00,The Thin Man,Comedy,W.S. Van Dyke,1934,91,12,10.00
PRO005583,2024-03-31 10:30:00,Edward Scissorhands,Drama,Tim Burton,1990,105,0,7.50
PRO005584,2024-03-31 13:00:00,Edward Scissorhands,Drama,Tim Burton,1990,105,0,8.00
PRO005585,2024-03-31 15:30:00,My Cousin Vinny,Comedy,Jonathan Lynn,1992,120,12,8.00
PRO005586,2024-03-31 18:30:00,Vertigo,Mystery,Alfred Hitchcock,1958,128,12,10.00
PRO005587,2024-04-01 10:30:00,Rain Man,Drama,Barry Levinson,1988,133,0,7.50
PRO005588,2024-04-01 13:30:00,The General,Action,Clyde Bruckman,1926,67,12,7.00
PRO005589,2024-04-01 15:30:00,Le charme discret de la bourgeoisie,Comedy,Luis Buñuel,1972,102,6,6.50
PRO005590,2024-04-02 10:30:00,Sense and Sensibility,Drama,Ang Lee,1995,136,0,7.50
PRO005591,2024-04-02 13:30:00,Miller's Crossing,Crime,Joel Coen,1990,115,16,7.50
PRO005592,2024-04-03 10:00:00,Jurassic Park,Action,Steven Spielberg,1993,127,12,8.50
PRO005593,2024-04-04 10:30:00,Vertigo,Mystery,Alfred Hitchcock,1958,128,12,7.00
PRO005594,2024-04-05 10:00:00,Bride of Frankenstein,Drama,James Whale,1935,75,12,6.50
PRO005595,2024-04-05 12:00:00,Sense and Sensibility,Drama,Ang Lee,1995,136,0,6.50
PRO005596,2024-04-05 15:00:00,Rain Man,Drama,Barry Levinson,1988,133,0,7.50
PRO005597,2024-04-06 10:00:00,Rain Man,Drama,Barry Levinson,1988,133,0,7.50
PRO005598,2024-04-06 13:00:00,The Butterfly Effect,Drama,Eric Bress,2004,113,0,7.00
PRO005599,2024-04-06 16:00:00,The Silence of the Lambs,Crime,Jonathan Demme,1991,118,12,7.50
PRO005600,2024-04-06 19:00:00,Miller's Crossing,Crime,Joel Coen,1990,115,16,8.50
PRO005601,2024-04-07 10:00:00,The Lady Vanishes,Mystery,Alfred Hitchcock,1938,96,12,7.00
PRO005602,2024-04-07 12:30:00,The Godfather: Part III,Crime,Francis Ford Coppola,1990,162,12,8.00
PRO005603,2024-04-07 16:00:00,A Night at the Opera,Comedy,Sam Wood,1935,96,12,8.50
PRO005604,2024-04-08 10:30:00,Sense and Sensibility,Drama,Ang Lee,1995,136,0,7.00
PRO005605,2024-04-08 13:30:00,Rain Man,Drama,Barry Levinson,1988,133,0,6.50
PRO005606,2024-04-09 10:30:00,The Conversation,Drama,Francis Ford Coppola,1974,113,0,8.00
PRO005607,2024-04-09 13:30:00,The Exorcist,Horror,William Friedkin,1973,122,12,8.50
PRO005608,2024-04-09 16:30:00,Edward Scissorhands,Drama,Tim Burton,1990,105,0,8.50
PRO005609,2024-04-10 10:30:00,The Silence of the Lambs,Crime,Jonathan Demme,1991,118,12,6.50
PRO005610,2024-04-11 10:30:00,Sense and Sensibility,Drama,Ang Lee,1995,136,0,6.50
PRO005611,2024-04-12 10:30:00,Kramer vs. Kramer,Drama,Robert Benton,1979,105,12,7.00
PRO005612,2024-04-12 13:00:00,The Conversation,Drama,Francis Ford Coppola,1974,113,0,7.00
PRO005613,2024-04-13 10:00:00,The Butterfly Effect,Drama,Eric Bress,2004,113,0,7.50
PRO005614,2024-04-13 13:00:00,The Silence of the Lambs,Crime,Jonathan Demme,1991,118,12,8.00
PRO005615,2024-04-13 16:00:00,Sense and Sensibility,Drama,Ang Lee,1995,136,0,6.50
PRO005616,2024-04-13 19:00:00,Tenkû no shiro Rapyuta,Animation,Hayao Miyazaki,1986,125,0,9.00
PRO005617,2024-04-14 10:30:00,The Remains of the Day,Drama,James Ivory,1993,134,0,7.00
PRO005618,2024-04-14 13:30:00,Delicatessen,Comedy,Marc Caro,1991,99,16,6.50
PRO005619,2024-04-14 16:00:00,Ivanovo detstvo,Drama,Andrei Tarkovsky,1962,95,12,8.00
PRO005620,2024-04-14 18:30:00,Rain Man,Drama,Barry Levinson,1988,133,0,9.00
PRO005621,2024-04-15 10:00:00,Kramer vs. Kramer,Drama,Robert Benton,1979,105,12,7.00
PRO005622,2024-04-15 12:30:00,The Conversation,Drama,Francis Ford Coppola,1974,113,0,8.50
PRO005623,2024-04-15 15:00:00,Patton,Biography,Franklin J. Schaffner,1970,172,0,6.50
PRO005624,2024-04-16 10:30:00,The Remains of the Day,Drama,James Ivory,1993,134,0,6.50
PRO005625,2024-04-16 13:30:00,Kramer vs. Kramer,Drama,Robert Benton,1979,105,12,6.50
PRO005626,2024-04-16 16:00:00,Back to the Future Part II,Adventure,Robert Zemeckis,1989,108,0,7.00
PRO005627,2024-04-17 10:30:00,Miller's Crossing,Crime,Joel Coen,1990,115,16,7.00
PRO005628,2024-04-17 13:30:00,Tenkû no shiro Rapyuta,Animation,Hayao Miyazaki,1986,125,0,8.00
PRO005629,2024-04-18 10:30:00,The Lady Vanishes,Mystery,Alfred Hitchcock,1938,96,12,8.00
PRO005630,2024-04-19 10:00:00,Kramer vs. Kramer,Drama,Robert Benton,1979,105,12,6.50
PRO005631,2024-04-19 12:30:00,Jurassic Park,Action,Steven Spielberg,1993,127,12,8.50
PRO005632,2024-04-19 15:30:00,Kramer vs. Kramer,Drama,Robert Benton,1979,105,12,7.50
PRO005633,2024-04-20 10:00:00,Lifeboat,Drama,Alfred Hitchcock,1944,97,12,8.50
PRO005634,2024-04-20 12:30:00,City Lights,Comedy,Charles Chaplin,1931,87,0,8.50
PRO005635,2024-04-20 14:30:00,The Exorcist,Horror,William Friedkin,1973,122,12,8.50
PRO005636,2024-04-20 17:30:00,A Night at the Opera,Comedy,Sam Wood,1935,96,12,6.50
PRO005637,2024-04-21 10:30:00,The Silence of the Lambs,Crime,Jonathan Demme,1991,118,12,7.00
PRO005638,2024-04-21 13:30:00,Delicatessen,Comedy,Marc Caro,1991,99,16,7.50
PRO005639,2024-04-21 16:00:00,The Conversation,Drama,Francis Ford Coppola,1974,113,0,6.50
PRO005640,2024-04-21 19:00:00,Stagecoach,Adventure,John Ford,1939,96,12,9.00
PRO005641,2024-04-22 10:30:00,The Exorcist,Horror,William Friedkin,1973,122,12,8.50
PRO005642,2024-04-22 13:30:00,Edward Scissorhands,Drama,Tim Burton,1990,105,0,8.00
PRO005643,2024-04-22 16:00:00,The Man Who Shot Liberty Valance,Drama,John Ford,1962,123,12,8.00
PRO005644,2024-04-23 10:30:00,The Lion in Winter,Biography,Anthony Harvey,1968,134,6,7.50
PRO005645,2024-04-23 13:30:00,Lifeboat,Drama,Alfred Hitchcock,1944,97,12,8.00
PRO005646,2024-04-24 10:30:00,Patton,Biography,Franklin J. Schaffner,1970,172,0,6.50
PRO005647,2024-04-24 14:00:00,Miracle on 34th Street,Comedy,George Seaton,1947,96,12,7.50
PRO005648,2024-04-24 16:30:00,The Man Who Shot Liberty Valance,Drama,John Ford,1962,123,12,8.00
PRO005649,2024-04-25 10:30:00,Majo no takkyûbin,Animation,Hayao Miyazaki,1989,103,0,7.50
PRO005650,2024-04-25 13:00:00,The Silence of the Lambs,Crime,Jonathan Demme,1991,118,12,6.50
PRO005651,2024-04-26 10:00:00,Kôkaku Kidôtai,Animation,Mamoru Oshii,1995,83,12,7.00
PRO005652,2024-04-27 10:30:00,Majo no takkyûbin,Animation,Hayao Miyazaki,1989,103,0,8.50
PRO005653,2024-04-27 13:00:00,Kôkaku Kidôtai,Animation,Mamoru Oshii,1995,83,12,7.00
PRO005654,2024-04-27 15:00:00,Delicatessen,Comedy,Marc Caro,1991,99,16,7.50
PRO005655,2024-04-28 10:30:00,The Man Who Shot Liberty Valance,Drama,John Ford,1962,123,12,7.50
PRO005656,2024-04-28 13:30:00,Nueve reinas,Crime,Fabián Bielinsky,2000,114,16,8.50
PRO005657,2024-04-28 16:30:00,Young Frankenstein,Comedy,Mel Brooks,1974,106,12,8.50
PRO005658,2024-04-28 19:00:00,Fiddler on the Roof,Drama,Norman Jewison,1971,181,0,9.50
PRO005659,2024-04-29 10:00:00,The Muppet Movie,Adventure,James Frawley,1979,95,0,8.50
PRO005660,2024-04-30 10:00:00,Bride of Frankenstein,Drama,James Whale,1935,75,12,6.50
PRO005661,2024-04-30 12:00:00,Lawrence of Arabia,Adventure,David Lean,1962,228,0,6.50
PRO005662,2024-05-01 10:00:00,Miracle on 34th Street,Comedy,George Seaton,1947,96,12,8.00
PRO005663,2024-05-01 12:30:00,Kôkaku Kidôtai,Animation,Mamoru Oshii,1995,83,12,7.50
PRO005664,2024-05-02 10:00:00,Naked,Comedy,Mike Leigh,1993,132,12,8.00
PRO005665,2024-05-03 10:00:00,Y tu mamá también,Drama,Alfonso Cuarón,2001,106,12,8.00
PRO005666,2024-05-03 12:30:00,Lifeboat,Drama,Alfred Hitchcock,1944,97,12,8.00
PRO005667,2024-05-04 10:00:00,The Great Dictator,Comedy,Charles Chaplin,1940,125,12,8.50
PRO005668,2024-05-04 13:00:00,City Lights,Comedy,Charles Chaplin,1931,87,0,8.50
PRO005669,2024-05-04 15:00:00,Majo no takkyûbin,Animation,Hayao Miyazaki,1989,103,0,8.00
PRO005670,2024-05-04 17:30:00,Tenkû no shiro Rapyuta,Animation,Hayao Miyazaki,1986,125,0,8.50
PRO005671,2024-05-05 10:00:00,Bride of Frankenstein,Drama,James Whale,1935,75,12,7.00
PRO005672,2024-05-05 12:00:00,Bride of Frankenstein,Drama,James Whale,1935,75,12,7.50
PRO005673,2024-05-05 14:00:00,Majo no takkyûbin,Animation,Hayao Miyazaki,1989,103,0,8.50
PRO005674,2024-05-06 10:00:00,Kôkaku Kidôtai,Animation,Mamoru Oshii,1995,83,12,6.50
PRO005675,2024-05-07 10:00:00,Fiddler on the Roof,Drama,Norman Jewison,1971,181,0,7.00
PRO005676,2024-05-08 10:30:00,Forrest Gump,Drama,Robert Zemeckis,1994,142,12,7.50
PRO005677,2024-05-08 13:30:00,The Exorcist,Horror,William Friedkin,1973,122,12,7.00
PRO005678,2024-05-08 16:30:00,Bride of Frankenstein,Drama,James Whale,1935,75,12,6.50
PRO005679,2024-05-09 10:30:00,On the Waterfront,Crime,Elia Kazan,1954,108,12,7.50
PRO005680,2024-05-09 13:00:00,On the Waterfront,Crime,Elia Kazan,1954,108,12,6.50
PRO005681,2024-05-09 15:30:00,Nueve reinas,Crime,Fabián Bielinsky,2000,114,16,8.00
PRO005682,2024-05-10 10:30:00,Majo no takkyûbin,Animation,Hayao Miyazaki,1989,103,0,7.50
PRO005683,2024-05-10 13:00:00,The Lady Vanishes,Mystery,Alfred Hitchcock,1938,96,12,7.50
PRO005684,2024-05-10 15:30:00,Young Frankenstein,Comedy,Mel Brooks,1974,106,12,8.00
PRO005685,2024-05-11 10:00:00,Kramer vs. Kramer,Drama,Robert Benton,1979,105,12,7.00
PRO005686,2024-05-11 12:30:00,Delicatessen,Comedy,Marc Caro,1991,99,16,7.00
PRO005687,2024-05-11 15:00:00,Young Frankenstein,Comedy,Mel Brooks,1974,106,12,7.00
PRO005688,2024-05-12 10:00:00,Edward Scissorhands,Drama,Tim Burton,1990,105,0,7.50
PRO005689,2024-05-12 12:30:00,Tenkû no shiro Rapyuta,Animation,Hayao Miyazaki,1986,125,0,8.50
PRO005690,2024-05-12 15:30:00,Jurassic Park,Action,Steven Spielberg,1993,127,12,7.00
PRO005691,2024-05-12 18:30:00,A Christmas Story,Comedy,Bob Clark,1983,93,0,9.50
PRO005692,2024-05-13 10:30:00,A Christmas Story,Comedy,Bob Clark,1983,93,0,8.50
PRO005693,2024-05-13 13:00:00,A Christmas Story,Comedy,Bob Clark,1983,93,0,8.00
PRO005694,2024-05-13 15:30:00,All the President's Men,Biography,Alan J. Pakula,1976,138,0,8.00
PRO005695,2024-05-14 10:00:00,Bride of Frankenstein,Drama,James Whale,1935,75,12,8.50
PRO005696,2024-05-14 12:00:00,Naked,Comedy,Mike Leigh,1993,132,12,7.50
PRO005697,2024-05-15 10:30:00,Naked,Comedy,Mike Leigh,1993,132,12,8.50
PRO005698,2024-05-15 13:30:00,A Christmas Story,Comedy,Bob Clark,1983,93,0,8.50
PRO005699,2024-05-15 16:00:00,Forrest Gump,Drama,Robert Zemeckis,1994,142,12,8.50
PRO005700,2024-05-16 10:00:00,The Taking of Pelham One Two Three,Action,Joseph Sargent,1974,104,0,8.00
PRO005701,2024-05-16 12:30:00,The Lord of the Rings: The Return of the King,Action,Peter Jackson,2003,201,0,8.00
PRO005702,2024-05-16 17:00:00,Forrest Gump,Drama,Robert Zemeckis,1994,142,12,8.00
PRO005703,2024-05-17 10:30:00,The Lord of the Rings: The Return of the King,Action,Peter Jackson,2003,201,0,8.50
PRO005704,2024-05-18 10:30:00,Belle de jour,Drama,Luis Buñuel,1967,100,12,7.00
PRO005705,2024-05-18 13:00:00,Kramer vs. Kramer,Drama,Robert Benton,1979,105,12,7.00
PRO005706,2024-05-18 15:30:00,The Taking of Pelham One Two Three,Action,Joseph Sargent,1974,104,0,7.00
PRO005707,2024-05-18 18:00:00,The Lord of the Rings: The Return of the King,Action,Peter Jackson,2003,201,0,9.00
PRO005708,2024-05-19 10:30:00,The Lion in Winter,Biography,Anthony Harvey,1968,134,6,8.00
PRO005709,2024-05-19 13:30:00,Touch of Evil,Crime,Orson Welles,1958,95,12,8.50
PRO005710,2024-05-19 16:00:00,Naked,Comedy,Mike Leigh,1993,132,12,7.00
PRO005711,2024-05-19 19:00:00,Finding Nemo,Animation,Andrew Stanton,2003,100,0,9.00
PRO005712,2024-05-20 10:30:00,Touch of Evil,Crime,Orson Welles,1958,95,12,8.00
PRO005713,2024-05-20 13:00:00,Trois couleurs: Rouge,Drama,Krzysztof Kieslowski,1994,99,0,8.00
PRO005714,2024-05-21 10:00:00,Fiddler on the Roof,Drama,Norman Jewison,1971,181,0,7.50
PRO005715,2024-05-21 14:00:00,All the President's Men,Biography,Alan J. Pakula,1976,138,0,8.50
PRO005716,2024-05-22 10:30:00,Fiddler on the Roof,Drama,Norman Jewison,1971,181,0,7.00
PRO005717,2024-05-22 14:30:00,A Christmas Story,Comedy,Bob Clark,1983,93,0,7.50
PRO005718,2024-05-22 17:00:00,Le notti di Cabiria,Drama,Federico Fellini,1957,110,12,6.50
PRO005719,2024-05-23 10:30:00,Majo no takkyûbin,Animation,Hayao Miyazaki,1989,103,0,7.50
PRO005720,2024-05-23 13:00:00,Trois couleurs: Rouge,Drama,Krzysztof Kieslowski,1994,99,0,8.50
PRO005721,2024-05-23 15:30:00,All the President's Men,Biography,Alan J. Pakula,1976,138,0,8.00
PRO005722,2024-05-24 10:30:00,Fiddler on the Roof,Drama,Norman Jewison,1971,181,0,6.50
PRO005723,2024-05-24 14:30:00,Y tu mamá también,Drama,Alfonso Cuarón,2001,106,12,7.50
PRO005724,2024-05-25 10:30:00,On the Waterfront,Crime,Elia Kazan,1954,108,12,6.50
PRO005725,2024-05-25 13:00:00,Finding Nemo,Animation,Andrew Stanton,2003,100,0,6.50
PRO005726,2024-05-25 15:30:00,Hera Pheri,Action,Priyadarshan,2000,156,0,8.00
PRO005727,2024-05-25 19:00:00,Short Cuts,Comedy,Robert Altman,1993,188,16,9.50
PRO005728,2024-05-26 10:30:00,The Lion in Winter,Biography,Anthony Harvey,1968,134,6,8.00
PRO005729,2024-05-26 13:30:00,Fight Club,Drama,David Fincher,1999,139,12,8.50
PRO005730,2024-05-26 16:30:00,Forrest Gump,Drama,Robert Zemeckis,1994,142,12,7.00
PRO005731,2024-05-27 10:30:00,Finding Neverland,Biography,Marc Forster,2004,106,0,6.50
PRO005732,2024-05-28 10:00:00,Touch of Evil,Crime,Orson Welles,1958,95,12,8.00
PRO005733,2024-05-28 12:30:00,Young Frankenstein,Comedy,Mel Brooks,1974,106,12,7.50
PRO005734,2024-05-29 10:30:00,Forrest Gump,Drama,Robert Zemeckis,1994,142,12,8.50
PRO005735,2024-05-29 14:00:00,Finding Nemo,Animation,Andrew Stanton,2003,100,0,8.50
PRO005736,2024-05-29 16:30:00,The Silence of the Lambs,Crime,Jonathan Demme,1991,118,12,6.50
PRO005737,2024-05-30 10:30:00,Goldfinger,Action,Guy Hamilton,1964,110,12,7.50
PRO005738,2024-05-30 13:30:00,The Muppet Movie,Adventure,James Frawley,1979,95,0,8.50
PRO005739,2024-05-31 10:00:00,The Best Years of Our Lives,Drama,William Wyler,1946,170,12,8.00
PRO005740,2024-05-31 13:30:00,The Night of the Hunter,Crime,Charles Laughton,1955,92,12,6.50
PRO005741,2024-06-01 10:30:00,The Great Dictator,Comedy,Charles Chaplin,1940,125,12,7.00
PRO005742,2024-06-01 13:30:00,The Night of the Hunter,Crime,Charles Laughton,1955,92,12,7.00
PRO005743,2024-06-01 16:00:00,Kôkaku Kidôtai,Animation,Mamoru Oshii,1995,83,12,8.50
PRO005744,2024-06-01 18:30:00,The Shop Around the Corner,Comedy,Ernst Lubitsch,1940,99,12,10.00
PRO005745,2024-06-02 10:30:00,The Bourne Supremacy,Action,Paul Greengrass,2004,108,12,8.50
PRO005746,2024-06-02 13:00:00,The Shop Around the Corner,Comedy,Ernst Lubitsch,1940,99,12,7.50
PRO005747,2024-06-02 15:30:00,The Lion in Winter,Biography,Anthony Harvey,1968,134,6,8.50
PRO005748,2024-06-03 10:30:00,Y tu mamá también,Drama,Alfonso Cuarón,2001,106,12,6.50
PRO005749,2024-06-03 13:00:00,Kramer vs. Kramer,Drama,Robert Benton,1979,105,12,7.00
PRO005750,2024-06-04 10:00:00,The Lion in Winter,Biography,Anthony Harvey,1968,134,6,8.00
PRO005751,2024-06-04 13:00:00,The Godfather,Crime,Francis Ford Coppola,1972,175,12,8.50
PRO005752,2024-06-04 17:00:00,Hera Pheri,Action,Priyadarshan,2000,156,0,8.50
PRO005753,2024-06-05 10:30:00,Knockin' on Heaven's Door,Action,Thomas Jahn,1997,87,12,8.00
PRO005754,2024-06-05 13:00:00,Trois couleurs: Rouge,Drama,Krzysztof Kieslowski,1994,99,0,8.00
PRO005755,2024-06-06 10:00:00,The Shop Around the Corner,Comedy,Ernst Lubitsch,1940,99,12,6.50
PRO005756,2024-06-06 12:30:00,Trois couleurs: Rouge,Drama,Krzysztof Kieslowski,1994,99,0,8.00
PRO005757,2024-06-06 15:00:00,Finding Nemo,Animation,Andrew Stanton,2003,100,0,7.00
PRO005758,2024-06-07 10:00:00,The Shop Around the Corner,Comedy,Ernst Lubitsch,1940,99,12,7.50
PRO005759,2024-06-07 12:30:00,The Bourne Supremacy,Action,Paul Greengrass,2004,108,12,7.50
PRO005760,2024-06-07 15:00:00,Rocky,Drama,John G. Avildsen,1976,120,0,6.50
PRO005761,2024-06-08 10:30:00,Rocky,Drama,John G. Avildsen,1976,120,0,7.00
PRO005762,2024-06-08 13:30:00,On the Waterfront,Crime,Elia Kazan,1954,108,12,8.00
PRO005763,2024-06-08 16:00:00,Roman Holiday,Comedy,William Wyler,1953,118,12,6.50
PRO005764,2024-06-09 10:30:00,Fargo,Crime,Joel Coen,1996,98,12,8.00
PRO005765,2024-06-09 13:00:00,The Shop Around the Corner,Comedy,Ernst Lubitsch,1940,99,12,8.00
PRO005766,2024-06-09 15:30:00,The Bourne Supremacy,Action,Paul Greengrass,2004,108,12,7.00
PRO005767,2024-06-10 10:00:00,Majo no takkyûbin,Animation,Hayao Miyazaki,1989,103,0,8.00
PRO005768,2024-06-10 12:30:00,Fight Club,Drama,David Fincher,1999,139,12,8.50
PRO005769,2024-06-10 15:30:00,Knockin' on Heaven's Door,Action,Thomas Jahn,1997,87,12,8.50
PRO005770,2024-06-11 10:00:00,Knockin' on Heaven's Door,Action,Thomas Jahn,1997,87,12,8.00
PRO005771,2024-06-12 10:30:00,The Lord of the Rings: The Return of the King,Action,Peter Jackson,2003,201,0,7.50
PRO005772,2024-06-12 14:30:00,Au revoir les enfants,Drama,Louis Malle,1987,104,0,6.50
PRO005773,2024-06-12 17:00:00,Raiders of the Lost Ark,Action,Steven Spielberg,1981,115,12,6.50
PRO005774,2024-06-13 10:30:00,Il postino,Biography,Michael Radford,1994,108,0,7.50
PRO005775,2024-06-13 13:00:00,Roman Holiday,Comedy,William Wyler,1953,118,12,8.50
PRO005776,2024-06-14 10:00:00,Rocky,Drama,John G. Avildsen,1976,120,0,8.50
PRO005777,2024-06-14 13:00:00,Finding Neverland,Biography,Marc Forster,2004,106,0,7.00
PRO005778,2024-06-15 10:00:00,Trois couleurs: Rouge,Drama,Krzysztof Kieslowski,1994,99,0,8.00
PRO005779,2024-06-15 12:30:00,Hera Pheri,Action,Priyadarshan,2000,156,0,7.00
PRO005780,2024-06-15 16:00:00,The Insider,Biography,Michael Mann,1999,157,12,7.00
PRO005781,2024-06-15 19:30:00,Knockin' on Heaven's Door,Action,Thomas Jahn,1997,87,12,9.50
PRO005782,2024-06-16 10:00:00,Dead Man's Shoes,Crime,Shane Meadows,2004,90,12,6.50
PRO005783,2024-06-16 12:30:00,Forrest Gump,Drama,Robert Zemeckis,1994,142,12,8.00
PRO005784,2024-06-16 15:30:00,The Shop Around the Corner,Comedy,Ernst Lubitsch,1940,99,12,8.00
PRO005785,2024-06-17 10:00:00,Belle de jour,Drama,Luis Buñuel,1967,100,12,7.50
PRO005786,2024-06-17 12:30:00,The Bourne Supremacy,Action,Paul Greengrass,2004,108,12,8.00
PRO005787,2024-06-18 10:30:00,Empire of the Sun,Action,Steven Spielberg,1987,153,0,7.50
PRO005788,2024-06-18 14:00:00,Hotel Rwanda,Biography,Terry George,2004,121,12,7.00
PRO005789,2024-06-18 17:00:00,Belle de jour,Drama,Luis Buñuel,1967,100,12,7.00
PRO005790,2024-06-19 10:30:00,The Muppet Movie,Adventure,James Frawley,1979,95,0,6.50
PRO005791,2024-06-20 10:30:00,The Shop Around the Corner,Comedy,Ernst Lubitsch,1940,99,12,7.50
PRO005792,2024-06-21 10:00:00,Eskiya,Crime,Yavuz Turgul,1996,128,12,6.50
PRO005793,2024-06-21 13:00:00,Key Largo,Action,John Huston,1948,100,12,8.50
PRO005794,2024-06-22 10:30:00,The Manchurian Candidate,Drama,John Frankenheimer,1962,126,12,8.50
PRO005795,2024-06-22 13:30:00,The Shop Around the Corner,Comedy,Ernst Lubitsch,1940,99,12,7.00
PRO005796,2024-06-22 16:00:00,A Clockwork Orange,Crime,Stanley Kubrick,1971,136,12,6.50
PRO005797,2024-06-23 10:30:00,The Lord of the Rings: The Return of the King,Action,Peter Jackson,2003,201,0,7.00
PRO005798,2024-06-23 14:30:00,Key Largo,Action,John Huston,1948,100,12,6.50
PRO005799,2024-06-23 17:00:00,Roman Holiday,Comedy,William Wyler,1953,118,12,7.50
PRO005800,2024-06-24 10:30:00,Belle de jour,Drama,Luis Buñuel,1967,100,12,7.50
PRO005801,2024-06-24 13:00:00,Belle de jour,Drama,Luis Buñuel,1967,100,12,7.50
PRO005802,2024-06-24 15:30:00,Dead Man's Shoes,Crime,Shane Meadows,2004,90,12,7.00
PRO005803,2024-06-25 10:30:00,Harry Potter and the Prisoner of Azkaban,Adventure,Alfonso Cuarón,2004,142,0,8.50
PRO005804,2024-06-26 10:30:00,Hotel Rwanda,Biography,Terry George,2004,121,12,7.00
PRO005805,2024-06-27 10:30:00,Star Wars: Episode V - The Empire Strikes Back,Action,Irvin Kershner,1980,124,12,7.50
PRO005806,2024-06-27 13:30:00,Roman Holiday,Comedy,William Wyler,1953,118,12,8.50
PRO005807,2024-06-28 10:30:00,Knockin' on Heaven's Door,Action,Thomas Jahn,1997,87,12,6.50
PRO005808,2024-06-29 10:00:00,Le dîner de cons,Comedy,Francis Veber,1998,80,12,8.50
PRO005809,2024-06-29 12:30:00,Y tu mamá también,Drama,Alfonso Cuarón,2001,106,12,8.00
PRO005810,2024-06-29 15:00:00,Festen,Drama,Thomas Vinterberg,1998,105,16,7.00
PRO005811,2024-06-30 10:30:00,Y tu mamá también,Drama,Alfonso Cuarón,2001,106,12,8.50
PRO005812,2024-06-30 13:00:00,Y tu mamá también,Drama,Alfonso Cuarón,2001,106,12,8.00
PRO005813,2024-06-30 15:30:00,Belle de jour,Drama,Luis Buñuel,1967,100,12,8.00
PRO005814,2024-07-01 10:30:00,Empire of the Sun,Action,Steven Spielberg,1987,153,0,7.50
PRO005815,2024-07-01 14:00:00,Hera Pheri,Action,Priyadarshan,2000,156,0,7.50
PRO005816,2024-07-02 10:00:00,The Godfather,Crime,Francis Ford Coppola,1972,175,12,7.00
PRO005817,2024-07-02 13:30:00,Eskiya,Crime,Yavuz Turgul,1996,128,12,6.50
PRO005818,2024-07-03 10:30:00,Det sjunde inseglet,Drama,Ingmar Bergman,1957,96,12,7.00
PRO005819,2024-07-03 13:00:00,Roman Holiday,Comedy,William Wyler,1953,118,12,8.00
PRO005820,2024-07-04 10:00:00,Empire of the Sun,Action,Steven Spielberg,1987,153,0,7.50
PRO005821,2024-07-04 13:30:00,Star Wars: Episode V - The Empire Strikes Back,Action,Irvin Kershner,1980,124,12,8.50
PRO005822,2024-07-05 10:00:00,Rio Bravo,Action,Howard Hawks,1959,141,12,8.00
PRO005823,2024-07-05 13:00:00,The Man Who Would Be King,Adventure,John Huston,1975,129,6,7.00
PRO005824,2024-07-06 10:30:00,Festen,Drama,Thomas Vinterberg,1998,105,16,6.50
PRO005825,2024-07-06 13:00:00,Fargo,Crime,Joel Coen,1996,98,12,8.50
PRO005826,2024-07-06 15:30:00,Before Sunrise,Drama,Richard Linklater,1995,101,16,7.50
PRO005827,2024-07-06 18:00:00,Do lok tin si,Comedy,Kar-Wai Wong,1995,99,12,10.00
PRO005828,2024-07-07 10:30:00,Harry Potter and the Prisoner of Azkaban,Adventure,Alfonso Cuarón,2004,142,0,7.00
PRO005829,2024-07-07 13:30:00,Knockin' on Heaven's Door,Action,Thomas Jahn,1997,87,12,7.00
PRO005830,2024-07-07 16:00:00,Eskiya,Crime,Yavuz Turgul,1996,128,12,8.00
PRO005831,2024-07-07 19:00:00,Le dîner de cons,Comedy,Francis Veber,1998,80,12,8.50
PRO005832,2024-07-08 10:00:00,The Shining,Drama,Stanley Kubrick,1980,146,12,8.50
PRO005833,2024-07-09 10:00:00,Star Wars: Episode V - The Empire Strikes Back,Action,Irvin Kershner,1980,124,12,7.50
PRO005834,2024-07-10 10:00:00,Annie Hall,Comedy,Woody Allen,1977,93,12,6.50
PRO005835,2024-07-10 12:30:00,Fargo,Crime,Joel Coen,1996,98,12,6.50
PRO005836,2024-07-11 10:00:00,"Il buono, il brutto, il cattivo",Western,Sergio Leone,1966,161,12,7.50
PRO005837,2024-07-11 13:30:00,Key Largo,Action,John Huston,1948,100,12,7.50
PRO005838,2024-07-11 16:00:00,Hotel Rwanda,Biography,Terry George,2004,121,12,7.00
PRO005839,2024-07-12 10:00:00,Before Sunrise,Drama,Richard Linklater,1995,101,16,7.50
PRO005840,2024-07-12 12:30:00,Rio Bravo,Action,Howard Hawks,1959,141,12,8.50
PRO005841,2024-07-12 15:30:00,Empire of the Sun,Action,Steven Spielberg,1987,153,0,8.50
PRO005842,2024-07-13 10:00:00,Raiders of the Lost Ark,Action,Steven Spielberg,1981,115,12,7.00
PRO005843,2024-07-13 13:00:00,Le dîner de cons,Comedy,Francis Veber,1998,80,12,7.00
PRO005844,2024-07-13 15:00:00,Star Wars: Episode V - The Empire Strikes Back,Action,Irvin Kershner,1980,124,12,7.50
PRO005845,2024-07-13 18:00:00,Nosferatu,Fantasy,F.W. Murnau,1922,94,12,9.00
PRO005846,2024-07-14 10:00:00,Annie Hall,Comedy,Woody Allen,1977,93,12,8.50
PRO005847,2024-07-14 12:30:00,Festen,Drama,Thomas Vinterberg,1998,105,16,8.00
PRO005848,2024-07-14 15:00:00,Key Largo,Action,John Huston,1948,100,12,8.50
PRO005849,2024-07-14 17:30:00,Willy Wonka & the Chocolate Factory,Family,Mel Stuart,1971,100,0,8.00
PRO005850,2024-07-15 10:30:00,Eskiya,Crime,Yavuz Turgul,1996,128,12,7.50
PRO005851,2024-07-16 10:30:00,Magnolia,Drama,Paul Thomas Anderson,1999,188,16,6.50
PRO005852,2024-07-16 14:30:00,The Shining,Drama,Stanley Kubrick,1980,146,12,8.00
PRO005853,2024-07-17 10:00:00,The Bourne Identity,Action,Doug Liman,2002,119,12,6.50
PRO005854,2024-07-18 10:30:00,Rio Bravo,Action,Howard Hawks,1959,141,12,7.50
PRO005855,2024-07-18 14:00:00,Léon,Action,Luc Besson,1994,110,12,7.50
PRO005856,2024-07-19 10:30:00,Kôkaku Kidôtai,Animation,Mamoru Oshii,1995,83,12,6.50
PRO005857,2024-07-19 12:30:00,Paper Moon,Comedy,Peter Bogdanovich,1973,102,0,8.50
PRO005858,2024-07-19 15:00:00,Harry Potter and the Prisoner of Azkaban,Adventure,Alfonso Cuarón,2004,142,0,7.00
PRO005859,2024-07-20 10:00:00,Kôkaku Kidôtai,Animation,Mamoru Oshii,1995,83,12,6.50
PRO005860,2024-07-20 12:00:00,Knockin' on Heaven's Door,Action,Thomas Jahn,1997,87,12,7.00
PRO005861,2024-07-20 14:30:00,Kôkaku Kidôtai,Animation,Mamoru Oshii,1995,83,12,6.50
PRO005862,2024-07-20 16:30:00,The Man Who Would Be King,Adventure,John Huston,1975,129,6,8.50
PRO005863,2024-07-21 10:00:00,The Grapes of Wrath,Drama,John Ford,1940,129,12,7.50
PRO005864,2024-07-21 13:00:00,Y tu mamá también,Drama,Alfonso Cuarón,2001,106,12,6.50
PRO005865,2024-07-21 15:30:00,Magnolia,Drama,Paul Thomas Anderson,1999,188,16,7.50
PRO005866,2024-07-21 19:30:00,"Il buono, il brutto, il cattivo",Western,Sergio Leone,1966,161,12,10.00
PRO005867,2024-07-22 10:30:00,The Thin Man,Comedy,W.S. Van Dyke,1934,91,12,6.50
PRO005868,2024-07-22 13:00:00,Le dîner de cons,Comedy,Francis Veber,1998,80,12,8.50
PRO005869,2024-07-23 10:00:00,The Jungle Book,Animation,Wolfgang Reitherman,1967,78,0,6.50
PRO005870,2024-07-23 12:00:00,Kôkaku Kidôtai,Animation,Mamoru Oshii,1995,83,12,6.50
PRO005871,2024-07-24 10:00:00,Serpico,Biography,Sidney Lumet,1973,130,12,8.50
PRO005872,2024-07-24 13:00:00,Dilwale Dulhania Le Jayenge,Drama,Aditya Chopra,1995,189,0,8.00
PRO005873,2024-07-24 17:00:00,Badlands,Action,Terrence Malick,1973,94,6,6.50
PRO005874,2024-07-25 10:00:00,Nosferatu,Fantasy,F.W. Murnau,1922,94,12,8.00
PRO005875,2024-07-25 12:30:00,Dr. Strangelove or: How I Learned to Stop Worrying and Love the Bomb,Comedy,Stanley Kubrick,1964,95,12,8.00
PRO005876,2024-07-26 10:00:00,Willy Wonka & the Chocolate Factory,Family,Mel Stuart,1971,100,0,7.00
PRO005877,2024-07-26 12:30:00,Invasion of the Body Snatchers,Drama,Don Siegel,1956,80,12,7.50
PRO005878,2024-07-27 10:30:00,Willy Wonka & the Chocolate Factory,Family,Mel Stuart,1971,100,0,7.50
PRO005879,2024-07-27 13:00:00,Dilwale Dulhania Le Jayenge,Drama,Aditya Chopra,1995,189,0,7.50
PRO005880,2024-07-27 17:00:00,Raiders of the Lost Ark,Action,Steven Spielberg,1981,115,12,7.50
PRO005881,2024-07-28 10:00:00,Léon,Action,Luc Besson,1994,110,12,8.50
PRO005882,2024-07-28 13:00:00,The Bourne Identity,Action,Doug Liman,2002,119,12,6.50
PRO005883,2024-07-28 16:00:00,Léon,Action,Luc Besson,1994,110,12,7.50
PRO005884,2024-07-28 18:30:00,Before Sunrise,Drama,Richard Linklater,1995,101,16,10.00
PRO005885,2024-07-29 10:00:00,Paper Moon,Comedy,Peter Bogdanovich,1973,102,0,7.00
PRO005886,2024-07-30 10:30:00,Le dîner de cons,Comedy,Francis Veber,1998,80,12,8.00
PRO005887,2024-07-30 12:30:00,Serpico,Biography,Sidney Lumet,1973,130,12,8.50
PRO005888,2024-07-30 15:30:00,Star Wars: Episode V - The Empire Strikes Back,Action,Irvin Kershner,1980,124,12,8.50
PRO005889,2024-07-31 10:30:00,The Odd Couple,Comedy,Gene Saks,1968,105,0,8.00
PRO005890,2024-07-31 13:00:00,Before Sunrise,Drama,Richard Linklater,1995,101,16,7.50
PRO005891,2024-08-01 10:30:00,Monty Python and the Holy Grail,Adventure,Terry Gilliam,1975,91,6,7.00
PRO005892,2024-08-02 10:30:00,Willy Wonka & the Chocolate Factory,Family,Mel Stuart,1971,100,0,6.50
PRO005893,2024-08-02 13:00:00,"Il buono, il brutto, il cattivo",Western,Sergio Leone,1966,161,12,8.00
PRO005894,2024-08-03 10:30:00,Dilwale Dulhania Le Jayenge,Drama,Aditya Chopra,1995,189,0,8.00
PRO005895,2024-08-03 14:30:00,Festen,Drama,Thomas Vinterberg,1998,105,16,6.50
PRO005896,2024-08-03 17:00:00,Manhattan,Comedy,Woody Allen,1979,96,16,8.50
PRO005897,2024-08-03 19:30:00,Cape Fear,Drama,J. Lee Thompson,1962,106,12,9.50
PRO005898,2024-08-04 10:00:00,Paper Moon,Comedy,Peter Bogdanovich,1973,102,0,7.50
PRO005899,2024-08-04 12:30:00,Glengarry Glen Ross,Crime,James Foley,1992,100,16,7.00
PRO005900,2024-08-04 15:00:00,Cape Fear,Drama,J. Lee Thompson,1962,106,12,7.50
PRO005901,2024-08-04 17:30:00,Det sjunde inseglet,Drama,Ingmar Bergman,1957,96,12,7.00
PRO005902,2024-08-05 10:00:00,Eskiya,Crime,Yavuz Turgul,1996,128,12,7.00
PRO005903,2024-08-06 10:00:00,Anatomy of a Murder,Crime,Otto Preminger,1959,161,12,6.50
PRO005904,2024-08-07 10:30:00,Festen,Drama,Thomas Vinterberg,1998,105,16,6.50
PRO005905,2024-08-07 13:00:00,Glengarry Glen Ross,Crime,James Foley,1992,100,16,6.50
PRO005906,2024-08-07 15:30:00,Magnolia,Drama,Paul Thomas Anderson,1999,188,16,7.50
PRO005907,2024-08-08 10:30:00,Before Sunrise,Drama,Richard Linklater,1995,101,16,6.50
PRO005908,2024-08-08 13:00:00,The Man Who Would Be King,Adventure,John Huston,1975,129,6,8.50
PRO005909,2024-08-08 16:00:00,Badlands,Action,Terrence Malick,1973,94,6,7.00
PRO005910,2024-08-09 10:30:00,Blood Simple,Crime,Joel Coen,1984,99,12,8.00
PRO005911,2024-08-10 10:30:00,Glengarry Glen Ross,Crime,James Foley,1992,100,16,6.50
PRO005912,2024-08-10 13:00:00,Cape Fear,Drama,J. Lee Thompson,1962,106,12,7.00
PRO005913,2024-08-10 16:00:00,Y tu mamá también,Drama,Alfonso Cuarón,2001,106,12,8.50
PRO005914,2024-08-10 18:30:00,Akira,Animation,Katsuhiro Ôtomo,1988,124,12,8.50
PRO005915,2024-08-11 10:00:00,Glengarry Glen Ross,Crime,James Foley,1992,100,16,8.50
PRO005916,2024-08-11 12:30:00,Dilwale Dulhania Le Jayenge,Drama,Aditya Chopra,1995,189,0,7.50
PRO005917,2024-08-11 16:30:00,"Il buono, il brutto, il cattivo",Western,Sergio Leone,1966,161,12,7.50
PRO005918,2024-08-11 20:00:00,Paper Moon,Comedy,Peter Bogdanovich,1973,102,0,10.00
PRO005919,2024-08-12 10:00:00,Magnolia,Drama,Paul Thomas Anderson,1999,188,16,8.00
PRO005920,2024-08-13 10:00:00,Saw,Horror,James Wan,2004,103,12,8.50
PRO005921,2024-08-14 10:00:00,Empire of the Sun,Action,Steven Spielberg,1987,153,0,6.50
PRO005922,2024-08-14 13:30:00,Manhattan,Comedy,Woody Allen,1979,96,16,8.50
PRO005923,2024-08-15 10:30:00,Saw,Horror,James Wan,2004,103,12,7.50
PRO005924,2024-08-15 13:00:00,Y tu mamá también,Drama,Alfonso Cuarón,2001,106,12,7.00
PRO005925,2024-08-16 10:30:00,Dilwale Dulhania Le Jayenge,Drama,Aditya Chopra,1995,189,0,8.00
PRO005926,2024-08-16 14:30:00,Cape Fear,Drama,J. Lee Thompson,1962,106,12,7.50
PRO005927,2024-08-16 17:00:00,The Grapes of Wrath,Drama,John Ford,1940,129,12,8.50
PRO005928,2024-08-17 10:30:00,Glory,Biography,Edward Zwick,1989,122,16,7.50
PRO005929,2024-08-17 13:30:00,The Grapes of Wrath,Drama,John Ford,1940,129,12,8.50
PRO005930,2024-08-17 16:30:00,Saw,Horror,James Wan,2004,103,12,8.50
PRO005931,2024-08-18 10:00:00,Magnolia,Drama,Paul Thomas Anderson,1999,188,16,6.50
PRO005932,2024-08-18 14:00:00,Heat,Crime,Michael Mann,1995,170,12,8.50
PRO005933,2024-08-18 18:00:00,The Odd Couple,Comedy,Gene Saks,1968,105,0,9.50
PRO005934,2024-08-18 20:30:00,Anatomy of a Murder,Crime,Otto Preminger,1959,161,12,8.50
PRO005935,2024-08-19 10:30:00,Back to the Future,Adventure,Robert Zemeckis,1985,116,0,7.00
PRO005936,2024-08-19 13:30:00,Manhattan,Comedy,Woody Allen,1979,96,16,6.50
PRO005937,2024-08-20 10:30:00,Saw,Horror,James Wan,2004,103,12,6.50
PRO005938,2024-08-21 10:30:00,Akira,Animation,Katsuhiro Ôtomo,1988,124,12,8.50
PRO005939,2024-08-22 10:00:00,Vozvrashchenie,Drama,Andrey Zvyagintsev,2003,110,12,8.50
PRO005940,2024-08-22 13:00:00,No Man's Land,Comedy,Danis Tanovic,2001,98,16,8.50
PRO005941,2024-08-22 15:30:00,Monty Python and the Holy Grail,Adventure,Terry Gilliam,1975,91,6,7.00
PRO005942,2024-08-23 10:30:00,Festen,Drama,Thomas Vinterberg,1998,105,16,7.50
PRO005943,2024-08-24 10:30:00,Saw,Horror,James Wan,2004,103,12,8.50
PRO005944,2024-08-24 13:00:00,Before Sunrise,Drama,Richard Linklater,1995,101,16,7.50
PRO005945,2024-08-24 15:30:00,Hotel Rwanda,Biography,Terry George,2004,121,12,8.00
PRO005946,2024-08-24 18:30:00,Saw,Horror,James Wan,2004,103,12,10.00
PRO005947,2024-08-25 10:30:00,Back to the Future,Adventure,Robert Zemeckis,1985,116,0,7.50
PRO005948,2024-08-25 13:30:00,The Shop Around the Corner,Comedy,Ernst Lubitsch,1940,99,12,7.50
PRO005949,2024-08-25 16:00:00,Back to the Future,Adventure,Robert Zemeckis,1985,116,0,7.00
PRO005950,2024-08-25 18:30:00,Akira,Animation,Katsuhiro Ôtomo,1988,124,12,9.50
PRO005951,2024-08-26 10:30:00,No Man's Land,Comedy,Danis Tanovic,2001,98,16,8.50
PRO005952,2024-08-26 13:00:00,Paper Moon,Comedy,Peter Bogdanovich,1973,102,0,7.00
PRO005953,2024-08-27 10:30:00,The Bourne Identity,Action,Doug Liman,2002,119,12,8.00
PRO005954,2024-08-27 13:30:00,Dr. Strangelove or: How I Learned to Stop Worrying and Love the Bomb,Comedy,Stanley Kubrick,1964,95,12,7.00
PRO005955,2024-08-28 10:30:00,The Butterfly Effect,Drama,Eric Bress,2004,113,0,6.50
PRO005956,2024-08-28 13:30:00,The Red Shoes,Drama,Michael Powell,1948,135,12,7.50
PRO005957,2024-08-29 10:00:00,Heat,Crime,Michael Mann,1995,170,12,6.50
PRO005958,2024-08-29 13:30:00,Heat,Crime,Michael Mann,1995,170,12,7.00
PRO005959,2024-08-29 17:00:00,Akira,Animation,Katsuhiro Ôtomo,1988,124,12,6.50
PRO005960,2024-08-30 10:00:00,Akira,Animation,Katsuhiro Ôtomo,1988,124,12,8.50
PRO005961,2024-08-30 13:00:00,Empire of the Sun,Action,Steven Spielberg,1987,153,0,8.50
PRO005962,2024-08-30 16:30:00,Vozvrashchenie,Drama,Andrey Zvyagintsev,2003,110,12,7.50
PRO005963,2024-08-31 10:30:00,Glory,Biography,Edward Zwick,1989,122,16,7.50
PRO005964,2024-08-31 13:30:00,Akira,Animation,Katsuhiro Ôtomo,1988,124,12,8.50
PRO005965,2024-08-31 16:30:00,Saw,Horror,James Wan,2004,103,12,8.00
PRO005966,2024-09-01 10:30:00,Manhattan,Comedy,Woody Allen,1979,96,16,8.50
PRO005967,2024-09-01 13:00:00,Dr. Strangelove or: How I Learned to Stop Worrying and Love the Bomb,Comedy,Stanley Kubrick,1964,95,12,8.00
PRO005968,2024-09-01 15:30:00,Empire of the Sun,Action,Steven Spielberg,1987,153,0,8.50
PRO005969,2024-09-01 19:00:00,Saw,Horror,James Wan,2004,103,12,8.50
PRO005970,2024-09-02 10:30:00,Midnight Express,Biography,Alan Parker,1978,121,12,7.50
PRO005971,2024-09-02 13:30:00,The Grapes of Wrath,Drama,John Ford,1940,129,12,8.50
PRO005972,2024-09-02 16:30:00,Monty Python and the Holy Grail,Adventure,Terry Gilliam,1975,91,6,8.00
PRO005973,2024-09-03 10:00:00,Saw,Horror,James Wan,2004,103,12,7.50
PRO005974,2024-09-03 12:30:00,Blood Simple,Crime,Joel Coen,1984,99,12,7.00
PRO005975,2024-09-03 15:00:00,A Beautiful Mind,Biography,Ron Howard,2001,135,12,6.50
PRO005976,2024-09-04 10:30:00,Midnight Express,Biography,Alan Parker,1978,121,12,6.50
PRO005977,2024-09-05 10:30:00,Manhattan,Comedy,Woody Allen,1979,96,16,7.00
PRO005978,2024-09-06 10:00:00,Glory,Biography,Edward Zwick,1989,122,16,8.00
PRO005979,2024-09-06 13:00:00,Blood Simple,Crime,Joel Coen,1984,99,12,7.50
PRO005980,2024-09-06 15:30:00,Crimes and Misdemeanors,Comedy,Woody Allen,1989,104,12,8.50
PRO005981,2024-09-07 10:00:00,Empire of the Sun,Action,Steven Spielberg,1987,153,0,8.00
PRO005982,2024-09-07 13:30:00,Monty Python and the Holy Grail,Adventure,Terry Gilliam,1975,91,6,7.50
PRO005983,2024-09-07 16:00:00,Saw,Horror,James Wan,2004,103,12,6.50
PRO005984,2024-09-07 18:30:00,Crimes and Misdemeanors,Comedy,Woody Allen,1989,104,12,9.50
PRO005985,2024-09-08 10:00:00,Ace in the Hole,Drama,Billy Wilder,1951,111,12,7.50
PRO005986,2024-09-08 13:00:00,The Bourne Identity,Action,Doug Liman,2002,119,12,7.00
PRO005987,2024-09-08 16:00:00,Pulp Fiction,Crime,Quentin Tarantino,1994,154,12,8.50
PRO005988,2024-09-09 10:00:00,Ace in the Hole,Drama,Billy Wilder,1951,111,12,8.50
PRO005989,2024-09-10 10:30:00,No Man's Land,Comedy,Danis Tanovic,2001,98,16,8.50
PRO005990,2024-09-10 13:00:00,Modern Times,Comedy,Charles Chaplin,1936,87,0,7.00
PRO005991,2024-09-11 10:30:00,Dr. Strangelove or: How I Learned to Stop Worrying and Love the Bomb,Comedy,Stanley Kubrick,1964,95,12,7.50
PRO005992,2024-09-11 13:00:00,Glory,Biography,Edward Zwick,1989,122,16,7.50
PRO005993,2024-09-11 16:00:00,City Lights,Comedy,Charles Chaplin,1931,87,0,7.00
PRO005994,2024-09-12 10:00:00,Crimes and Misdemeanors,Comedy,Woody Allen,1989,104,12,8.00
PRO005995,2024-09-12 12:30:00,Back to the Future,Adventure,Robert Zemeckis,1985,116,0,6.50
PRO005996,2024-09-13 10:00:00,After Hours,Comedy,Martin Scorsese,1985,97,12,8.00
PRO005997,2024-09-13 12:30:00,The Grapes of Wrath,Drama,John Ford,1940,129,12,8.00
PRO005998,2024-09-13 15:30:00,Heat,Crime,Michael Mann,1995,170,12,7.00
PRO005999,2024-09-14 10:30:00,The Shop Around the Corner,Comedy,Ernst Lubitsch,1940,99,12,8.50
PRO006000,2024-09-14 13:00:00,Akira,Animation,Katsuhiro Ôtomo,1988,124,12,8.50
PRO006001,2024-09-14 16:00:00,The Butterfly Effect,Drama,Eric Bress,2004,113,0,8.50
PRO006002,2024-09-14 18:30:00,Vozvrashchenie,Drama,Andrey Zvyagintsev,2003,110,12,10.00
PRO006003,2024-09-15 10:30:00,Pulp Fiction,Crime,Quentin Tarantino,1994,154,12,7.00
PRO006004,2024-09-15 14:00:00,Vozvrashchenie,Drama,Andrey Zvyagintsev,2003,110,12,7.00
PRO006005,2024-09-15 17:00:00,Viskningar och rop,Drama,Ingmar Bergman,1972,91,12,7.50
PRO006006,2024-09-15 19:30:00,Heat,Crime,Michael Mann,1995,170,12,9.50
PRO006007,2024-09-16 10:30:00,Midnight Express,Biography,Alan Parker,1978,121,12,7.50
PRO006008,2024-09-16 13:30:00,Kaze no tani no Naushika,Animation,Hayao Miyazaki,1984,117,0,8.50
PRO006009,2024-09-16 16:00:00,The Shop Around the Corner,Comedy,Ernst Lubitsch,1940,99,12,8.00
PRO006010,2024-09-17 10:00:00,The Goonies,Adventure,Richard Donner,1985,114,0,7.50
PRO006011,2024-09-17 13:00:00,Star Trek II: The Wrath of Khan,Action,Nicholas Meyer,1982,113,0,8.50
PRO006012,2024-09-18 10:00:00,Gilda,Drama,Charles Vidor,1946,110,12,6.50
PRO006013,2024-09-19 10:00:00,Saw,Horror,James Wan,2004,103,12,8.00
PRO006014,2024-09-19 12:30:00,Dog Day Afternoon,Biography,Sidney Lumet,1975,125,0,7.50
PRO006015,2024-09-20 10:00:00,Enter the Dragon,Action,Robert Clouse,1973,102,12,7.00
PRO006016,2024-09-20 12:30:00,The Lord of the Rings: The Fellowship of the Ring,Action,Peter Jackson,2001,178,0,6.50
PRO006017,2024-09-21 10:30:00,Kaze no tani no Naushika,Animation,Hayao Miyazaki,1984,117,0,8.50
PRO006018,2024-09-21 13:00:00,Seppuku,Action,Masaki Kobayashi,1962,133,12,8.50
PRO006019,2024-09-21 16:00:00,Star Trek II: The Wrath of Khan,Action,Nicholas Meyer,1982,113,0,7.00
PRO006020,2024-09-22 10:30:00,The Goonies,Adventure,Richard Donner,1985,114,0,8.00
PRO006021,2024-09-22 13:00:00,The Bourne Supremacy,Action,Paul Greengrass,2004,108,12,8.50
PRO006022,2024-09-22 16:00:00,The Goonies,Adventure,Richard Donner,1985,114,0,6.50
PRO006023,2024-09-22 19:00:00,The Grapes of Wrath,Drama,John Ford,1940,129,12,10.00
PRO006024,2024-09-23 10:30:00,Pulp Fiction,Crime,Quentin Tarantino,1994,154,12,8.50
PRO006025,2024-09-23 14:00:00,Lethal Weapon,Action,Richard Donner,1987,109,12,6.50
PRO006026,2024-09-23 16:30:00,After Hours,Comedy,Martin Scorsese,1985,97,12,8.50
PRO006027,2024-09-24 10:30:00,The Butterfly Effect,Drama,Eric Bress,2004,113,0,8.00
PRO006028,2024-09-25 10:00:00,Crimes and Misdemeanors,Comedy,Woody Allen,1989,104,12,8.50
PRO006029,2024-09-26 10:30:00,Midnight Express,Biography,Alan Parker,1978,121,12,8.50
PRO006030,2024-09-27 10:00:00,Dog Day Afternoon,Biography,Sidney Lumet,1975,125,0,6.50
PRO006031,2024-09-27 13:00:00,Seppuku,Action,Masaki Kobayashi,1962,133,12,8.00
PRO006032,2024-09-27 16:00:00,City Lights,Comedy,Charles Chaplin,1931,87,0,7.50
PRO006033,2024-09-28 10:30:00,It's a Wonderful Life,Drama,Frank Capra,1946,130,6,8.00
PRO006034,2024-09-28 13:30:00,No Man's Land,Comedy,Danis Tanovic,2001,98,16,7.00
PRO006035,2024-09-28 16:00:00,Le samouraï,Crime,Jean-Pierre Melville,1967,105,12,8.00
PRO006036,2024-09-28 18:30:00,Enter the Dragon,Action,Robert Clouse,1973,102,12,10.00
PRO006037,2024-09-29 10:00:00,Kaze no tani no Naushika,Animation,Hayao Miyazaki,1984,117,0,8.50
PRO006038,2024-09-29 13:00:00,Almost Famous,Adventure,Cameron Crowe,2000,122,12,6.50
PRO006039,2024-09-29 16:00:00,Le samouraï,Crime,Jean-Pierre Melville,1967,105,12,6.50
PRO006040,2024-09-29 18:30:00,Dog Day Afternoon,Biography,Sidney Lumet,1975,125,0,9.00
PRO006041,2024-09-30 10:00:00,The Butterfly Effect,Drama,Eric Bress,2004,113,0,8.00
PRO006042,2024-09-30 13:00:00,The Shop Around the Corner,Comedy,Ernst Lubitsch,1940,99,12,8.50
PRO006043,2024-09-30 15:30:00,Ace in the Hole,Drama,Billy Wilder,1951,111,12,8.00
PRO006044,2024-10-01 10:00:00,Majo no takkyûbin,Animation,Hayao Miyazaki,1989,103,0,7.50
PRO006045,2024-10-01 12:30:00,Pulp Fiction,Crime,Quentin Tarantino,1994,154,12,7.00
PRO006046,2024-10-02 10:00:00,Amarcord,Comedy,Federico Fellini,1973,123,16,7.00
PRO006047,2024-10-03 10:30:00,The Lord of the Rings: The Fellowship of the Ring,Action,Peter Jackson,2001,178,0,6.50
PRO006048,2024-10-03 14:30:00,Airplane!,Comedy,Jim Abrahams,1980,88,0,7.00
PRO006049,2024-10-03 16:30:00,Almost Famous,Adventure,Cameron Crowe,2000,122,12,7.50
PRO006050,2024-10-04 10:00:00,Stand by Me,Adventure,Rob Reiner,1986,89,0,6.50
PRO006051,2024-10-05 10:00:00,Out of the Past,Crime,Jacques Tourneur,1947,97,12,7.50
PRO006052,2024-10-05 12:30:00,Out of the Past,Crime,Jacques Tourneur,1947,97,12,8.50
PRO006053,2024-10-05 15:00:00,After Hours,Comedy,Martin Scorsese,1985,97,12,7.00
PRO006054,2024-10-05 17:30:00,Gilda,Drama,Charles Vidor,1946,110,12,7.00
PRO006055,2024-10-06 10:00:00,Airplane!,Comedy,Jim Abrahams,1980,88,0,8.00
PRO006056,2024-10-06 12:30:00,Lethal Weapon,Action,Richard Donner,1987,109,12,7.00
PRO006057,2024-10-06 15:00:00,Idi i smotri,Drama,Elem Klimov,1985,142,12,7.00
PRO006058,2024-10-06 18:30:00,Viskningar och rop,Drama,Ingmar Bergman,1972,91,12,10.00
PRO006059,2024-10-07 10:30:00,Sen to Chihiro no kamikakushi,Animation,Hayao Miyazaki,2001,125,0,8.00
PRO006060,2024-10-08 10:00:00,Lethal Weapon,Action,Richard Donner,1987,109,12,7.50
PRO006061,2024-10-08 12:30:00,The Bourne Supremacy,Action,Paul Greengrass,2004,108,12,7.00
PRO006062,2024-10-09 10:30:00,The Goonies,Adventure,Richard Donner,1985,114,0,6.50
PRO006063,2024-10-09 13:30:00,The Thin Man,Comedy,W.S. Van Dyke,1934,91,12,7.50
PRO006064,2024-10-10 10:00:00,Fight Club,Drama,David Fincher,1999,139,12,8.50
PRO006065,2024-10-10 13:30:00,Scent of a Woman,Drama,Martin Brest,1992,156,12,7.50
PRO006066,2024-10-11 10:30:00,Les triplettes de Belleville,Animation,Sylvain Chomet,2003,80,12,8.50
PRO006067,2024-10-12 10:30:00,The Thin Man,Comedy,W.S. Van Dyke,1934,91,12,7.50
PRO006068,2024-10-12 13:00:00,Before Sunset,Drama,Richard Linklater,2004,80,16,6.50
PRO006069,2024-10-12 15:30:00,City Lights,Comedy,Charles Chaplin,1931,87,0,8.00
PRO006070,2024-10-12 17:30:00,E.T. the Extra-Terrestrial,Family,Steven Spielberg,1982,115,0,7.00
PRO006071,2024-10-13 10:30:00,The Butterfly Effect,Drama,Eric Bress,2004,113,0,6.50
PRO006072,2024-10-13 13:30:00,Lethal Weapon,Action,Richard Donner,1987,109,12,8.00
PRO006073,2024-10-13 16:00:00,Gilda,Drama,Charles Vidor,1946,110,12,7.50
PRO006074,2024-10-13 18:30:00,Airplane!,Comedy,Jim Abrahams,1980,88,0,9.50
PRO006075,2024-10-14 10:30:00,Fitzcarraldo,Adventure,Werner Herzog,1982,158,16,8.00
PRO006076,2024-10-14 14:00:00,Il conformista,Drama,Bernardo Bertolucci,1970,113,12,8.00
PRO006077,2024-10-15 10:30:00,Idi i smotri,Drama,Elem Klimov,1985,142,12,8.50
PRO006078,2024-10-15 13:30:00,Raging Bull,Biography,Martin Scorsese,1980,129,12,8.00
PRO006079,2024-10-16 10:30:00,Seppuku,Action,Masaki Kobayashi,1962,133,12,6.50
PRO006080,2024-10-17 10:30:00,It's a Wonderful Life,Drama,Frank Capra,1946,130,6,7.50
PRO006081,2024-10-17 13:30:00,E.T. the Extra-Terrestrial,Family,Steven Spielberg,1982,115,0,6.50
PRO006082,2024-10-17 16:30:00,E.T. the Extra-Terrestrial,Family,Steven Spielberg,1982,115,0,7.50
PRO006083,2024-10-18 10:00:00,Dog Day Afternoon,Biography,Sidney Lumet,1975,125,0,6.50
PRO006084,2024-10-18 13:00:00,E.T. the Extra-Terrestrial,Family,Steven Spielberg,1982,115,0,7.50
PRO006085,2024-10-18 16:00:00,Fight Club,Drama,David Fincher,1999,139,12,7.50
PRO006086,2024-10-19 10:30:00,Scent of a Woman,Drama,Martin Brest,1992,156,12,7.50
PRO006087,2024-10-19 14:00:00,Pulp Fiction,Crime,Quentin Tarantino,1994,154,12,8.00
PRO006088,2024-10-19 17:30:00,Les triplettes de Belleville,Animation,Sylvain Chomet,2003,80,12,6.50
PRO006089,2024-10-20 10:00:00,All Quiet on the Western Front,Drama,Lewis Milestone,1930,152,0,8.50
PRO006090,2024-10-20 13:30:00,Diarios de motocicleta,Adventure,Walter Salles,2004,126,0,7.50
PRO006091,2024-10-20 16:30:00,The Butterfly Effect,Drama,Eric Bress,2004,113,0,6.50
PRO006092,2024-10-21 10:00:00,Out of the Past,Crime,Jacques Tourneur,1947,97,12,8.00
PRO006093,2024-10-21 12:30:00,Le samouraï,Crime,Jean-Pierre Melville,1967,105,12,7.50
PRO006094,2024-10-22 10:30:00,E.T. the Extra-Terrestrial,Family,Steven Spielberg,1982,115,0,7.50
PRO006095,2024-10-22 13:00:00,Akira,Animation,Katsuhiro Ôtomo,1988,124,12,7.50
PRO006096,2024-10-23 10:00:00,Sen to Chihiro no kamikakushi,Animation,Hayao Miyazaki,2001,125,0,8.50
PRO006097,2024-10-23 13:00:00,Kaze no tani no Naushika,Animation,Hayao Miyazaki,1984,117,0,8.00
PRO006098,2024-10-24 10:00:00,Hamlet,Drama,Kenneth Branagh,1996,242,12,7.50
PRO006099,2024-10-24 15:00:00,Airplane!,Comedy,Jim Abrahams,1980,88,0,8.00
PRO006100,2024-10-24 17:30:00,Akira,Animation,Katsuhiro Ôtomo,1988,124,12,7.00
PRO006101,2024-10-25 10:00:00,Abre los ojos,Drama,Alejandro Amenábar,1997,119,0,8.00
PRO006102,2024-10-25 13:00:00,Almost Famous,Adventure,Cameron Crowe,2000,122,12,8.00
PRO006103,2024-10-26 10:00:00,"Aguirre, der Zorn Gottes",Action,Werner Herzog,1972,95,12,7.00
PRO006104,2024-10-26 12:30:00,Alien,Horror,Ridley Scott,1979,117,16,7.00
PRO006105,2024-10-26 15:30:00,La vita è bella,Comedy,Roberto Benigni,1997,116,0,8.00
PRO006106,2024-10-27 10:30:00,Almost Famous,Adventure,Cameron Crowe,2000,122,12,7.00
PRO006107,2024-10-27 13:30:00,All Quiet on the Western Front,Drama,Lewis Milestone,1930,152,0,8.00
PRO006108,2024-10-27 17:00:00,E.T. the Extra-Terrestrial,Family,Steven Spielberg,1982,115,0,7.00
PRO006109,2024-10-28 10:30:00,Stand by Me,Adventure,Rob Reiner,1986,89,0,7.00
PRO006110,2024-10-28 13:00:00,Stand by Me,Adventure,Rob Reiner,1986,89,0,7.00
PRO006111,2024-10-28 15:30:00,Fight Club,Drama,David Fincher,1999,139,12,7.50
PRO006112,2024-10-29 10:00:00,Les triplettes de Belleville,Animation,Sylvain Chomet,2003,80,12,6.50
PRO006113,2024-10-29 12:00:00,Seppuku,Action,Masaki Kobayashi,1962,133,12,7.50
PRO006114,2024-10-29 15:00:00,E.T. the Extra-Terrestrial,Family,Steven Spielberg,1982,115,0,6.50
PRO006115,2024-10-30 10:00:00,Almost Famous,Adventure,Cameron Crowe,2000,122,12,8.50
PRO006116,2024-10-31 10:30:00,Star Trek II: The Wrath of Khan,Action,Nicholas Meyer,1982,113,0,7.50
PRO006117,2024-10-31 13:00:00,E.T. the Extra-Terrestrial,Family,Steven Spielberg,1982,115,0,7.00
PRO006118,2024-10-31 16:00:00,Il conformista,Drama,Bernardo Bertolucci,1970,113,12,7.00
PRO006119,2024-11-01 10:00:00,Dip huet seung hung,Action,John Woo,1989,111,16,7.50
PRO006120,2024-11-02 10:30:00,Dip huet seung hung,Action,John Woo,1989,111,16,7.50
PRO006121,2024-11-02 13:00:00,Majo no takkyûbin,Animation,Hayao Miyazaki,1989,103,0,8.00
PRO006122,2024-11-02 15:30:00,The Sound of Music,Biography,Robert Wise,1965,172,0,6.50
PRO006123,2024-11-03 10:30:00,E.T. the Extra-Terrestrial,Family,Steven Spielberg,1982,115,0,7.50
PRO006124,2024-11-03 13:30:00,Il conformista,Drama,Bernardo Bertolucci,1970,113,12,6.50
PRO006125,2024-11-03 16:00:00,Stand by Me,Adventure,Rob Reiner,1986,89,0,8.50
PRO006126,2024-11-03 18:00:00,Diarios de motocicleta,Adventure,Walter Salles,2004,126,0,9.50
PRO006127,2024-11-04 10:30:00,Amarcord,Comedy,Federico Fellini,1973,123,16,7.50
PRO006128,2024-11-04 13:30:00,Out of the Past,Crime,Jacques Tourneur,1947,97,12,7.00
PRO006129,2024-11-05 10:30:00,Stand by Me,Adventure,Rob Reiner,1986,89,0,7.50
PRO006130,2024-11-06 10:00:00,Underground,Comedy,Emir Kusturica,1995,170,12,8.00
PRO006131,2024-11-06 13:30:00,Alien,Horror,Ridley Scott,1979,117,16,8.50
PRO006132,2024-11-07 10:30:00,Diarios de motocicleta,Adventure,Walter Salles,2004,126,0,7.50
PRO006133,2024-11-07 13:30:00,Almost Famous,Adventure,Cameron Crowe,2000,122,12,7.00
PRO006134,2024-11-07 16:30:00,Jeux d'enfants,Comedy,Yann Samuell,2003,93,16,8.50
PRO006135,2024-11-08 10:00:00,Alien,Horror,Ridley Scott,1979,117,16,8.50
PRO006136,2024-11-08 13:00:00,Scent of a Woman,Drama,Martin Brest,1992,156,12,7.00
PRO006137,2024-11-09 10:30:00,Abre los ojos,Drama,Alejandro Amenábar,1997,119,0,6.50
PRO006138,2024-11-09 13:30:00,Alien,Horror,Ridley Scott,1979,117,16,8.50
PRO006139,2024-11-09 16:00:00,Akira,Animation,Katsuhiro Ôtomo,1988,124,12,8.00
PRO006140,2024-11-09 19:00:00,Diarios de motocicleta,Adventure,Walter Salles,2004,126,0,9.50
PRO006141,2024-11-10 10:00:00,Scent of a Woman,Drama,Martin Brest,1992,156,12,8.00
PRO006142,2024-11-10 13:30:00,The Sound of Music,Biography,Robert Wise,1965,172,0,7.00
PRO006143,2024-11-10 17:30:00,Hable con ella,Drama,Pedro Almodóvar,2002,112,16,8.50
PRO006144,2024-11-11 10:30:00,The Thin Man,Comedy,W.S. Van Dyke,1934,91,12,7.00
PRO006145,2024-11-12 10:00:00,Sen to Chihiro no kamikakushi,Animation,Hayao Miyazaki,2001,125,0,7.00
PRO006146,2024-11-12 13:00:00,E.T. the Extra-Terrestrial,Family,Steven Spielberg,1982,115,0,7.50
PRO006147,2024-11-13 10:00:00,"Aguirre, der Zorn Gottes",Action,Werner Herzog,1972,95,12,6.50
PRO006148,2024-11-13 12:30:00,The Last Samurai,Action,Edward Zwick,2003,154,12,7.50
PRO006149,2024-11-13 16:00:00,Jeux d'enfants,Comedy,Yann Samuell,2003,93,16,7.50
PRO006150,2024-11-14 10:30:00,Evil Dead II,Action,Sam Raimi,1987,84,12,8.00
PRO006151,2024-11-14 13:00:00,Midnight Cowboy,Drama,John Schlesinger,1969,113,12,7.50
PRO006152,2024-11-15 10:30:00,Mulan,Animation,Tony Bancroft,1998,88,0,7.50
PRO006153,2024-11-16 10:30:00,The Sound of Music,Biography,Robert Wise,1965,172,0,8.00
PRO006154,2024-11-16 14:00:00,Snatch,Comedy,Guy Ritchie,2000,104,12,8.50
PRO006155,2024-11-16 16:30:00,Scent of a Woman,Drama,Martin Brest,1992,156,12,8.00
PRO006156,2024-11-17 10:30:00,La vita è bella,Comedy,Roberto Benigni,1997,116,0,8.00
PRO006157,2024-11-17 13:30:00,Crash,Crime,Paul Haggis,2004,112,12,6.50
PRO006158,2024-11-17 16:00:00,Evil Dead II,Action,Sam Raimi,1987,84,12,8.50
PRO006159,2024-11-18 10:00:00,Fight Club,Drama,David Fincher,1999,139,12,8.50
PRO006160,2024-11-18 13:00:00,The Outlaw Josey Wales,Western,Clint Eastwood,1976,135,12,8.50
PRO006161,2024-11-19 10:30:00,Snatch,Comedy,Guy Ritchie,2000,104,12,8.00
PRO006162,2024-11-20 10:00:00,Underground,Comedy,Emir Kusturica,1995,170,12,7.50
PRO006163,2024-11-20 14:00:00,Fight Club,Drama,David Fincher,1999,139,12,7.00
PRO006164,2024-11-21 10:00:00,Alien,Horror,Ridley Scott,1979,117,16,6.50
PRO006165,2024-11-22 10:30:00,Eternal Sunshine of the Spotless Mind,Drama,Michel Gondry,2004,108,12,8.00
PRO006166,2024-11-22 13:00:00,Dial M for Murder,Crime,Alfred Hitchcock,1954,105,12,8.00
PRO006167,2024-11-23 10:30:00,Fight Club,Drama,David Fincher,1999,139,12,8.50
PRO006168,2024-11-23 13:30:00,Mulan,Animation,Tony Bancroft,1998,88,0,8.00
PRO006169,2024-11-23 16:00:00,The Others,Horror,Alejandro Amenábar,2001,101,12,8.50
PRO006170,2024-11-24 10:00:00,E.T. the Extra-Terrestrial,Family,Steven Spielberg,1982,115,0,8.00
PRO006171,2024-11-24 13:00:00,Il postino,Biography,Michael Radford,1994,108,0,8.50
PRO006172,2024-11-24 15:30:00,"Aguirre, der Zorn Gottes",Action,Werner Herzog,1972,95,12,7.50
PRO006173,2024-11-24 18:00:00,Fight Club,Drama,David Fincher,1999,139,12,10.00
PRO006174,2024-11-25 10:00:00,The Last Samurai,Action,Edward Zwick,2003,154,12,8.50
PRO006175,2024-11-26 10:00:00,The Kid,Comedy,Charles Chaplin,1921,68,12,7.50
PRO006176,2024-11-27 10:00:00,American Psycho,Comedy,Mary Harron,2000,101,12,7.50
PRO006177,2024-11-28 10:00:00,La vita è bella,Comedy,Roberto Benigni,1997,116,0,8.00
PRO006178,2024-11-28 13:00:00,Ying xiong,Action,Yimou Zhang,2002,120,12,8.50
PRO006179,2024-11-29 10:30:00,Mulan,Animation,Tony Bancroft,1998,88,0,8.50
PRO006180,2024-11-29 13:00:00,Snatch,Comedy,Guy Ritchie,2000,104,12,8.50
PRO006181,2024-11-29 15:30:00,Alien,Horror,Ridley Scott,1979,117,16,8.00
PRO006182,2024-11-30 10:00:00,The Night of the Hunter,Crime,Charles Laughton,1955,92,12,7.50
PRO006183,2024-11-30 12:30:00,Il postino,Biography,Michael Radford,1994,108,0,8.00
PRO006184,2024-11-30 15:00:00,The 39 Steps,Crime,Alfred Hitchcock,1935,86,12,8.00
PRO006185,2024-11-30 17:30:00,Dial M for Murder,Crime,Alfred Hitchcock,1954,105,12,8.00
PRO006186,2024-12-01 10:00:00,The Night of the Hunter,Crime,Charles Laughton,1955,92,12,7.00
PRO006187,2024-12-01 12:30:00,Ying xiong,Action,Yimou Zhang,2002,120,12,8.50
PRO006188,2024-12-01 15:30:00,The Night of the Hunter,Crime,Charles Laughton,1955,92,12,7.50
PRO006189,2024-12-01 18:00:00,American Psycho,Comedy,Mary Harron,2000,101,12,9.50
PRO006190,2024-12-02 10:30:00,Dial M for Murder,Crime,Alfred Hitchcock,1954,105,12,8.50
PRO006191,2024-12-02 13:00:00,The Night of the Hunter,Crime,Charles Laughton,1955,92,12,6.50
PRO006192,2024-12-03 10:00:00,Ying xiong,Action,Yimou Zhang,2002,120,12,6.50
PRO006193,2024-12-03 13:00:00,Blade Runner,Action,Ridley Scott,1982,117,12,8.00
PRO006194,2024-12-04 10:00:00,Harry Potter and the Prisoner of Azkaban,Adventure,Alfonso Cuarón,2004,142,0,7.00
PRO006195,2024-12-05 10:30:00,Mulan,Animation,Tony Bancroft,1998,88,0,8.50
PRO006196,2024-12-06 10:30:00,Il postino,Biography,Michael Radford,1994,108,0,6.50
PRO006197,2024-12-06 13:00:00,Das Boot,Adventure,Wolfgang Petersen,1981,149,16,7.50
PRO006198,2024-12-07 10:30:00,Il postino,Biography,Michael Radford,1994,108,0,7.00
PRO006199,2024-12-07 13:00:00,Boyz n the Hood,Crime,John Singleton,1991,112,12,7.50
PRO006200,2024-12-07 16:00:00,Das Boot,Adventure,Wolfgang Petersen,1981,149,16,8.00
PRO006201,2024-12-08 10:30:00,Midnight Cowboy,Drama,John Schlesinger,1969,113,12,6.50
PRO006202,2024-12-08 13:30:00,Blade Runner,Action,Ridley Scott,1982,117,12,8.00
PRO006203,2024-12-08 16:30:00,Ying xiong,Action,Yimou Zhang,2002,120,12,6.50
PRO006204,2024-12-09 10:30:00,Midnight Cowboy,Drama,John Schlesinger,1969,113,12,8.00
PRO006205,2024-12-09 13:30:00,Die Hard,Action,John McTiernan,1988,132,12,7.00
PRO006206,2024-12-10 10:30:00,Lola rennt,Crime,Tom Tykwer,1998,81,12,6.50
PRO006207,2024-12-10 13:00:00,Le samouraï,Crime,Jean-Pierre Melville,1967,105,12,7.50
PRO006208,2024-12-11 10:00:00,Midnight Cowboy,Drama,John Schlesinger,1969,113,12,7.50
PRO006209,2024-12-11 12:30:00,Il postino,Biography,Michael Radford,1994,108,0,8.50
PRO006210,2024-12-11 15:00:00,The Night of the Hunter,Crime,Charles Laughton,1955,92,12,8.50
PRO006211,2024-12-12 10:00:00,The Outlaw Josey Wales,Western,Clint Eastwood,1976,135,12,7.50
PRO006212,2024-12-13 10:00:00,Snatch,Comedy,Guy Ritchie,2000,104,12,7.00
PRO006213,2024-12-14 10:30:00,Jeux d'enfants,Comedy,Yann Samuell,2003,93,16,7.00
PRO006214,2024-12-14 13:00:00,Harry Potter and the Prisoner of Azkaban,Adventure,Alfonso Cuarón,2004,142,0,7.00
PRO006215,2024-12-14 16:00:00,The Others,Horror,Alejandro Amenábar,2001,101,12,6.50
PRO006216,2024-12-15 10:00:00,Lola rennt,Crime,Tom Tykwer,1998,81,12,7.00
PRO006217,2024-12-15 12:30:00,The Outlaw Josey Wales,Western,Clint Eastwood,1976,135,12,8.00
PRO006218,2024-12-15 15:30:00,Snatch,Comedy,Guy Ritchie,2000,104,12,8.00
PRO006219,2024-12-16 10:00:00,The Wild Bunch,Action,Sam Peckinpah,1969,145,12,8.50
PRO006220,2024-12-16 13:00:00,Eternal Sunshine of the Spotless Mind,Drama,Michel Gondry,2004,108,12,6.50
PRO006221,2024-12-17 10:00:00,City Lights,Comedy,Charles Chaplin,1931,87,0,6.50
PRO006222,2024-12-18 10:00:00,The Others,Horror,Alejandro Amenábar,2001,101,12,8.00
PRO006223,2024-12-19 10:00:00,Dog Day Afternoon,Biography,Sidney Lumet,1975,125,0,7.00
PRO006224,2024-12-19 13:00:00,Finding Nemo,Animation,Andrew Stanton,2003,100,0,7.00
PRO006225,2024-12-20 10:30:00,Die Hard,Action,John McTiernan,1988,132,12,7.00
PRO006226,2024-12-20 13:30:00,Freaks,Drama,Tod Browning,1932,64,12,8.00
PRO006227,2024-12-20 15:30:00,The Night of the Hunter,Crime,Charles Laughton,1955,92,12,8.50
PRO006228,2024-12-21 10:00:00,Gongdong gyeongbi guyeok JSA,Action,Chan-wook Park,2000,110,12,7.00
PRO006229,2024-12-21 12:30:00,City Lights,Comedy,Charles Chaplin,1931,87,0,8.50
PRO006230,2024-12-21 15:00:00,All About Eve,Drama,Joseph L. Mankiewicz,1950,138,12,6.50
PRO006231,2024-12-21 18:30:00,In the Name of the Father,Biography,Jim Sheridan,1993,133,12,10.00
PRO006232,2024-12-22 10:30:00,Il postino,Biography,Michael Radford,1994,108,0,7.50
PRO006233,2024-12-22 13:00:00,The Others,Horror,Alejandro Amenábar,2001,101,12,7.00
PRO006234,2024-12-22 15:30:00,Anatomy of a Murder,Crime,Otto Preminger,1959,161,12,8.50
PRO006235,2024-12-23 10:00:00,American Psycho,Comedy,Mary Harron,2000,101,12,7.00
PRO006236,2024-12-24 10:00:00,City Lights,Comedy,Charles Chaplin,1931,87,0,7.00
PRO006237,2024-12-24 12:30:00,Die Hard,Action,John McTiernan,1988,132,12,8.50
PRO006238,2024-12-24 15:30:00,Jeux d'enfants,Comedy,Yann Samuell,2003,93,16,8.50
PRO006239,2024-12-25 10:30:00,Blade Runner,Action,Ridley Scott,1982,117,12,8.50
PRO006240,2024-12-25 13:00:00,Eternal Sunshine of the Spotless Mind,Drama,Michel Gondry,2004,108,12,8.50
PRO006241,2024-12-25 15:30:00,Finding Nemo,Animation,Andrew Stanton,2003,100,0,6.50
PRO006242,2024-12-26 10:00:00,The Thin Man,Comedy,W.S. Van Dyke,1934,91,12,6.50
PRO006243,2024-12-26 12:30:00,Das Boot,Adventure,Wolfgang Petersen,1981,149,16,7.00
PRO006244,2024-12-26 16:00:00,Midnight Cowboy,Drama,John Schlesinger,1969,113,12,7.50
PRO006245,2024-12-27 10:30:00,Le samouraï,Crime,Jean-Pierre Melville,1967,105,12,6.50
PRO006246,2024-12-27 13:00:00,Finding Nemo,Animation,Andrew Stanton,2003,100,0,6.50
PRO006247,2024-12-28 10:30:00,"Shin seiki Evangelion Gekijô-ban: Air/Magokoro wo, kimi ni",Animation,Hideaki Anno,1997,87,12,8.00
PRO006248,2024-12-28 12:30:00,Anatomy of a Murder,Crime,Otto Preminger,1959,161,12,7.00
PRO006249,2024-12-28 16:00:00,Harry Potter and the Prisoner of Azkaban,Adventure,Alfonso Cuarón,2004,142,0,6.50
PRO006250,2024-12-28 19:00:00,Harry Potter and the Prisoner of Azkaban,Adventure,Alfonso Cuarón,2004,142,0,8.50
PRO006251,2024-12-29 10:30:00,The Godfather: Part III,Crime,Francis Ford Coppola,1990,162,12,8.00
PRO006252,2024-12-29 14:00:00,Jeux d'enfants,Comedy,Yann Samuell,2003,93,16,7.00
PRO006253,2024-12-29 16:30:00,Gongdong gyeongbi guyeok JSA,Action,Chan-wook Park,2000,110,12,6.50
PRO006254,2024-12-30 10:30:00,Mississippi Burning,Crime,Alan Parker,1988,128,12,7.00
PRO006255,2024-12-30 13:30:00,Midnight Cowboy,Drama,John Schlesinger,1969,113,12,8.00
PRO006256,2024-12-30 16:30:00,Lola rennt,Crime,Tom Tykwer,1998,81,12,7.50
PRO006257,2024-12-31 10:30:00,First Blood,Action,Ted Kotcheff,1982,93,12,6.50
PRO006258,2024-12-31 13:00:00,Gongdong gyeongbi guyeok JSA,Action,Chan-wook Park,2000,110,12,6.50
PRO006259,2025-01-01 10:30:00,Stand by Me,Adventure,Rob Reiner,1986,89,0,7.00
PRO006260,2025-01-01 13:00:00,The Apartment,Comedy,Billy Wilder,1960,125,0,8.50
PRO006261,2025-01-02 10:00:00,The Thin Man,Comedy,W.S. Van Dyke,1934,91,12,8.50
PRO006262,2025-01-02 12:30:00,The Last Samurai,Action,Edward Zwick,2003,154,12,6.50
PRO006263,2025-01-02 16:00:00,Stagecoach,Adventure,John Ford,1939,96,12,7.00
PRO006264,2025-01-03 10:00:00,The Kid,Comedy,Charles Chaplin,1921,68,12,8.50
PRO006265,2025-01-04 10:30:00,In the Name of the Father,Biography,Jim Sheridan,1993,133,12,7.00
PRO006266,2025-01-04 13:30:00,Repulsion,Drama,Roman Polanski,1965,105,12,8.50
PRO006267,2025-01-04 16:00:00,Fa yeung nin wah,Drama,Kar-Wai Wong,2000,98,0,7.00
PRO006268,2025-01-04 18:30:00,First Blood,Action,Ted Kotcheff,1982,93,12,8.50
PRO006269,2025-01-05 10:30:00,The Apartment,Comedy,Billy Wilder,1960,125,0,7.00
PRO006270,2025-01-05 13:30:00,In the Name of the Father,Biography,Jim Sheridan,1993,133,12,7.50
PRO006271,2025-01-05 16:30:00,Dial M for Murder,Crime,Alfred Hitchcock,1954,105,12,7.00
PRO006272,2025-01-05 19:00:00,The Apartment,Comedy,Billy Wilder,1960,125,0,9.50
PRO006273,2025-01-06 10:30:00,Home Alone,Comedy,Chris Columbus,1990,103,0,7.50
PRO006274,2025-01-07 10:00:00,The Godfather: Part III,Crime,Francis Ford Coppola,1990,162,12,6.50
PRO006275,2025-01-07 13:30:00,Twelve Monkeys,Mystery,Terry Gilliam,1995,129,12,6.50
PRO006276,2025-01-07 16:30:00,Repulsion,Drama,Roman Polanski,1965,105,12,6.50
PRO006277,2025-01-08 10:00:00,All About Eve,Drama,Joseph L. Mankiewicz,1950,138,12,8.50
PRO006278,2025-01-08 13:00:00,Mononoke-hime,Animation,Hayao Miyazaki,1997,134,0,8.50
PRO006279,2025-01-08 16:00:00,All About Eve,Drama,Joseph L. Mankiewicz,1950,138,12,7.50
PRO006280,2025-01-09 10:30:00,The Thin Man,Comedy,W.S. Van Dyke,1934,91,12,7.00
PRO006281,2025-01-09 13:00:00,Mononoke-hime,Animation,Hayao Miyazaki,1997,134,0,7.50
PRO006282,2025-01-10 10:30:00,The Thin Man,Comedy,W.S. Van Dyke,1934,91,12,7.50
PRO006283,2025-01-11 10:00:00,Les choristes,Drama,Christophe Barratier,2004,97,12,6.50
PRO006284,2025-01-11 12:30:00,City Lights,Comedy,Charles Chaplin,1931,87,0,8.50
PRO006285,2025-01-11 15:00:00,Platoon,Drama,Oliver Stone,1986,120,12,8.50
PRO006286,2025-01-12 10:30:00,The Thin Man,Comedy,W.S. Van Dyke,1934,91,12,6.50
PRO006287,2025-01-12 13:00:00,Escape from Alcatraz,Action,Don Siegel,1979,112,12,6.50
PRO006288,2025-01-12 15:30:00,The Godfather: Part III,Crime,Francis Ford Coppola,1990,162,12,6.50
PRO006289,2025-01-13 10:00:00,Amélie,Comedy,Jean-Pierre Jeunet,2001,122,0,8.00
PRO006290,2025-01-14 10:30:00,Twelve Monkeys,Mystery,Terry Gilliam,1995,129,12,7.00
PRO006291,2025-01-15 10:30:00,Fa yeung nin wah,Drama,Kar-Wai Wong,2000,98,0,6.50
PRO006292,2025-01-15 13:00:00,City Lights,Comedy,Charles Chaplin,1931,87,0,7.50
PRO006293,2025-01-16 10:30:00,Stand by Me,Adventure,Rob Reiner,1986,89,0,6.50
PRO006294,2025-01-16 13:00:00,Finding Nemo,Animation,Andrew Stanton,2003,100,0,8.50
PRO006295,2025-01-16 15:30:00,All About Eve,Drama,Joseph L. Mankiewicz,1950,138,12,7.00
PRO006296,2025-01-17 10:30:00,Platoon,Drama,Oliver Stone,1986,120,12,8.00
PRO006297,2025-01-17 13:30:00,Gongdong gyeongbi guyeok JSA,Action,Chan-wook Park,2000,110,12,6.50
PRO006298,2025-01-17 16:00:00,First Blood,Action,Ted Kotcheff,1982,93,12,7.00
PRO006299,2025-01-18 10:00:00,Escape from Alcatraz,Action,Don Siegel,1979,112,12,8.50
PRO006300,2025-01-18 13:00:00,Au revoir les enfants,Drama,Louis Malle,1987,104,0,7.00
PRO006301,2025-01-18 15:30:00,First Blood,Action,Ted Kotcheff,1982,93,12,6.50
PRO006302,2025-01-18 18:00:00,Barry Lyndon,Adventure,Stanley Kubrick,1975,185,6,9.00
PRO006303,2025-01-19 10:30:00,Platoon,Drama,Oliver Stone,1986,120,12,8.50
PRO006304,2025-01-19 13:30:00,Au revoir les enfants,Drama,Louis Malle,1987,104,0,8.50
PRO006305,2025-01-19 16:00:00,"Shin seiki Evangelion Gekijô-ban: Air/Magokoro wo, kimi ni",Animation,Hideaki Anno,1997,87,12,7.50
PRO006306,2025-01-19 18:00:00,Gongdong gyeongbi guyeok JSA,Action,Chan-wook Park,2000,110,12,8.50
PRO006307,2025-01-20 10:30:00,Twelve Monkeys,Mystery,Terry Gilliam,1995,129,12,6.50
PRO006308,2025-01-20 13:30:00,Platoon,Drama,Oliver Stone,1986,120,12,7.00
PRO006309,2025-01-21 10:30:00,Repulsion,Drama,Roman Polanski,1965,105,12,7.50
PRO006310,2025-01-21 13:00:00,All About Eve,Drama,Joseph L. Mankiewicz,1950,138,12,7.00
PRO006311,2025-01-22 10:30:00,It Happened One Night,Comedy,Frank Capra,1934,105,12,8.00
PRO006312,2025-01-22 13:00:00,Les choristes,Drama,Christophe Barratier,2004,97,12,7.00
PRO006313,2025-01-22 15:30:00,The Goonies,Adventure,Richard Donner,1985,114,0,7.00
PRO006314,2025-01-23 10:00:00,Jeux d'enfants,Comedy,Yann Samuell,2003,93,16,8.00
PRO006315,2025-01-23 12:30:00,Amélie,Comedy,Jean-Pierre Jeunet,2001,122,0,8.50
PRO006316,2025-01-23 15:30:00,Amélie,Comedy,Jean-Pierre Jeunet,2001,122,0,6.50
PRO006317,2025-01-24 10:30:00,Repulsion,Drama,Roman Polanski,1965,105,12,7.50
PRO006318,2025-01-24 13:00:00,Escape from Alcatraz,Action,Don Siegel,1979,112,12,8.00
PRO006319,2025-01-25 10:00:00,Training Day,Crime,Antoine Fuqua,2001,122,12,7.00
PRO006320,2025-01-25 13:00:00,Barry Lyndon,Adventure,Stanley Kubrick,1975,185,6,6.50
PRO006321,2025-01-25 17:00:00,Twelve Monkeys,Mystery,Terry Gilliam,1995,129,12,6.50
PRO006322,2025-01-26 10:30:00,The Magnificent Seven,Action,John Sturges,1960,128,12,7.00
PRO006323,2025-01-26 13:30:00,Mononoke-hime,Animation,Hayao Miyazaki,1997,134,0,6.50
PRO006324,2025-01-26 16:30:00,Rashômon,Crime,Akira Kurosawa,1950,88,12,8.00
PRO006325,2025-01-26 19:00:00,The Godfather: Part III,Crime,Francis Ford Coppola,1990,162,12,9.50
PRO006326,2025-01-27 10:30:00,Training Day,Crime,Antoine Fuqua,2001,122,12,7.00
PRO006327,2025-01-27 13:30:00,Training Day,Crime,Antoine Fuqua,2001,122,12,8.50
PRO006328,2025-01-27 16:30:00,The Magnificent Seven,Action,John Sturges,1960,128,12,8.50
PRO006329,2025-01-28 10:00:00,Arsenic and Old Lace,Comedy,Frank Capra,1942,118,12,7.50
PRO006330,2025-01-29 10:00:00,"Il buono, il brutto, il cattivo",Western,Sergio Leone,1966,161,12,7.50
PRO006331,2025-01-29 13:30:00,Home Alone,Comedy,Chris Columbus,1990,103,0,8.00
PRO006332,2025-01-30 10:30:00,Au revoir les enfants,Drama,Louis Malle,1987,104,0,6.50
PRO006333,2025-01-31 10:30:00,Clerks,Comedy,Kevin Smith,1994,92,16,7.50
PRO006334,2025-01-31 13:00:00,The Goonies,Adventure,Richard Donner,1985,114,0,7.50
PRO006335,2025-02-01 10:00:00,Primal Fear,Crime,Gregory Hoblit,1996,129,12,7.00
PRO006336,2025-02-01 13:00:00,The Goonies,Adventure,Richard Donner,1985,114,0,7.50
PRO006337,2025-02-01 15:30:00,Au revoir les enfants,Drama,Louis Malle,1987,104,0,8.50
PRO006338,2025-02-01 18:00:00,Amélie,Comedy,Jean-Pierre Jeunet,2001,122,0,9.00
PRO006339,2025-02-02 10:30:00,Strangers on a Train,Crime,Alfred Hitchcock,1951,101,12,7.50
PRO006340,2025-02-02 13:00:00,Dog Day Afternoon,Biography,Sidney Lumet,1975,125,0,7.00
PRO006341,2025-02-02 16:00:00,Training Day,Crime,Antoine Fuqua,2001,122,12,6.50
PRO006342,2025-02-03 10:00:00,"Shin seiki Evangelion Gekijô-ban: Air/Magokoro wo, kimi ni",Animation,Hideaki Anno,1997,87,12,8.50
PRO006343,2025-02-03 12:30:00,Home Alone,Comedy,Chris Columbus,1990,103,0,8.50
PRO006344,2025-02-03 15:00:00,Clerks,Comedy,Kevin Smith,1994,92,16,8.50
PRO006345,2025-02-04 10:00:00,It Happened One Night,Comedy,Frank Capra,1934,105,12,7.00
PRO006346,2025-02-04 12:30:00,Strangers on a Train,Crime,Alfred Hitchcock,1951,101,12,6.50
PRO006347,2025-02-04 15:00:00,Kind Hearts and Coronets,Comedy,Robert Hamer,1949,106,0,7.50
PRO006348,2025-02-05 10:00:00,Au revoir les enfants,Drama,Louis Malle,1987,104,0,7.50
PRO006349,2025-02-06 10:30:00,Les choristes,Drama,Christophe Barratier,2004,97,12,6.50
PRO006350,2025-02-06 13:00:00,Das Cabinet des Dr. Caligari,Fantasy,Robert Wiene,1920,76,12,7.00
PRO006351,2025-02-06 15:00:00,Rashômon,Crime,Akira Kurosawa,1950,88,12,8.50
PRO006352,2025-02-07 10:00:00,The Magnificent Seven,Action,John Sturges,1960,128,12,6.50
PRO006353,2025-02-07 13:00:00,Back to the Future,Adventure,Robert Zemeckis,1985,116,0,6.50
PRO006354,2025-02-07 16:00:00,Twelve Monkeys,Mystery,Terry Gilliam,1995,129,12,7.50
PRO006355,2025-02-08 10:30:00,Les choristes,Drama,Christophe Barratier,2004,97,12,8.50
PRO006356,2025-02-08 13:00:00,It Happened One Night,Comedy,Frank Capra,1934,105,12,8.00
PRO006357,2025-02-08 15:30:00,Platoon,Drama,Oliver Stone,1986,120,12,7.00
PRO006358,2025-02-09 10:00:00,Clerks,Comedy,Kevin Smith,1994,92,16,8.00
PRO006359,2025-02-09 12:30:00,Clerks,Comedy,Kevin Smith,1994,92,16,6.50
PRO006360,2025-02-09 15:00:00,Kind Hearts and Coronets,Comedy,Robert Hamer,1949,106,0,8.00
PRO006361,2025-02-09 17:30:00,Aladdin,Animation,Ron Clements,1992,90,0,6.50
PRO006362,2025-02-10 10:30:00,Rosemary's Baby,Drama,Roman Polanski,1968,137,12,7.00
PRO006363,2025-02-11 10:30:00,Amélie,Comedy,Jean-Pierre Jeunet,2001,122,0,8.50
PRO006364,2025-02-12 10:00:00,Die Hard,Action,John McTiernan,1988,132,12,8.00
PRO006365,2025-02-12 13:00:00,Aladdin,Animation,Ron Clements,1992,90,0,7.50
PRO006366,2025-02-12 15:30:00,Das Cabinet des Dr. Caligari,Fantasy,Robert Wiene,1920,76,12,8.50
PRO006367,2025-02-13 10:30:00,Fa yeung nin wah,Drama,Kar-Wai Wong,2000,98,0,8.00
PRO006368,2025-02-13 13:00:00,Network,Drama,Sidney Lumet,1976,121,12,7.50
PRO006369,2025-02-14 10:00:00,Training Day,Crime,Antoine Fuqua,2001,122,12,8.00
PRO006370,2025-02-15 10:30:00,In the Name of the Father,Biography,Jim Sheridan,1993,133,12,6.50
PRO006371,2025-02-15 13:30:00,Mad Max 2,Action,George Miller,1981,96,12,7.50
PRO006372,2025-02-15 16:00:00,Halloween,Horror,John Carpenter,1978,91,12,7.00
PRO006373,2025-02-15 18:30:00,Bound by Honor,Crime,Taylor Hackford,1993,180,16,10.00
PRO006374,2025-02-16 10:00:00,The Lady Vanishes,Mystery,Alfred Hitchcock,1938,96,12,8.00
PRO006375,2025-02-16 12:30:00,Arsenic and Old Lace,Comedy,Frank Capra,1942,118,12,6.50
PRO006376,2025-02-16 15:30:00,The Wizard of Oz,Adventure,Victor Fleming,1939,102,0,8.50
PRO006377,2025-02-16 18:00:00,Platoon,Drama,Oliver Stone,1986,120,12,9.00
PRO006378,2025-02-17 10:30:00,Network,Drama,Sidney Lumet,1976,121,12,7.50
PRO006379,2025-02-17 13:30:00,Rosemary's Baby,Drama,Roman Polanski,1968,137,12,6.50
PRO006380,2025-02-18 10:00:00,The Wild Bunch,Action,Sam Peckinpah,1969,145,12,8.50
PRO006381,2025-02-18 13:30:00,Barry Lyndon,Adventure,Stanley Kubrick,1975,185,6,7.00
PRO006382,2025-02-18 17:30:00,Primal Fear,Crime,Gregory Hoblit,1996,129,12,7.50
PRO006383,2025-02-19 10:00:00,Ben-Hur,Adventure,William Wyler,1959,212,0,8.50
PRO006384,2025-02-19 14:30:00,Rosemary's Baby,Drama,Roman Polanski,1968,137,12,7.50
PRO006385,2025-02-20 10:00:00,Pink Floyd: The Wall,Drama,Alan Parker,1982,95,12,8.50
PRO006386,2025-02-20 12:30:00,The Wild Bunch,Action,Sam Peckinpah,1969,145,12,6.50
PRO006387,2025-02-20 16:00:00,The King of Comedy,Comedy,Martin Scorsese,1982,109,0,7.50
PRO006388,2025-02-21 10:30:00,The Lady Vanishes,Mystery,Alfred Hitchcock,1938,96,12,7.50
PRO006389,2025-02-22 10:00:00,One Flew Over the Cuckoo's Nest,Drama,Milos Forman,1975,133,12,6.50
PRO006390,2025-02-22 13:00:00,Halloween,Horror,John Carpenter,1978,91,12,8.00
PRO006391,2025-02-22 15:30:00,Sleepers,Crime,Barry Levinson,1996,147,12,8.50
PRO006392,2025-02-22 19:00:00,Paper Moon,Comedy,Peter Bogdanovich,1973,102,0,9.00
PRO006393,2025-02-23 10:30:00,One Flew Over the Cuckoo's Nest,Drama,Milos Forman,1975,133,12,6.50
PRO006394,2025-02-23 13:30:00,Viskningar och rop,Drama,Ingmar Bergman,1972,91,12,7.00
PRO006395,2025-02-23 16:00:00,Les choristes,Drama,Christophe Barratier,2004,97,12,7.00
PRO006396,2025-02-24 10:30:00,Fa yeung nin wah,Drama,Kar-Wai Wong,2000,98,0,8.00
PRO006397,2025-02-25 10:30:00,One Flew Over the Cuckoo's Nest,Drama,Milos Forman,1975,133,12,8.50
PRO006398,2025-02-26 10:00:00,Red River,Action,Howard Hawks,1948,133,12,7.00
PRO006399,2025-02-27 10:00:00,The Wild Bunch,Action,Sam Peckinpah,1969,145,12,7.50
PRO006400,2025-02-28 10:00:00,Pink Floyd: The Wall,Drama,Alan Parker,1982,95,12,6.50
PRO006401,2025-02-28 12:30:00,Once Were Warriors,Crime,Lee Tamahori,1994,102,12,8.00
PRO006402,2025-02-28 15:00:00,Paper Moon,Comedy,Peter Bogdanovich,1973,102,0,7.00
PRO006403,2025-03-01 10:30:00,Once Were Warriors,Crime,Lee Tamahori,1994,102,12,8.00
PRO006404,2025-03-01 13:00:00,The Lady Vanishes,Mystery,Alfred Hitchcock,1938,96,12,8.50
PRO006405,2025-03-01 15:30:00,One Flew Over the Cuckoo's Nest,Drama,Milos Forman,1975,133,12,7.50
PRO006406,2025-03-01 18:30:00,Lilja 4-ever,Crime,Lukas Moodysson,2002,109,16,10.00
PRO006407,2025-03-02 10:00:00,Lilja 4-ever,Crime,Lukas Moodysson,2002,109,16,7.00
PRO006408,2025-03-02 12:30:00,Halloween,Horror,John Carpenter,1978,91,12,8.00
PRO006409,2025-03-02 15:00:00,Sleepers,Crime,Barry Levinson,1996,147,12,7.00
PRO006410,2025-03-03 10:00:00,The Wizard of Oz,Adventure,Victor Fleming,1939,102,0,6.50
PRO006411,2025-03-03 12:30:00,Home Alone,Comedy,Chris Columbus,1990,103,0,6.50
PRO006412,2025-03-03 15:00:00,Back to the Future,Adventure,Robert Zemeckis,1985,116,0,7.50
PRO006413,2025-03-04 10:30:00,Pink Floyd: The Wall,Drama,Alan Parker,1982,95,12,6.50
PRO006414,2025-03-05 10:00:00,Die Hard,Action,John McTiernan,1988,132,12,7.00
PRO006415,2025-03-06 10:00:00,True Romance,Crime,Tony Scott,1993,119,16,7.50
PRO006416,2025-03-06 13:00:00,One Flew Over the Cuckoo's Nest,Drama,Milos Forman,1975,133,12,7.00
PRO006417,2025-03-07 10:00:00,Schindler's List,Biography,Steven Spielberg,1993,195,12,6.50
PRO006418,2025-03-07 14:00:00,Aladdin,Animation,Ron Clements,1992,90,0,8.50
PRO006419,2025-03-08 10:30:00,The King of Comedy,Comedy,Martin Scorsese,1982,109,0,8.50
PRO006420,2025-03-08 13:00:00,Lilja 4-ever,Crime,Lukas Moodysson,2002,109,16,7.50
PRO006421,2025-03-08 15:30:00,The Incredibles,Animation,Brad Bird,2004,115,0,8.00
PRO006422,2025-03-09 10:00:00,Kind Hearts and Coronets,Comedy,Robert Hamer,1949,106,0,7.50
PRO006423,2025-03-09 12:30:00,Paper Moon,Comedy,Peter Bogdanovich,1973,102,0,6.50
PRO006424,2025-03-09 15:00:00,Das Cabinet des Dr. Caligari,Fantasy,Robert Wiene,1920,76,12,6.50
PRO006425,2025-03-09 17:00:00,Viskningar och rop,Drama,Ingmar Bergman,1972,91,12,8.00
PRO006426,2025-03-10 10:30:00,Back to the Future,Adventure,Robert Zemeckis,1985,116,0,6.50
PRO006427,2025-03-10 13:30:00,Network,Drama,Sidney Lumet,1976,121,12,6.50
PRO006428,2025-03-10 16:30:00,Les choristes,Drama,Christophe Barratier,2004,97,12,7.00
PRO006429,2025-03-11 10:00:00,It Happened One Night,Comedy,Frank Capra,1934,105,12,7.50
PRO006430,2025-03-12 10:30:00,Network,Drama,Sidney Lumet,1976,121,12,8.00
PRO006431,2025-03-12 13:30:00,Cat on a Hot Tin Roof,Drama,Richard Brooks,1958,108,12,6.50
PRO006432,2025-03-13 10:00:00,Les choristes,Drama,Christophe Barratier,2004,97,12,8.50
PRO006433,2025-03-14 10:00:00,Rosemary's Baby,Drama,Roman Polanski,1968,137,12,8.50
PRO006434,2025-03-14 13:00:00,Aladdin,Animation,Ron Clements,1992,90,0,6.50
PRO006435,2025-03-15 10:30:00,Schindler's List,Biography,Steven Spielberg,1993,195,12,8.00
PRO006436,2025-03-15 14:30:00,Belle de jour,Drama,Luis Buñuel,1967,100,12,6.50
PRO006437,2025-03-15 17:00:00,Le locataire,Drama,Roman Polanski,1976,126,16,8.50
PRO006438,2025-03-15 20:00:00,Once Were Warriors,Crime,Lee Tamahori,1994,102,12,8.50
PRO006439,2025-03-16 10:30:00,Fried Green Tomatoes,Drama,Jon Avnet,1991,130,12,6.50
PRO006440,2025-03-16 13:30:00,The Incredibles,Animation,Brad Bird,2004,115,0,8.00
PRO006441,2025-03-16 16:30:00,The Shining,Drama,Stanley Kubrick,1980,146,12,7.50
PRO006442,2025-03-16 20:00:00,Die Hard,Action,John McTiernan,1988,132,12,8.50
PRO006443,2025-03-17 10:00:00,Back to the Future,Adventure,Robert Zemeckis,1985,116,0,6.50
PRO006444,2025-03-17 13:00:00,Schindler's List,Biography,Steven Spielberg,1993,195,12,7.50
PRO006445,2025-03-18 10:00:00,Cat on a Hot Tin Roof,Drama,Richard Brooks,1958,108,12,7.50
PRO006446,2025-03-18 12:30:00,The King of Comedy,Comedy,Martin Scorsese,1982,109,0,8.00
PRO006447,2025-03-18 15:30:00,Les choristes,Drama,Christophe Barratier,2004,97,12,8.50
PRO006448,2025-03-19 10:00:00,Pink Floyd: The Wall,Drama,Alan Parker,1982,95,12,6.50
PRO006449,2025-03-19 12:30:00,Tengoku to jigoku,Crime,Akira Kurosawa,1963,143,12,8.50
PRO006450,2025-03-19 16:00:00,Breaking the Waves,Drama,Lars von Trier,1996,159,16,6.50
PRO006451,2025-03-20 10:30:00,The Odd Couple,Comedy,Gene Saks,1968,105,0,7.50
PRO006452,2025-03-20 13:00:00,Fried Green Tomatoes,Drama,Jon Avnet,1991,130,12,8.50
PRO006453,2025-03-20 16:00:00,Once Were Warriors,Crime,Lee Tamahori,1994,102,12,7.00
PRO006454,2025-03-21 10:30:00,Mary Poppins,Comedy,Robert Stevenson,1964,139,0,7.00
PRO006455,2025-03-21 13:30:00,Cat on a Hot Tin Roof,Drama,Richard Brooks,1958,108,12,7.50
PRO006456,2025-03-22 10:30:00,Who Framed Roger Rabbit,Animation,Robert Zemeckis,1988,104,0,7.00
PRO006457,2025-03-22 13:00:00,The Incredibles,Animation,Brad Bird,2004,115,0,8.00
PRO006458,2025-03-22 16:00:00,Pink Floyd: The Wall,Drama,Alan Parker,1982,95,12,6.50
PRO006459,2025-03-22 18:30:00,Indiana Jones and the Last Crusade,Action,Steven Spielberg,1989,127,0,9.50
PRO006460,2025-03-23 10:30:00,Judgment at Nuremberg,Drama,Stanley Kramer,1961,179,12,6.50
PRO006461,2025-03-23 14:30:00,The Incredibles,Animation,Brad Bird,2004,115,0,7.50
PRO006462,2025-03-23 17:30:00,Fried Green Tomatoes,Drama,Jon Avnet,1991,130,12,8.50
PRO006463,2025-03-23 20:30:00,Network,Drama,Sidney Lumet,1976,121,12,9.50
PRO006464,2025-03-24 10:00:00,Pink Floyd: The Wall,Drama,Alan Parker,1982,95,12,8.50
PRO006465,2025-03-24 12:30:00,The Odd Couple,Comedy,Gene Saks,1968,105,0,8.50
PRO006466,2025-03-25 10:30:00,The Wild Bunch,Action,Sam Peckinpah,1969,145,12,7.00
PRO006467,2025-03-25 14:00:00,Kelly's Heroes,Adventure,Brian G. Hutton,1970,144,12,7.00
PRO006468,2025-03-26 10:00:00,Full Metal Jacket,Drama,Stanley Kubrick,1987,116,12,6.50
PRO006469,2025-03-26 13:00:00,Indiana Jones and the Last Crusade,Action,Steven Spielberg,1989,127,0,6.50
PRO006470,2025-03-27 10:00:00,Breaking the Waves,Drama,Lars von Trier,1996,159,16,6.50
PRO006471,2025-03-27 13:30:00,The Sting,Comedy,George Roy Hill,1973,129,0,7.50
PRO006472,2025-03-27 16:30:00,The Odd Couple,Comedy,Gene Saks,1968,105,0,7.00
PRO006473,2025-03-28 10:30:00,Forrest Gump,Drama,Robert Zemeckis,1994,142,12,6.50
PRO006474,2025-03-29 10:30:00,Le locataire,Drama,Roman Polanski,1976,126,16,8.50
PRO006475,2025-03-29 13:30:00,Who Framed Roger Rabbit,Animation,Robert Zemeckis,1988,104,0,7.50
PRO006476,2025-03-29 16:00:00,Kelly's Heroes,Adventure,Brian G. Hutton,1970,144,12,6.50
PRO006477,2025-03-30 10:30:00,Sleepers,Crime,Barry Levinson,1996,147,12,8.00
PRO006478,2025-03-30 14:00:00,The Odd Couple,Comedy,Gene Saks,1968,105,0,8.00
PRO006479,2025-03-30 16:30:00,Fried Green Tomatoes,Drama,Jon Avnet,1991,130,12,7.00
PRO006480,2025-03-31 10:30:00,Aladdin,Animation,Ron Clements,1992,90,0,7.50
PRO006481,2025-04-01 10:30:00,Pink Floyd: The Wall,Drama,Alan Parker,1982,95,12,7.50
PRO006482,2025-04-02 10:30:00,The Odd Couple,Comedy,Gene Saks,1968,105,0,7.50
PRO006483,2025-04-03 10:00:00,Kelly's Heroes,Adventure,Brian G. Hutton,1970,144,12,7.00
PRO006484,2025-04-04 10:30:00,Airplane!,Comedy,Jim Abrahams,1980,88,0,8.50
PRO006485,2025-04-04 13:00:00,The 39 Steps,Crime,Alfred Hitchcock,1935,86,12,6.50
PRO006486,2025-04-05 10:00:00,Who Framed Roger Rabbit,Animation,Robert Zemeckis,1988,104,0,7.00
PRO006487,2025-04-05 12:30:00,Cinderella Man,Biography,Ron Howard,2005,144,12,6.50
PRO006488,2025-04-05 16:00:00,In America,Drama,Jim Sheridan,2002,105,12,8.50
PRO006489,2025-04-05 18:30:00,The Purple Rose of Cairo,Comedy,Woody Allen,1985,82,0,8.50
PRO006490,2025-04-06 10:30:00,The Purple Rose of Cairo,Comedy,Woody Allen,1985,82,0,8.50
PRO006491,2025-04-06 12:30:00,Predator,Action,John McTiernan,1987,107,12,8.00
PRO006492,2025-04-06 15:00:00,The Purple Rose of Cairo,Comedy,Woody Allen,1985,82,0,8.00
PRO006493,2025-04-07 10:00:00,The Incredibles,Animation,Brad Bird,2004,115,0,8.50
PRO006494,2025-04-07 13:00:00,Short Cuts,Comedy,Robert Altman,1993,188,16,7.00
PRO006495,2025-04-08 10:30:00,Judgment at Nuremberg,Drama,Stanley Kramer,1961,179,12,7.00
PRO006496,2025-04-09 10:30:00,Pink Floyd: The Wall,Drama,Alan Parker,1982,95,12,8.50
PRO006497,2025-04-09 13:00:00,In America,Drama,Jim Sheridan,2002,105,12,8.50
PRO006498,2025-04-10 10:30:00,The Breakfast Club,Comedy,John Hughes,1985,97,12,8.00
PRO006499,2025-04-11 10:30:00,Paper Moon,Comedy,Peter Bogdanovich,1973,102,0,8.50
PRO006500,2025-04-11 13:00:00,Home Alone,Comedy,Chris Columbus,1990,103,0,6.50
PRO006501,2025-04-12 10:00:00,In America,Drama,Jim Sheridan,2002,105,12,7.50
PRO006502,2025-04-12 12:30:00,In America,Drama,Jim Sheridan,2002,105,12,6.50
PRO006503,2025-04-12 15:00:00,Tengoku to jigoku,Crime,Akira Kurosawa,1963,143,12,6.50
PRO006504,2025-04-12 18:00:00,Les choristes,Drama,Christophe Barratier,2004,97,12,9.50
PRO006505,2025-04-13 10:00:00,Le locataire,Drama,Roman Polanski,1976,126,16,8.00
PRO006506,2025-04-13 13:00:00,Un long dimanche de fiançailles,Drama,Jean-Pierre Jeunet,2004,133,0,8.50
PRO006507,2025-04-13 16:00:00,Mary Poppins,Comedy,Robert Stevenson,1964,139,0,7.00
PRO006508,2025-04-13 19:30:00,Full Metal Jacket,Drama,Stanley Kubrick,1987,116,12,10.00
PRO006509,2025-04-14 10:30:00,Who Framed Roger Rabbit,Animation,Robert Zemeckis,1988,104,0,6.50
PRO006510,2025-04-14 13:00:00,The Muppet Christmas Carol,Comedy,Brian Henson,1992,85,0,7.00
PRO006511,2025-04-15 10:30:00,Breaking the Waves,Drama,Lars von Trier,1996,159,16,8.00
PRO006512,2025-04-15 14:00:00,Le locataire,Drama,Roman Polanski,1976,126,16,8.50
PRO006513,2025-04-16 10:00:00,In America,Drama,Jim Sheridan,2002,105,12,7.50
PRO006514,2025-04-17 10:00:00,My Cousin Vinny,Comedy,Jonathan Lynn,1992,120,12,8.50
PRO006515,2025-04-17 12:30:00,The Last of the Mohicans,Action,Michael Mann,1992,112,12,6.50
PRO006516,2025-04-17 15:30:00,The Bridges of Madison County,Drama,Clint Eastwood,1995,135,12,7.00
PRO006517,2025-04-18 10:30:00,Amélie,Comedy,Jean-Pierre Jeunet,2001,122,0,8.50
PRO006518,2025-04-19 10:00:00,Paper Moon,Comedy,Peter Bogdanovich,1973,102,0,7.00
PRO006519,2025-04-19 12:30:00,The Bridges of Madison County,Drama,Clint Eastwood,1995,135,12,8.50
PRO006520,2025-04-19 15:30:00,The Sting,Comedy,George Roy Hill,1973,129,0,8.50
PRO006521,2025-04-19 18:30:00,Deliverance,Adventure,John Boorman,1972,109,0,9.00
PRO006522,2025-04-20 10:00:00,Pink Floyd: The Wall,Drama,Alan Parker,1982,95,12,8.50
PRO006523,2025-04-20 12:30:00,Miracle on 34th Street,Comedy,George Seaton,1947,96,12,7.50
PRO006524,2025-04-20 15:00:00,My Cousin Vinny,Comedy,Jonathan Lynn,1992,120,12,7.50
PRO006525,2025-04-20 18:00:00,Full Metal Jacket,Drama,Stanley Kubrick,1987,116,12,9.50
PRO006526,2025-04-21 10:00:00,Who Framed Roger Rabbit,Animation,Robert Zemeckis,1988,104,0,8.00
PRO006527,2025-04-21 12:30:00,Forrest Gump,Drama,Robert Zemeckis,1994,142,12,8.50
PRO006528,2025-04-22 10:00:00,Deliverance,Adventure,John Boorman,1972,109,0,6.50
PRO006529,2025-04-22 12:30:00,Breaking the Waves,Drama,Lars von Trier,1996,159,16,7.50
PRO006530,2025-04-22 16:00:00,Pink Floyd: The Wall,Drama,Alan Parker,1982,95,12,7.50
PRO006531,2025-04-23 10:30:00,Giù la testa,Drama,Sergio Leone,1971,157,6,6.50
PRO006532,2025-04-24 10:30:00,My Cousin Vinny,Comedy,Jonathan Lynn,1992,120,12,6.50
PRO006533,2025-04-24 13:00:00,Trois couleurs: Blanc,Comedy,Krzysztof Kieslowski,1994,92,0,6.50
PRO006534,2025-04-24 15:30:00,Mary Poppins,Comedy,Robert Stevenson,1964,139,0,8.50
PRO006535,2025-04-25 10:30:00,Airplane!,Comedy,Jim Abrahams,1980,88,0,7.00
PRO006536,2025-04-25 12:30:00,The Sting,Comedy,George Roy Hill,1973,129,0,8.00
PRO006537,2025-04-25 15:30:00,Kelly's Heroes,Adventure,Brian G. Hutton,1970,144,12,6.50
PRO006538,2025-04-26 10:30:00,The Breakfast Club,Comedy,John Hughes,1985,97,12,6.50
PRO006539,2025-04-26 13:00:00,Airplane!,Comedy,Jim Abrahams,1980,88,0,8.50
PRO006540,2025-04-26 15:30:00,Amélie,Comedy,Jean-Pierre Jeunet,2001,122,0,7.50
PRO006541,2025-04-26 18:30:00,Mononoke-hime,Animation,Hayao Miyazaki,1997,134,0,8.50
PRO006542,2025-04-27 10:30:00,The Last of the Mohicans,Action,Michael Mann,1992,112,12,7.50
PRO006543,2025-04-27 13:00:00,Pride & Prejudice,Drama,Joe Wright,2005,129,6,8.00
PRO006544,2025-04-27 16:00:00,The Breakfast Club,Comedy,John Hughes,1985,97,12,6.50
PRO006545,2025-04-27 18:30:00,Mononoke-hime,Animation,Hayao Miyazaki,1997,134,0,9.00
PRO006546,2025-04-28 10:00:00,Night on Earth,Comedy,Jim Jarmusch,1991,129,16,7.50
PRO006547,2025-04-28 13:00:00,Fried Green Tomatoes,Drama,Jon Avnet,1991,130,12,7.50
PRO006548,2025-04-29 10:30:00,Pride & Prejudice,Drama,Joe Wright,2005,129,6,8.50
PRO006549,2025-04-29 13:30:00,The Last of the Mohicans,Action,Michael Mann,1992,112,12,6.50
PRO006550,2025-04-29 16:00:00,Forrest Gump,Drama,Robert Zemeckis,1994,142,12,7.50
PRO006551,2025-04-30 10:30:00,Giù la testa,Drama,Sergio Leone,1971,157,6,7.50
PRO006552,2025-04-30 14:00:00,Lilja 4-ever,Crime,Lukas Moodysson,2002,109,16,8.50
PRO006553,2025-04-30 16:30:00,In America,Drama,Jim Sheridan,2002,105,12,8.00
PRO006554,2025-05-01 10:00:00,Night on Earth,Comedy,Jim Jarmusch,1991,129,16,6.50
PRO006555,2025-05-01 13:00:00,Happiness,Comedy,Todd Solondz,1998,134,12,7.50
PRO006556,2025-05-01 16:00:00,Amélie,Comedy,Jean-Pierre Jeunet,2001,122,0,7.00
PRO006557,2025-05-02 10:00:00,The Bridges of Madison County,Drama,Clint Eastwood,1995,135,12,8.00
PRO006558,2025-05-02 13:00:00,Wait Until Dark,Thriller,Terence Young,1967,108,12,8.00
PRO006559,2025-05-02 15:30:00,Nuovo Cinema Paradiso,Drama,Giuseppe Tornatore,1988,155,0,6.50
PRO006560,2025-05-03 10:30:00,Amélie,Comedy,Jean-Pierre Jeunet,2001,122,0,8.50
PRO006561,2025-05-03 13:30:00,Un long dimanche de fiançailles,Drama,Jean-Pierre Jeunet,2004,133,0,8.50
PRO006562,2025-05-03 16:30:00,Gandhi,Biography,Richard Attenborough,1982,191,0,6.50
PRO006563,2025-05-03 20:30:00,Deliverance,Adventure,John Boorman,1972,109,0,9.50
PRO006564,2025-05-04 10:30:00,Forrest Gump,Drama,Robert Zemeckis,1994,142,12,8.50
PRO006565,2025-05-04 13:30:00,Un long dimanche de fiançailles,Drama,Jean-Pierre Jeunet,2004,133,0,8.00
PRO006566,2025-05-04 16:30:00,The Sting,Comedy,George Roy Hill,1973,129,0,6.50
PRO006567,2025-05-05 10:30:00,Mononoke-hime,Animation,Hayao Miyazaki,1997,134,0,8.00
PRO006568,2025-05-06 10:30:00,Deliverance,Adventure,John Boorman,1972,109,0,8.00
PRO006569,2025-05-07 10:30:00,My Cousin Vinny,Comedy,Jonathan Lynn,1992,120,12,8.00
PRO006570,2025-05-08 10:30:00,Amélie,Comedy,Jean-Pierre Jeunet,2001,122,0,8.50
PRO006571,2025-05-08 13:30:00,Trois couleurs: Bleu,Drama,Krzysztof Kieslowski,1993,94,0,8.50
PRO006572,2025-05-09 10:00:00,Mononoke-hime,Animation,Hayao Miyazaki,1997,134,0,7.50
PRO006573,2025-05-10 10:00:00,Giù la testa,Drama,Sergio Leone,1971,157,6,7.00
PRO006574,2025-05-10 13:30:00,Deliverance,Adventure,John Boorman,1972,109,0,7.00
PRO006575,2025-05-10 16:00:00,Giù la testa,Drama,Sergio Leone,1971,157,6,8.00
PRO006576,2025-05-10 19:30:00,21 Grams,Crime,Alejandro G. Iñárritu,2003,124,12,10.00
PRO006577,2025-05-11 10:30:00,21 Grams,Crime,Alejandro G. Iñárritu,2003,124,12,8.50
PRO006578,2025-05-11 13:30:00,In America,Drama,Jim Sheridan,2002,105,12,8.50
PRO006579,2025-05-11 16:00:00,Night on Earth,Comedy,Jim Jarmusch,1991,129,16,6.50
PRO006580,2025-05-12 10:00:00,The Breakfast Club,Comedy,John Hughes,1985,97,12,8.50
PRO006581,2025-05-12 12:30:00,The Bridges of Madison County,Drama,Clint Eastwood,1995,135,12,6.50
PRO006582,2025-05-12 15:30:00,Edward Scissorhands,Drama,Tim Burton,1990,105,0,7.00
PRO006583,2025-05-13 10:30:00,Forrest Gump,Drama,Robert Zemeckis,1994,142,12,6.50
PRO006584,2025-05-13 13:30:00,Miracle on 34th Street,Comedy,George Seaton,1947,96,12,7.00
PRO006585,2025-05-13 16:00:00,Night on Earth,Comedy,Jim Jarmusch,1991,129,16,6.50
PRO006586,2025-05-14 10:00:00,The General,Action,Clyde Bruckman,1926,67,12,8.00
PRO006587,2025-05-14 12:00:00,Clerks,Comedy,Kevin Smith,1994,92,16,8.50
PRO006588,2025-05-14 14:30:00,The Last of the Mohicans,Action,Michael Mann,1992,112,12,8.00
PRO006589,2025-05-15 10:30:00,My Cousin Vinny,Comedy,Jonathan Lynn,1992,120,12,7.50
PRO006590,2025-05-16 10:00:00,A Little Princess,Drama,Alfonso Cuarón,1995,97,0,8.50
PRO006591,2025-05-17 10:00:00,Happiness,Comedy,Todd Solondz,1998,134,12,8.50
PRO006592,2025-05-17 13:00:00,Ladri di biciclette,Drama,Vittorio De Sica,1948,89,12,8.50
PRO006593,2025-05-17 15:30:00,Secrets & Lies,Comedy,Mike Leigh,1996,136,0,7.00
PRO006594,2025-05-18 10:00:00,The General,Action,Clyde Bruckman,1926,67,12,8.00
PRO006595,2025-05-18 12:00:00,21 Grams,Crime,Alejandro G. Iñárritu,2003,124,12,7.00
PRO006596,2025-05-18 15:00:00,Bin-jip,Crime,Ki-duk Kim,2004,88,0,8.00
PRO006597,2025-05-19 10:00:00,Bin-jip,Crime,Ki-duk Kim,2004,88,0,8.00
PRO006598,2025-05-19 12:30:00,Le samouraï,Crime,Jean-Pierre Melville,1967,105,12,6.50
PRO006599,2025-05-20 10:00:00,Edward Scissorhands,Drama,Tim Burton,1990,105,0,7.50
PRO006600,2025-05-21 10:30:00,The General,Action,Clyde Bruckman,1926,67,12,6.50
PRO006601,2025-05-21 12:30:00,The Verdict,Drama,Sidney Lumet,1982,129,0,7.00
PRO006602,2025-05-22 10:00:00,Happiness,Comedy,Todd Solondz,1998,134,12,7.50
PRO006603,2025-05-22 13:00:00,The General,Action,Clyde Bruckman,1926,67,12,6.50
PRO006604,2025-05-23 10:00:00,Andaz Apna Apna,Action,Rajkumar Santoshi,1994,160,0,8.50
PRO006605,2025-05-23 13:30:00,The Jungle Book,Animation,Wolfgang Reitherman,1967,78,0,6.50
PRO006606,2025-05-23 15:30:00,Le samouraï,Crime,Jean-Pierre Melville,1967,105,12,7.50
PRO006607,2025-05-24 10:00:00,G.O.R.A.,Adventure,Ömer Faruk Sorak,2004,127,12,8.50
PRO006608,2025-05-24 13:00:00,Fitzcarraldo,Adventure,Werner Herzog,1982,158,16,7.50
PRO006609,2025-05-24 16:30:00,The General,Action,Clyde Bruckman,1926,67,12,7.00
PRO006610,2025-05-24 18:30:00,The Iron Giant,Animation,Brad Bird,1999,86,6,10.00
PRO006611,2025-05-25 10:00:00,Les triplettes de Belleville,Animation,Sylvain Chomet,2003,80,12,8.50
PRO006612,2025-05-25 12:00:00,Night on Earth,Comedy,Jim Jarmusch,1991,129,16,7.00
PRO006613,2025-05-25 15:00:00,"O Brother, Where Art Thou?",Adventure,Joel Coen,2000,107,0,8.50
PRO006614,2025-05-25 17:30:00,Clerks,Comedy,Kevin Smith,1994,92,16,7.00
PRO006615,2025-05-26 10:30:00,Fitzcarraldo,Adventure,Werner Herzog,1982,158,16,7.50
PRO006616,2025-05-26 14:00:00,21 Grams,Crime,Alejandro G. Iñárritu,2003,124,12,7.50
PRO006617,2025-05-27 10:00:00,Taxi Driver,Crime,Martin Scorsese,1976,114,12,8.50
PRO006618,2025-05-28 10:30:00,Les triplettes de Belleville,Animation,Sylvain Chomet,2003,80,12,8.50
PRO006619,2025-05-28 12:30:00,Edward Scissorhands,Drama,Tim Burton,1990,105,0,8.00
PRO006620,2025-05-29 10:00:00,Gandhi,Biography,Richard Attenborough,1982,191,0,8.00
PRO006621,2025-05-29 14:00:00,The Iron Giant,Animation,Brad Bird,1999,86,6,8.00
PRO006622,2025-05-30 10:00:00,21 Grams,Crime,Alejandro G. Iñárritu,2003,124,12,8.50
PRO006623,2025-05-31 10:30:00,Secrets & Lies,Comedy,Mike Leigh,1996,136,0,6.50
PRO006624,2025-05-31 13:30:00,High Noon,Drama,Fred Zinnemann,1952,85,6,8.00
PRO006625,2025-05-31 15:30:00,The Verdict,Drama,Sidney Lumet,1982,129,0,8.50
PRO006626,2025-06-01 10:00:00,Le samouraï,Crime,Jean-Pierre Melville,1967,105,12,8.50
PRO006627,2025-06-01 12:30:00,The Untouchables,Crime,Brian De Palma,1987,119,12,8.00
PRO006628,2025-06-01 15:30:00,A Little Princess,Drama,Alfonso Cuarón,1995,97,0,7.00
PRO006629,2025-06-01 18:00:00,Le samouraï,Crime,Jean-Pierre Melville,1967,105,12,9.00
PRO006630,2025-06-02 10:30:00,Ladri di biciclette,Drama,Vittorio De Sica,1948,89,12,6.50
PRO006631,2025-06-02 13:00:00,High Noon,Drama,Fred Zinnemann,1952,85,6,6.50
PRO006632,2025-06-03 10:00:00,"O Brother, Where Art Thou?",Adventure,Joel Coen,2000,107,0,6.50
PRO006633,2025-06-04 10:00:00,Edward Scissorhands,Drama,Tim Burton,1990,105,0,8.00
PRO006634,2025-06-05 10:00:00,"O Brother, Where Art Thou?",Adventure,Joel Coen,2000,107,0,6.50
PRO006635,2025-06-06 10:00:00,Ladri di biciclette,Drama,Vittorio De Sica,1948,89,12,6.50
PRO006636,2025-06-07 10:00:00,"O Brother, Where Art Thou?",Adventure,Joel Coen,2000,107,0,8.00
PRO006637,2025-06-07 12:30:00,Ying xiong,Action,Yimou Zhang,2002,120,12,8.50
PRO006638,2025-06-07 15:30:00,Fitzcarraldo,Adventure,Werner Herzog,1982,158,16,8.00
PRO006639,2025-06-07 19:00:00,High Noon,Drama,Fred Zinnemann,1952,85,6,9.00
PRO006640,2025-06-08 10:30:00,The General,Action,Clyde Bruckman,1926,67,12,8.00
PRO006641,2025-06-08 12:30:00,G.O.R.A.,Adventure,Ömer Faruk Sorak,2004,127,12,7.00
PRO006642,2025-06-08 15:30:00,High Noon,Drama,Fred Zinnemann,1952,85,6,7.50
PRO006643,2025-06-08 18:00:00,Eskiya,Crime,Yavuz Turgul,1996,128,12,8.50
PRO006644,2025-06-09 10:00:00,The Verdict,Drama,Sidney Lumet,1982,129,0,8.50
PRO006645,2025-06-09 13:00:00,"O Brother, Where Art Thou?",Adventure,Joel Coen,2000,107,0,7.50
PRO006646,2025-06-10 10:30:00,Andaz Apna Apna,Action,Rajkumar Santoshi,1994,160,0,8.50
PRO006647,2025-06-10 14:00:00,Ladri di biciclette,Drama,Vittorio De Sica,1948,89,12,8.50
PRO006648,2025-06-11 10:30:00,Airplane!,Comedy,Jim Abrahams,1980,88,0,8.50
PRO006649,2025-06-11 12:30:00,Andaz Apna Apna,Action,Rajkumar Santoshi,1994,160,0,7.00
PRO006650,2025-06-11 16:00:00,Ying xiong,Action,Yimou Zhang,2002,120,12,7.50
PRO006651,2025-06-12 10:00:00,Les triplettes de Belleville,Animation,Sylvain Chomet,2003,80,12,8.00
PRO006652,2025-06-13 10:00:00,Ladri di biciclette,Drama,Vittorio De Sica,1948,89,12,7.50
PRO006653,2025-06-14 10:30:00,Where Eagles Dare,Action,Brian G. Hutton,1968,158,0,7.00
PRO006654,2025-06-14 14:00:00,The Jungle Book,Animation,Wolfgang Reitherman,1967,78,0,6.50
PRO006655,2025-06-14 16:00:00,Ordinary People,Drama,Robert Redford,1980,124,0,7.50
PRO006656,2025-06-14 19:00:00,Andaz Apna Apna,Action,Rajkumar Santoshi,1994,160,0,9.00
PRO006657,2025-06-15 10:00:00,Bin-jip,Crime,Ki-duk Kim,2004,88,0,8.00
PRO006658,2025-06-15 12:30:00,Fitzcarraldo,Adventure,Werner Herzog,1982,158,16,7.00
PRO006659,2025-06-15 16:00:00,Fitzcarraldo,Adventure,Werner Herzog,1982,158,16,7.50
PRO006660,2025-06-16 10:00:00,The Iron Giant,Animation,Brad Bird,1999,86,6,7.00
PRO006661,2025-06-16 12:00:00,The Untouchables,Crime,Brian De Palma,1987,119,12,8.00
PRO006662,2025-06-17 10:30:00,Ladri di biciclette,Drama,Vittorio De Sica,1948,89,12,7.50
PRO006663,2025-06-17 13:00:00,Toy Story 2,Animation,John Lasseter,1999,92,0,6.50
PRO006664,2025-06-18 10:30:00,The Iron Giant,Animation,Brad Bird,1999,86,6,7.50
PRO006665,2025-06-19 10:00:00,Akira,Animation,Katsuhiro Ôtomo,1988,124,12,7.50
PRO006666,2025-06-20 10:00:00,It's a Wonderful Life,Drama,Frank Capra,1946,130,6,8.00
PRO006667,2025-06-20 13:00:00,Akira,Animation,Katsuhiro Ôtomo,1988,124,12,6.50
PRO006668,2025-06-21 10:30:00,The Count of Monte Cristo,Action,Kevin Reynolds,2002,131,12,6.50
PRO006669,2025-06-21 13:30:00,Les triplettes de Belleville,Animation,Sylvain Chomet,2003,80,12,8.00
PRO006670,2025-06-21 15:30:00,Roman Holiday,Comedy,William Wyler,1953,118,12,6.50
PRO006671,2025-06-22 10:30:00,The Iron Giant,Animation,Brad Bird,1999,86,6,6.50
PRO006672,2025-06-22 12:30:00,High Noon,Drama,Fred Zinnemann,1952,85,6,6.50
PRO006673,2025-06-22 15:00:00,The Count of Monte Cristo,Action,Kevin Reynolds,2002,131,12,7.00
PRO006674,2025-06-23 10:00:00,It's a Wonderful Life,Drama,Frank Capra,1946,130,6,7.50
PRO006675,2025-06-23 13:00:00,Ordinary People,Drama,Robert Redford,1980,124,0,7.50
PRO006676,2025-06-23 16:00:00,Andaz Apna Apna,Action,Rajkumar Santoshi,1994,160,0,6.50
PRO006677,2025-06-24 10:30:00,Ben-Hur,Adventure,William Wyler,1959,212,0,8.00
PRO006678,2025-06-24 15:00:00,Where Eagles Dare,Action,Brian G. Hutton,1968,158,0,7.50
PRO006679,2025-06-25 10:00:00,The Untouchables,Crime,Brian De Palma,1987,119,12,8.50
PRO006680,2025-06-25 13:00:00,Akira,Animation,Katsuhiro Ôtomo,1988,124,12,6.50
PRO006681,2025-06-26 10:00:00,Where Eagles Dare,Action,Brian G. Hutton,1968,158,0,7.00
PRO006682,2025-06-27 10:00:00,Vozvrashchenie,Drama,Andrey Zvyagintsev,2003,110,12,6.50
PRO006683,2025-06-28 10:30:00,The General,Action,Clyde Bruckman,1926,67,12,6.50
PRO006684,2025-06-28 12:30:00,The Quiet Man,Comedy,John Ford,1952,129,12,7.00
PRO006685,2025-06-28 15:30:00,Toy Story 2,Animation,John Lasseter,1999,92,0,6.50
PRO006686,2025-06-29 10:00:00,Ladri di biciclette,Drama,Vittorio De Sica,1948,89,12,7.50
PRO006687,2025-06-29 12:30:00,The General,Action,Clyde Bruckman,1926,67,12,8.00
PRO006688,2025-06-29 14:30:00,Kelly's Heroes,Adventure,Brian G. Hutton,1970,144,12,6.50
PRO006689,2025-06-30 10:00:00,Eskiya,Crime,Yavuz Turgul,1996,128,12,7.00
PRO006690,2025-06-30 13:00:00,Akira,Animation,Katsuhiro Ôtomo,1988,124,12,8.50
PRO006691,2025-07-01 10:30:00,Requiem for a Dream,Drama,Darren Aronofsky,2000,102,12,6.50
PRO006692,2025-07-02 10:30:00,Match Point,Drama,Woody Allen,2005,124,16,6.50
PRO006693,2025-07-02 13:30:00,The Fifth Element,Action,Luc Besson,1997,126,12,6.50
PRO006694,2025-07-02 16:30:00,Match Point,Drama,Woody Allen,2005,124,16,7.50
PRO006695,2025-07-03 10:00:00,Akira,Animation,Katsuhiro Ôtomo,1988,124,12,6.50
PRO006696,2025-07-04 10:00:00,The Untouchables,Crime,Brian De Palma,1987,119,12,7.00
PRO006697,2025-07-04 13:00:00,Match Point,Drama,Woody Allen,2005,124,16,7.00
PRO006698,2025-07-05 10:30:00,Back to the Future,Adventure,Robert Zemeckis,1985,116,0,7.50
PRO006699,2025-07-05 13:30:00,Back to the Future,Adventure,Robert Zemeckis,1985,116,0,7.50
PRO006700,2025-07-05 16:30:00,Vozvrashchenie,Drama,Andrey Zvyagintsev,2003,110,12,7.50
PRO006701,2025-07-05 19:00:00,"O Brother, Where Art Thou?",Adventure,Joel Coen,2000,107,0,10.00
PRO006702,2025-07-06 10:00:00,The Verdict,Drama,Sidney Lumet,1982,129,0,6.50
PRO006703,2025-07-06 13:00:00,The Jungle Book,Animation,Wolfgang Reitherman,1967,78,0,8.50
PRO006704,2025-07-06 15:00:00,The Bourne Supremacy,Action,Paul Greengrass,2004,108,12,7.50
PRO006705,2025-07-06 17:30:00,Ben-Hur,Adventure,William Wyler,1959,212,0,6.50
PRO006706,2025-07-07 10:30:00,Akira,Animation,Katsuhiro Ôtomo,1988,124,12,6.50
PRO006707,2025-07-07 13:30:00,The Fifth Element,Action,Luc Besson,1997,126,12,8.50
PRO006708,2025-07-07 16:30:00,The Fifth Element,Action,Luc Besson,1997,126,12,8.50
PRO006709,2025-07-08 10:30:00,Solaris,Drama,Andrei Tarkovsky,1972,167,6,7.00
PRO006710,2025-07-09 10:00:00,Mulan,Animation,Tony Bancroft,1998,88,0,8.00
PRO006711,2025-07-10 10:30:00,Eskiya,Crime,Yavuz Turgul,1996,128,12,8.00
PRO006712,2025-07-10 13:30:00,The Bourne Supremacy,Action,Paul Greengrass,2004,108,12,6.50
PRO006713,2025-07-11 10:30:00,Lost in Translation,Comedy,Sofia Coppola,2003,102,12,8.50
PRO006714,2025-07-12 10:30:00,The Fifth Element,Action,Luc Besson,1997,126,12,6.50
PRO006715,2025-07-12 13:30:00,It's a Wonderful Life,Drama,Frank Capra,1946,130,6,6.50
PRO006716,2025-07-12 16:30:00,Match Point,Drama,Woody Allen,2005,124,16,8.50
PRO006717,2025-07-13 10:30:00,Un long dimanche de fiançailles,Drama,Jean-Pierre Jeunet,2004,133,0,6.50
PRO006718,2025-07-13 13:30:00,Kelly's Heroes,Adventure,Brian G. Hutton,1970,144,12,8.00
PRO006719,2025-07-13 17:00:00,Solaris,Drama,Andrei Tarkovsky,1972,167,6,8.50
PRO006720,2025-07-14 10:30:00,The Best Years of Our Lives,Drama,William Wyler,1946,170,12,8.50
PRO006721,2025-07-14 14:00:00,Charade,Comedy,Stanley Donen,1963,113,0,8.00
PRO006722,2025-07-14 17:00:00,The Best Years of Our Lives,Drama,William Wyler,1946,170,12,8.50
PRO006723,2025-07-15 10:30:00,Ben-Hur,Adventure,William Wyler,1959,212,0,7.00
PRO006724,2025-07-16 10:00:00,The Fifth Element,Action,Luc Besson,1997,126,12,8.00
PRO006725,2025-07-16 13:00:00,Boogie Nights,Drama,Paul Thomas Anderson,1997,155,16,8.50
PRO006726,2025-07-16 16:30:00,Anand,Drama,Hrishikesh Mukherjee,1971,122,0,6.50
PRO006727,2025-07-17 10:00:00,The Day of the Jackal,Crime,Fred Zinnemann,1973,143,12,8.00
PRO006728,2025-07-17 13:00:00,Mr. Smith Goes to Washington,Comedy,Frank Capra,1939,129,12,8.00
PRO006729,2025-07-18 10:00:00,Match Point,Drama,Woody Allen,2005,124,16,7.00
PRO006730,2025-07-18 13:00:00,Toy Story 2,Animation,John Lasseter,1999,92,0,7.00
PRO006731,2025-07-19 10:00:00,Lord of War,Action,Andrew Niccol,2005,122,16,7.50
PRO006732,2025-07-19 13:00:00,The Bourne Supremacy,Action,Paul Greengrass,2004,108,12,6.50
PRO006733,2025-07-19 15:30:00,Kelly's Heroes,Adventure,Brian G. Hutton,1970,144,12,6.50
PRO006734,2025-07-20 10:30:00,Days of Heaven,Drama,Terrence Malick,1978,94,6,7.00
PRO006735,2025-07-20 13:00:00,The Straight Story,Biography,David Lynch,1999,112,0,8.00
PRO006736,2025-07-20 15:30:00,Roman Holiday,Comedy,William Wyler,1953,118,12,8.50
PRO006737,2025-07-20 18:30:00,Interstate 60: Episodes of the Road,Adventure,Bob Gale,2002,116,16,9.00
PRO006738,2025-07-21 10:30:00,The Best Years of Our Lives,Drama,William Wyler,1946,170,12,6.50
PRO006739,2025-07-21 14:00:00,The Straight Story,Biography,David Lynch,1999,112,0,7.00
PRO006740,2025-07-21 17:00:00,The Fifth Element,Action,Luc Besson,1997,126,12,7.50
PRO006741,2025-07-22 10:30:00,Ordinary People,Drama,Robert Redford,1980,124,0,7.50
PRO006742,2025-07-22 13:30:00,Mr. Smith Goes to Washington,Comedy,Frank Capra,1939,129,12,8.00
PRO006743,2025-07-23 10:00:00,The Best Years of Our Lives,Drama,William Wyler,1946,170,12,7.50
PRO006744,2025-07-24 10:00:00,Du rififi chez les hommes,Crime,Jules Dassin,1955,118,12,8.50
PRO006745,2025-07-25 10:30:00,Anand,Drama,Hrishikesh Mukherjee,1971,122,0,8.50
PRO006746,2025-07-25 13:30:00,Days of Heaven,Drama,Terrence Malick,1978,94,6,8.00
PRO006747,2025-07-26 10:00:00,Du rififi chez les hommes,Crime,Jules Dassin,1955,118,12,7.00
PRO006748,2025-07-26 13:00:00,Interstate 60: Episodes of the Road,Adventure,Bob Gale,2002,116,16,8.50
PRO006749,2025-07-26 15:30:00,Days of Heaven,Drama,Terrence Malick,1978,94,6,8.00
PRO006750,2025-07-27 10:30:00,Höstsonaten,Drama,Ingmar Bergman,1978,99,0,8.00
PRO006751,2025-07-27 13:00:00,Days of Heaven,Drama,Terrence Malick,1978,94,6,7.50
PRO006752,2025-07-27 15:30:00,One Flew Over the Cuckoo's Nest,Drama,Milos Forman,1975,133,12,8.00
PRO006753,2025-07-28 10:30:00,Match Point,Drama,Woody Allen,2005,124,16,6.50
PRO006754,2025-07-28 13:30:00,Black,Drama,Sanjay Leela Bhansali,2005,122,0,8.50
PRO006755,2025-07-29 10:30:00,Some Like It Hot,Comedy,Billy Wilder,1959,121,0,7.50
PRO006756,2025-07-29 13:30:00,The Straight Story,Biography,David Lynch,1999,112,0,8.00
PRO006757,2025-07-30 10:00:00,G.O.R.A.,Adventure,Ömer Faruk Sorak,2004,127,12,7.00
PRO006758,2025-07-31 10:30:00,American Beauty,Drama,Sam Mendes,1999,122,12,8.00
PRO006759,2025-07-31 13:30:00,Seppuku,Action,Masaki Kobayashi,1962,133,12,6.50
PRO006760,2025-08-01 10:30:00,Central do Brasil,Drama,Walter Salles,1998,110,16,7.50
PRO006761,2025-08-01 13:00:00,Du rififi chez les hommes,Crime,Jules Dassin,1955,118,12,7.50
PRO006762,2025-08-01 15:30:00,Bonnie and Clyde,Action,Arthur Penn,1967,111,12,8.50
PRO006763,2025-08-02 10:00:00,Lord of War,Action,Andrew Niccol,2005,122,16,7.50
PRO006764,2025-08-02 13:00:00,The Outlaw Josey Wales,Western,Clint Eastwood,1976,135,12,6.50
PRO006765,2025-08-02 16:00:00,Naked,Comedy,Mike Leigh,1993,132,12,7.00
PRO006766,2025-08-02 19:00:00,Du rififi chez les hommes,Crime,Jules Dassin,1955,118,12,8.50
PRO006767,2025-08-03 10:00:00,The Bourne Supremacy,Action,Paul Greengrass,2004,108,12,7.00
PRO006768,2025-08-03 12:30:00,Höstsonaten,Drama,Ingmar Bergman,1978,99,0,7.00
PRO006769,2025-08-03 15:00:00,The Day of the Jackal,Crime,Fred Zinnemann,1973,143,12,6.50
PRO006770,2025-08-04 10:00:00,American Beauty,Drama,Sam Mendes,1999,122,12,7.50
PRO006771,2025-08-04 13:00:00,The Day of the Jackal,Crime,Fred Zinnemann,1973,143,12,8.50
PRO006772,2025-08-05 10:00:00,American Beauty,Drama,Sam Mendes,1999,122,12,7.50
PRO006773,2025-08-06 10:30:00,A Streetcar Named Desire,Drama,Elia Kazan,1951,122,12,7.00
PRO006774,2025-08-07 10:30:00,Black,Drama,Sanjay Leela Bhansali,2005,122,0,8.50
PRO006775,2025-08-07 13:30:00,The Best Years of Our Lives,Drama,William Wyler,1946,170,12,7.00
PRO006776,2025-08-08 10:00:00,Fiddler on the Roof,Drama,Norman Jewison,1971,181,0,8.00
PRO006777,2025-08-08 14:00:00,Spartacus,Adventure,Stanley Kubrick,1960,197,12,6.50
PRO006778,2025-08-09 10:30:00,Spartacus,Adventure,Stanley Kubrick,1960,197,12,8.50
PRO006779,2025-08-09 14:30:00,Spartacus,Adventure,Stanley Kubrick,1960,197,12,7.50
PRO006780,2025-08-09 18:30:00,The Day of the Jackal,Crime,Fred Zinnemann,1973,143,12,10.00
PRO006781,2025-08-10 10:00:00,American Beauty,Drama,Sam Mendes,1999,122,12,7.00
PRO006782,2025-08-10 13:00:00,One Flew Over the Cuckoo's Nest,Drama,Milos Forman,1975,133,12,8.00
PRO006783,2025-08-10 16:00:00,Watership Down,Animation,Martin Rosen,1978,91,0,8.00
PRO006784,2025-08-10 18:30:00,Mr. Smith Goes to Washington,Comedy,Frank Capra,1939,129,12,9.50
PRO006785,2025-08-11 10:30:00,Full Metal Jacket,Drama,Stanley Kubrick,1987,116,12,7.00
PRO006786,2025-08-11 13:30:00,Kaze no tani no Naushika,Animation,Hayao Miyazaki,1984,117,0,7.00
PRO006787,2025-08-12 10:00:00,Black Hawk Down,Drama,Ridley Scott,2001,144,12,7.50
PRO006788,2025-08-12 13:00:00,Black Hawk Down,Drama,Ridley Scott,2001,144,12,8.00
PRO006789,2025-08-13 10:00:00,Spartacus,Adventure,Stanley Kubrick,1960,197,12,8.50
PRO006790,2025-08-14 10:30:00,Requiem for a Dream,Drama,Darren Aronofsky,2000,102,12,7.50
PRO006791,2025-08-14 13:00:00,The Outlaw Josey Wales,Western,Clint Eastwood,1976,135,12,7.50
PRO006792,2025-08-15 10:30:00,Lord of War,Action,Andrew Niccol,2005,122,16,7.50
PRO006793,2025-08-15 13:30:00,American Beauty,Drama,Sam Mendes,1999,122,12,7.00
PRO006794,2025-08-16 10:30:00,The Bourne Supremacy,Action,Paul Greengrass,2004,108,12,8.00
PRO006795,2025-08-16 13:30:00,Watership Down,Animation,Martin Rosen,1978,91,0,8.00
PRO006796,2025-08-16 16:00:00,Some Like It Hot,Comedy,Billy Wilder,1959,121,0,7.50
PRO006797,2025-08-16 19:00:00,The Day of the Jackal,Crime,Fred Zinnemann,1973,143,12,8.50
PRO006798,2025-08-17 10:00:00,Naked,Comedy,Mike Leigh,1993,132,12,6.50
PRO006799,2025-08-17 13:00:00,Breakfast at Tiffany's,Comedy,Blake Edwards,1961,115,12,8.00
PRO006800,2025-08-17 16:00:00,Interstate 60: Episodes of the Road,Adventure,Bob Gale,2002,116,16,7.50
PRO006801,2025-08-17 19:00:00,Kaze no tani no Naushika,Animation,Hayao Miyazaki,1984,117,0,10.00
PRO006802,2025-08-18 10:00:00,Watership Down,Animation,Martin Rosen,1978,91,0,6.50
PRO006803,2025-08-18 12:30:00,The Outlaw Josey Wales,Western,Clint Eastwood,1976,135,12,7.00
PRO006804,2025-08-18 15:30:00,Ordinary People,Drama,Robert Redford,1980,124,0,6.50
PRO006805,2025-08-19 10:00:00,Mr. Smith Goes to Washington,Comedy,Frank Capra,1939,129,12,8.00
PRO006806,2025-08-20 10:30:00,Black,Drama,Sanjay Leela Bhansali,2005,122,0,8.00
PRO006807,2025-08-20 13:30:00,One Flew Over the Cuckoo's Nest,Drama,Milos Forman,1975,133,12,7.50
PRO006808,2025-08-20 16:30:00,G.O.R.A.,Adventure,Ömer Faruk Sorak,2004,127,12,6.50
PRO006809,2025-08-21 10:00:00,American Beauty,Drama,Sam Mendes,1999,122,12,7.50
PRO006810,2025-08-22 10:00:00,Full Metal Jacket,Drama,Stanley Kubrick,1987,116,12,7.00
PRO006811,2025-08-23 10:00:00,Withnail & I,Comedy,Bruce Robinson,1987,107,16,6.50
PRO006812,2025-08-23 12:30:00,Mr. Smith Goes to Washington,Comedy,Frank Capra,1939,129,12,8.00
PRO006813,2025-08-23 15:30:00,Withnail & I,Comedy,Bruce Robinson,1987,107,16,6.50
PRO006814,2025-08-23 18:30:00,Days of Heaven,Drama,Terrence Malick,1978,94,6,9.50
PRO006815,2025-08-24 10:00:00,Eskiya,Crime,Yavuz Turgul,1996,128,12,7.50
PRO006816,2025-08-24 13:00:00,Spartacus,Adventure,Stanley Kubrick,1960,197,12,6.50
PRO006817,2025-08-24 17:00:00,The Outlaw Josey Wales,Western,Clint Eastwood,1976,135,12,8.00
PRO006818,2025-08-24 20:00:00,The Green Mile,Crime,Frank Darabont,1999,189,12,9.00
PRO006819,2025-08-25 10:30:00,Harvey,Comedy,Henry Koster,1950,104,12,7.00
PRO006820,2025-08-25 13:00:00,All Quiet on the Western Front,Drama,Lewis Milestone,1930,152,0,7.50
PRO006821,2025-08-26 10:00:00,Jungfrukällan,Drama,Ingmar Bergman,1960,89,12,6.50
PRO006822,2025-08-26 12:30:00,Kaze no tani no Naushika,Animation,Hayao Miyazaki,1984,117,0,7.50
PRO006823,2025-08-26 15:30:00,The Green Mile,Crime,Frank Darabont,1999,189,12,7.50
PRO006824,2025-08-27 10:30:00,Black Hawk Down,Drama,Ridley Scott,2001,144,12,6.50
PRO006825,2025-08-27 13:30:00,Breakfast at Tiffany's,Comedy,Blake Edwards,1961,115,12,6.50
PRO006826,2025-08-27 16:30:00,Les yeux sans visage,Drama,Georges Franju,1960,90,12,8.50
PRO006827,2025-08-28 10:30:00,Naked,Comedy,Mike Leigh,1993,132,12,8.00
PRO006828,2025-08-29 10:30:00,Full Metal Jacket,Drama,Stanley Kubrick,1987,116,12,8.00
PRO006829,2025-08-29 13:30:00,Boksuneun naui geot,Crime,Chan-wook Park,2002,129,16,6.50
PRO006830,2025-08-30 10:30:00,Naked,Comedy,Mike Leigh,1993,132,12,6.50
PRO006831,2025-08-30 13:30:00,All Quiet on the Western Front,Drama,Lewis Milestone,1930,152,0,7.00
PRO006832,2025-08-30 17:00:00,The Count of Monte Cristo,Action,Kevin Reynolds,2002,131,12,7.00
PRO006833,2025-08-31 10:30:00,Per un pugno di dollari,Action,Sergio Leone,1964,99,12,8.00
PRO006834,2025-08-31 13:00:00,Good Will Hunting,Drama,Gus Van Sant,1997,126,0,8.00
PRO006835,2025-08-31 16:00:00,Full Metal Jacket,Drama,Stanley Kubrick,1987,116,12,6.50
PRO006836,2025-08-31 19:00:00,Harvey,Comedy,Henry Koster,1950,104,12,9.50
PRO006837,2025-09-01 10:30:00,Per un pugno di dollari,Action,Sergio Leone,1964,99,12,7.00
PRO006838,2025-09-01 13:00:00,Dà hóng denglong gaogao guà,Drama,Yimou Zhang,1991,125,6,7.00
PRO006839,2025-09-01 16:00:00,Fiddler on the Roof,Drama,Norman Jewison,1971,181,0,6.50
PRO006840,2025-09-02 10:30:00,Kaze no tani no Naushika,Animation,Hayao Miyazaki,1984,117,0,8.50
PRO006841,2025-09-03 10:00:00,Metropolis,Drama,Fritz Lang,1927,153,12,8.50
PRO006842,2025-09-04 10:00:00,Love and Death,Comedy,Woody Allen,1975,85,6,8.00
PRO006843,2025-09-05 10:30:00,Metropolis,Drama,Fritz Lang,1927,153,12,8.00
PRO006844,2025-09-05 14:00:00,The Right Stuff,Adventure,Philip Kaufman,1983,193,6,7.50
PRO006845,2025-09-06 10:30:00,Seppuku,Action,Masaki Kobayashi,1962,133,12,6.50
PRO006846,2025-09-06 13:30:00,The Conversation,Drama,Francis Ford Coppola,1974,113,0,8.50
PRO006847,2025-09-06 16:00:00,Mr. Smith Goes to Washington,Comedy,Frank Capra,1939,129,12,7.00
PRO006848,2025-09-06 19:00:00,The Count of Monte Cristo,Action,Kevin Reynolds,2002,131,12,10.00
PRO006849,2025-09-07 10:00:00,Breakfast at Tiffany's,Comedy,Blake Edwards,1961,115,12,8.50
PRO006850,2025-09-07 13:00:00,Bonnie and Clyde,Action,Arthur Penn,1967,111,12,8.00
PRO006851,2025-09-07 15:30:00,Donnie Darko,Drama,Richard Kelly,2001,113,16,8.50
PRO006852,2025-09-08 10:30:00,Spartacus,Adventure,Stanley Kubrick,1960,197,12,7.00
PRO006853,2025-09-09 10:00:00,Ying xiong,Action,Yimou Zhang,2002,120,12,8.00
PRO006854,2025-09-10 10:30:00,Spartacus,Adventure,Stanley Kubrick,1960,197,12,8.50
PRO006855,2025-09-10 15:00:00,Les yeux sans visage,Drama,Georges Franju,1960,90,12,8.50
PRO006856,2025-09-10 17:30:00,The Count of Monte Cristo,Action,Kevin Reynolds,2002,131,12,7.50
PRO006857,2025-09-11 10:30:00,Withnail & I,Comedy,Bruce Robinson,1987,107,16,7.00
PRO006858,2025-09-12 10:30:00,Bronenosets Potemkin,Drama,Sergei M. Eisenstein,1925,75,12,6.50
PRO006859,2025-09-12 12:30:00,The Wizard of Oz,Adventure,Victor Fleming,1939,102,0,8.00
PRO006860,2025-09-13 10:30:00,Boksuneun naui geot,Crime,Chan-wook Park,2002,129,16,8.50
PRO006861,2025-09-13 13:30:00,Cidade de Deus,Crime,Fernando Meirelles,2002,130,12,8.00
PRO006862,2025-09-13 16:30:00,Withnail & I,Comedy,Bruce Robinson,1987,107,16,6.50
PRO006863,2025-09-13 19:00:00,A Streetcar Named Desire,Drama,Elia Kazan,1951,122,12,9.50
PRO006864,2025-09-14 10:00:00,La double vie de Véronique,Drama,Krzysztof Kieslowski,1991,98,16,7.50
PRO006865,2025-09-14 12:30:00,The Wizard of Oz,Adventure,Victor Fleming,1939,102,0,8.00
PRO006866,2025-09-14 15:00:00,A Streetcar Named Desire,Drama,Elia Kazan,1951,122,12,6.50
PRO006867,2025-09-15 10:00:00,Kelly's Heroes,Adventure,Brian G. Hutton,1970,144,12,7.50
PRO006868,2025-09-16 10:00:00,The Lady Vanishes,Mystery,Alfred Hitchcock,1938,96,12,7.00
PRO006869,2025-09-17 10:30:00,Dà hóng denglong gaogao guà,Drama,Yimou Zhang,1991,125,6,7.00
PRO006870,2025-09-17 13:30:00,Per un pugno di dollari,Action,Sergio Leone,1964,99,12,7.00
PRO006871,2025-09-17 16:00:00,Kelly's Heroes,Adventure,Brian G. Hutton,1970,144,12,7.00
PRO006872,2025-09-18 10:00:00,Cidade de Deus,Crime,Fernando Meirelles,2002,130,12,7.00
PRO006873,2025-09-18 13:00:00,Black Hawk Down,Drama,Ridley Scott,2001,144,12,7.00
PRO006874,2025-09-19 10:00:00,The Wizard of Oz,Adventure,Victor Fleming,1939,102,0,7.00
PRO006875,2025-09-19 12:30:00,Ladri di biciclette,Drama,Vittorio De Sica,1948,89,12,8.00
PRO006876,2025-09-20 10:30:00,Ying xiong,Action,Yimou Zhang,2002,120,12,7.00
PRO006877,2025-09-20 13:30:00,The Wizard of Oz,Adventure,Victor Fleming,1939,102,0,7.00
PRO006878,2025-09-20 16:00:00,Philadelphia,Drama,Jonathan Demme,1993,125,12,8.50
PRO006879,2025-09-20 19:00:00,Kaze no tani no Naushika,Animation,Hayao Miyazaki,1984,117,0,10.00
PRO006880,2025-09-21 10:30:00,L'avventura,Drama,Michelangelo Antonioni,1960,144,0,6.50
PRO006881,2025-09-21 13:30:00,Per un pugno di dollari,Action,Sergio Leone,1964,99,12,7.00
PRO006882,2025-09-21 16:00:00,L'avventura,Drama,Michelangelo Antonioni,1960,144,0,7.00
PRO006883,2025-09-21 19:30:00,The Right Stuff,Adventure,Philip Kaufman,1983,193,6,10.00
PRO006884,2025-09-22 10:30:00,Wo hu cang long,Action,Ang Lee,2000,120,12,6.50
PRO006885,2025-09-22 13:30:00,La double vie de Véronique,Drama,Krzysztof Kieslowski,1991,98,16,6.50
PRO006886,2025-09-22 16:00:00,Withnail & I,Comedy,Bruce Robinson,1987,107,16,8.00
PRO006887,2025-09-23 10:30:00,The Conversation,Drama,Francis Ford Coppola,1974,113,0,8.50
PRO006888,2025-09-23 13:30:00,Dà hóng denglong gaogao guà,Drama,Yimou Zhang,1991,125,6,7.50
PRO006889,2025-09-24 10:30:00,The Lady Vanishes,Mystery,Alfred Hitchcock,1938,96,12,7.00
PRO006890,2025-09-24 13:00:00,The Wizard of Oz,Adventure,Victor Fleming,1939,102,0,8.00
PRO006891,2025-09-25 10:30:00,Withnail & I,Comedy,Bruce Robinson,1987,107,16,8.00
PRO006892,2025-09-25 13:00:00,Ying xiong,Action,Yimou Zhang,2002,120,12,7.50
PRO006893,2025-09-25 16:00:00,The Wizard of Oz,Adventure,Victor Fleming,1939,102,0,6.50
PRO006894,2025-09-26 10:00:00,Midnight Express,Biography,Alan Parker,1978,121,12,8.50
PRO006895,2025-09-27 10:00:00,The Right Stuff,Adventure,Philip Kaufman,1983,193,6,8.50
PRO006896,2025-09-27 14:00:00,Kelly's Heroes,Adventure,Brian G. Hutton,1970,144,12,8.00
PRO006897,2025-09-27 17:00:00,Philadelphia,Drama,Jonathan Demme,1993,125,12,7.00
PRO006898,2025-09-27 20:00:00,Cidade de Deus,Crime,Fernando Meirelles,2002,130,12,8.50
PRO006899,2025-09-28 10:30:00,The Conversation,Drama,Francis Ford Coppola,1974,113,0,7.50
PRO006900,2025-09-28 13:00:00,Ying xiong,Action,Yimou Zhang,2002,120,12,6.50
PRO006901,2025-09-28 16:00:00,Bronenosets Potemkin,Drama,Sergei M. Eisenstein,1925,75,12,8.00
PRO006902,2025-09-29 10:00:00,Pirates of the Caribbean: The Curse of the Black Pearl,Action,Gore Verbinski,2003,143,12,7.00
PRO006903,2025-09-30 10:30:00,Bronenosets Potemkin,Drama,Sergei M. Eisenstein,1925,75,12,7.50
PRO006904,2025-10-01 10:00:00,Per qualche dollaro in più,Western,Sergio Leone,1965,132,0,6.50
PRO006905,2025-10-01 13:00:00,Pirates of the Caribbean: The Curse of the Black Pearl,Action,Gore Verbinski,2003,143,12,6.50
PRO006906,2025-10-02 10:00:00,Withnail & I,Comedy,Bruce Robinson,1987,107,16,8.50
PRO006907,2025-10-02 13:00:00,Ying xiong,Action,Yimou Zhang,2002,120,12,7.00
PRO006908,2025-10-03 10:30:00,Manhattan,Comedy,Woody Allen,1979,96,16,8.00
PRO006909,2025-10-04 10:00:00,Kelly's Heroes,Adventure,Brian G. Hutton,1970,144,12,8.00
PRO006910,2025-10-04 13:00:00,Midnight Express,Biography,Alan Parker,1978,121,12,7.50
PRO006911,2025-10-04 16:00:00,A Streetcar Named Desire,Drama,Elia Kazan,1951,122,12,7.00
PRO006912,2025-10-04 19:00:00,Manhattan,Comedy,Woody Allen,1979,96,16,9.50
PRO006913,2025-10-05 10:00:00,The Goonies,Adventure,Richard Donner,1985,114,0,7.00
PRO006914,2025-10-05 13:00:00,Donnie Darko,Drama,Richard Kelly,2001,113,16,8.00
PRO006915,2025-10-05 16:00:00,Rushmore,Comedy,Wes Anderson,1998,93,12,7.50
PRO006916,2025-10-05 18:30:00,The Sound of Music,Biography,Robert Wise,1965,172,0,9.00
PRO006917,2025-10-06 10:00:00,The Lady Vanishes,Mystery,Alfred Hitchcock,1938,96,12,8.50
PRO006918,2025-10-06 12:30:00,Philadelphia,Drama,Jonathan Demme,1993,125,12,6.50
PRO006919,2025-10-07 10:30:00,The Sound of Music,Biography,Robert Wise,1965,172,0,8.50
PRO006920,2025-10-07 14:00:00,Rushmore,Comedy,Wes Anderson,1998,93,12,8.00
PRO006921,2025-10-08 10:00:00,Paper Moon,Comedy,Peter Bogdanovich,1973,102,0,8.50
PRO006922,2025-10-08 12:30:00,Halloween,Horror,John Carpenter,1978,91,12,8.00
PRO006923,2025-10-09 10:00:00,Enter the Dragon,Action,Robert Clouse,1973,102,12,8.00
PRO006924,2025-10-09 12:30:00,The Godfather: Part II,Crime,Francis Ford Coppola,1974,202,12,7.50
PRO006925,2025-10-09 16:30:00,The Goonies,Adventure,Richard Donner,1985,114,0,8.00
PRO006926,2025-10-10 10:00:00,The Godfather: Part II,Crime,Francis Ford Coppola,1974,202,12,6.50
PRO006927,2025-10-10 14:00:00,Manhattan,Comedy,Woody Allen,1979,96,16,8.50
PRO006928,2025-10-10 16:30:00,The Sound of Music,Biography,Robert Wise,1965,172,0,8.00
PRO006929,2025-10-11 10:00:00,Titanic,Drama,James Cameron,1997,194,12,7.50
PRO006930,2025-10-11 14:00:00,Enter the Dragon,Action,Robert Clouse,1973,102,12,7.00
PRO006931,2025-10-11 16:30:00,Rushmore,Comedy,Wes Anderson,1998,93,12,8.00
PRO006932,2025-10-11 19:00:00,Rushmore,Comedy,Wes Anderson,1998,93,12,8.50
PRO006933,2025-10-12 10:00:00,Pirates of the Caribbean: The Curse of the Black Pearl,Action,Gore Verbinski,2003,143,12,8.00
PRO006934,2025-10-12 13:30:00,The Goonies,Adventure,Richard Donner,1985,114,0,8.00
PRO006935,2025-10-12 16:00:00,The Lady Vanishes,Mystery,Alfred Hitchcock,1938,96,12,8.50
PRO006936,2025-10-12 18:30:00,Kelly's Heroes,Adventure,Brian G. Hutton,1970,144,12,9.50
PRO006937,2025-10-13 10:00:00,Halloween,Horror,John Carpenter,1978,91,12,8.50
PRO006938,2025-10-13 12:30:00,Pirates of the Caribbean: The Curse of the Black Pearl,Action,Gore Verbinski,2003,143,12,7.50
PRO006939,2025-10-14 10:30:00,Ray,Biography,Taylor Hackford,2004,152,12,7.50
PRO006940,2025-10-14 14:00:00,King Kong,Adventure,Merian C. Cooper,1933,100,12,7.00
PRO006941,2025-10-15 10:30:00,Rushmore,Comedy,Wes Anderson,1998,93,12,8.50
PRO006942,2025-10-15 13:00:00,Vizontele,Comedy,Yilmaz Erdogan,2001,110,12,6.50
PRO006943,2025-10-15 16:00:00,Ray,Biography,Taylor Hackford,2004,152,12,7.00
PRO006944,2025-10-16 10:30:00,A Streetcar Named Desire,Drama,Elia Kazan,1951,122,12,7.50
PRO006945,2025-10-16 13:30:00,L'avventura,Drama,Michelangelo Antonioni,1960,144,0,8.00
PRO006946,2025-10-16 16:30:00,Harry Potter and the Goblet of Fire,Adventure,Mike Newell,2005,157,12,7.50
PRO006947,2025-10-17 10:00:00,The Sound of Music,Biography,Robert Wise,1965,172,0,8.50
PRO006948,2025-10-18 10:30:00,Kelly's Heroes,Adventure,Brian G. Hutton,1970,144,12,6.50
PRO006949,2025-10-18 13:30:00,Zerkalo,Biography,Andrei Tarkovsky,1975,107,0,6.50
PRO006950,2025-10-18 16:00:00,Harry Potter and the Goblet of Fire,Adventure,Mike Newell,2005,157,12,7.00
PRO006951,2025-10-19 10:00:00,Enter the Dragon,Action,Robert Clouse,1973,102,12,6.50
PRO006952,2025-10-19 12:30:00,Midnight Express,Biography,Alan Parker,1978,121,12,6.50
PRO006953,2025-10-19 15:30:00,Kelly's Heroes,Adventure,Brian G. Hutton,1970,144,12,8.50
PRO006954,2025-10-19 18:30:00,Indiana Jones and the Last Crusade,Action,Steven Spielberg,1989,127,0,10.00
PRO006955,2025-10-20 10:00:00,Manhattan,Comedy,Woody Allen,1979,96,16,7.50
PRO006956,2025-10-21 10:30:00,On Golden Pond,Drama,Mark Rydell,1981,109,12,7.50
PRO006957,2025-10-21 13:00:00,The Lady Vanishes,Mystery,Alfred Hitchcock,1938,96,12,8.00
PRO006958,2025-10-21 15:30:00,Ray,Biography,Taylor Hackford,2004,152,12,8.50
PRO006959,2025-10-22 10:00:00,The Sound of Music,Biography,Robert Wise,1965,172,0,6.50
PRO006960,2025-10-23 10:00:00,Tengoku to jigoku,Crime,Akira Kurosawa,1963,143,12,8.50
PRO006961,2025-10-23 13:00:00,On Golden Pond,Drama,Mark Rydell,1981,109,12,7.00
PRO006962,2025-10-23 15:30:00,Rushmore,Comedy,Wes Anderson,1998,93,12,7.00
PRO006963,2025-10-24 10:30:00,A Streetcar Named Desire,Drama,Elia Kazan,1951,122,12,8.00
PRO006964,2025-10-25 10:00:00,Kelly's Heroes,Adventure,Brian G. Hutton,1970,144,12,8.50
PRO006965,2025-10-25 13:30:00,Ray,Biography,Taylor Hackford,2004,152,12,6.50
PRO006966,2025-10-25 17:00:00,Vizontele,Comedy,Yilmaz Erdogan,2001,110,12,6.50
PRO006967,2025-10-26 10:30:00,Harry Potter and the Goblet of Fire,Adventure,Mike Newell,2005,157,12,8.00
PRO006968,2025-10-26 14:00:00,Das Boot,Adventure,Wolfgang Petersen,1981,149,16,6.50
PRO006969,2025-10-26 17:30:00,Harry Potter and the Goblet of Fire,Adventure,Mike Newell,2005,157,12,7.50
PRO006970,2025-10-27 10:30:00,The Sound of Music,Biography,Robert Wise,1965,172,0,8.00
PRO006971,2025-10-28 10:30:00,Harry Potter and the Goblet of Fire,Adventure,Mike Newell,2005,157,12,7.50
PRO006972,2025-10-28 14:00:00,Rosemary's Baby,Drama,Roman Polanski,1968,137,12,7.50
PRO006973,2025-10-29 10:30:00,Tengoku to jigoku,Crime,Akira Kurosawa,1963,143,12,8.00
PRO006974,2025-10-29 14:00:00,Enter the Dragon,Action,Robert Clouse,1973,102,12,7.50
PRO006975,2025-10-30 10:00:00,Enter the Dragon,Action,Robert Clouse,1973,102,12,8.00
PRO006976,2025-10-31 10:00:00,The Philadelphia Story,Comedy,George Cukor,1940,112,12,8.50
PRO006977,2025-10-31 13:00:00,The Goonies,Adventure,Richard Donner,1985,114,0,8.00
PRO006978,2025-10-31 15:30:00,On Golden Pond,Drama,Mark Rydell,1981,109,12,6.50
PRO006979,2025-11-01 10:00:00,Tengoku to jigoku,Crime,Akira Kurosawa,1963,143,12,7.00
PRO006980,2025-11-01 13:30:00,Indiana Jones and the Last Crusade,Action,Steven Spielberg,1989,127,0,7.50
PRO006981,2025-11-01 16:30:00,East of Eden,Drama,Elia Kazan,1955,118,0,6.50
PRO006982,2025-11-01 19:30:00,The Sound of Music,Biography,Robert Wise,1965,172,0,8.50
PRO006983,2025-11-02 10:30:00,King Kong,Adventure,Merian C. Cooper,1933,100,12,6.50
PRO006984,2025-11-02 13:00:00,Indiana Jones and the Last Crusade,Action,Steven Spielberg,1989,127,0,7.00
PRO006985,2025-11-02 16:00:00,Ray,Biography,Taylor Hackford,2004,152,12,6.50
PRO006986,2025-11-02 19:30:00,Harry Potter and the Goblet of Fire,Adventure,Mike Newell,2005,157,12,8.50
PRO006987,2025-11-03 10:30:00,Per qualche dollaro in più,Western,Sergio Leone,1965,132,0,8.00
PRO006988,2025-11-03 13:30:00,Indiana Jones and the Last Crusade,Action,Steven Spielberg,1989,127,0,8.50
PRO006989,2025-11-04 10:30:00,The Machinist,Drama,Brad Anderson,2004,101,16,6.50
PRO006990,2025-11-04 13:00:00,Das Boot,Adventure,Wolfgang Petersen,1981,149,16,7.00
PRO006991,2025-11-05 10:30:00,When Harry Met Sally...,Comedy,Rob Reiner,1989,95,12,7.00
PRO006992,2025-11-06 10:00:00,Sleuth,Mystery,Joseph L. Mankiewicz,1972,138,6,7.50
PRO006993,2025-11-06 13:00:00,Harry Potter and the Goblet of Fire,Adventure,Mike Newell,2005,157,12,8.50
PRO006994,2025-11-07 10:30:00,A Streetcar Named Desire,Drama,Elia Kazan,1951,122,12,8.00
PRO006995,2025-11-08 10:00:00,Indiana Jones and the Last Crusade,Action,Steven Spielberg,1989,127,0,8.50
PRO006996,2025-11-08 13:00:00,When Harry Met Sally...,Comedy,Rob Reiner,1989,95,12,8.00
PRO006997,2025-11-08 15:30:00,Tengoku to jigoku,Crime,Akira Kurosawa,1963,143,12,8.00
PRO006998,2025-11-09 10:00:00,28 Days Later...,Drama,Danny Boyle,2002,113,12,8.00
PRO006999,2025-11-09 13:00:00,28 Days Later...,Drama,Danny Boyle,2002,113,12,8.50
PRO007000,2025-11-09 16:00:00,Titanic,Drama,James Cameron,1997,194,12,7.00
PRO007001,2025-11-09 20:00:00,Ray,Biography,Taylor Hackford,2004,152,12,9.50
PRO007002,2025-11-10 10:00:00,King Kong,Adventure,Merian C. Cooper,1933,100,12,7.50
PRO007003,2025-11-10 12:30:00,Crash,Crime,Paul Haggis,2004,112,12,7.50
PRO007004,2025-11-10 15:00:00,Minority Report,Action,Steven Spielberg,2002,145,12,7.00
PRO007005,2025-11-11 10:00:00,Stalker,Drama,Andrei Tarkovsky,1979,162,0,7.00
PRO007006,2025-11-11 13:30:00,Malcolm X,Biography,Spike Lee,1992,202,0,8.00
PRO007007,2025-11-12 10:00:00,King Kong,Adventure,Merian C. Cooper,1933,100,12,8.50
PRO007008,2025-11-13 10:30:00,The Machinist,Drama,Brad Anderson,2004,101,16,8.00
PRO007009,2025-11-14 10:00:00,The Machinist,Drama,Brad Anderson,2004,101,16,6.50
PRO007010,2025-11-14 12:30:00,American Psycho,Comedy,Mary Harron,2000,101,12,6.50
PRO007011,2025-11-14 15:00:00,American Psycho,Comedy,Mary Harron,2000,101,12,7.00
PRO007012,2025-11-15 10:30:00,Crash,Crime,Paul Haggis,2004,112,12,7.50
PRO007013,2025-11-15 13:30:00,Stalker,Drama,Andrei Tarkovsky,1979,162,0,8.00
PRO007014,2025-11-15 17:00:00,Harry Potter and the Goblet of Fire,Adventure,Mike Newell,2005,157,12,7.50
PRO007015,2025-11-15 20:30:00,American Psycho,Comedy,Mary Harron,2000,101,12,9.00
PRO007016,2025-11-16 10:00:00,Minority Report,Action,Steven Spielberg,2002,145,12,6.50
PRO007017,2025-11-16 13:30:00,Stalker,Drama,Andrei Tarkovsky,1979,162,0,7.50
PRO007018,2025-11-16 17:00:00,Rosemary's Baby,Drama,Roman Polanski,1968,137,12,7.50
PRO007019,2025-11-17 10:00:00,Enter the Dragon,Action,Robert Clouse,1973,102,12,8.50
PRO007020,2025-11-17 12:30:00,Ray,Biography,Taylor Hackford,2004,152,12,8.00
PRO007021,2025-11-17 16:00:00,Das Boot,Adventure,Wolfgang Petersen,1981,149,16,8.00
PRO007022,2025-11-18 10:30:00,Das Boot,Adventure,Wolfgang Petersen,1981,149,16,7.50
PRO007023,2025-11-18 13:30:00,Stalker,Drama,Andrei Tarkovsky,1979,162,0,8.50
PRO007024,2025-11-19 10:00:00,28 Days Later...,Drama,Danny Boyle,2002,113,12,8.50
PRO007025,2025-11-19 12:30:00,When Harry Met Sally...,Comedy,Rob Reiner,1989,95,12,7.50
PRO007026,2025-11-20 10:00:00,La planète sauvage,Animation,René Laloux,1973,72,0,8.00
PRO007027,2025-11-20 12:00:00,Minority Report,Action,Steven Spielberg,2002,145,12,6.50
PRO007028,2025-11-21 10:00:00,Minority Report,Action,Steven Spielberg,2002,145,12,7.00
PRO007029,2025-11-22 10:30:00,American Psycho,Comedy,Mary Harron,2000,101,12,6.50
PRO007030,2025-11-22 13:00:00,Sleuth,Mystery,Joseph L. Mankiewicz,1972,138,6,6.50
PRO007031,2025-11-22 16:00:00,The Sandlot,Comedy,David Mickey Evans,1993,101,0,8.00
PRO007032,2025-11-22 18:30:00,Das Boot,Adventure,Wolfgang Petersen,1981,149,16,8.50
PRO007033,2025-11-23 10:00:00,Trois couleurs: Bleu,Drama,Krzysztof Kieslowski,1993,94,0,6.50
PRO007034,2025-11-23 12:30:00,Trois couleurs: Bleu,Drama,Krzysztof Kieslowski,1993,94,0,8.50
PRO007035,2025-11-23 15:00:00,"Lock, Stock and Two Smoking Barrels",Action,Guy Ritchie,1998,107,12,8.00
PRO007036,2025-11-23 18:00:00,The Machinist,Drama,Brad Anderson,2004,101,16,8.50
PRO007037,2025-11-24 10:30:00,Minority Report,Action,Steven Spielberg,2002,145,12,7.00
PRO007038,2025-11-24 14:00:00,East of Eden,Drama,Elia Kazan,1955,118,0,8.00
PRO007039,2025-11-25 10:00:00,28 Days Later...,Drama,Danny Boyle,2002,113,12,8.00
PRO007040,2025-11-26 10:30:00,La planète sauvage,Animation,René Laloux,1973,72,0,7.50
PRO007041,2025-11-26 12:30:00,Stalker,Drama,Andrei Tarkovsky,1979,162,0,8.50
PRO007042,2025-11-26 16:00:00,Rupan sansei: Kariosutoro no shiro,Animation,Hayao Miyazaki,1979,100,0,8.50
PRO007043,2025-11-27 10:30:00,Malcolm X,Biography,Spike Lee,1992,202,0,8.50
PRO007044,2025-11-27 14:30:00,American Psycho,Comedy,Mary Harron,2000,101,12,7.00
PRO007045,2025-11-27 17:00:00,My Left Foot: The Story of Christy Brown,Biography,Jim Sheridan,1989,103,0,8.50
PRO007046,2025-11-28 10:00:00,East of Eden,Drama,Elia Kazan,1955,118,0,8.50
PRO007047,2025-11-29 10:00:00,"Lock, Stock and Two Smoking Barrels",Action,Guy Ritchie,1998,107,12,7.50
PRO007048,2025-11-29 13:00:00,Bom Yeoareum Gaeul Gyeoul Geurigo Bom,Drama,Ki-duk Kim,2003,103,16,7.50
PRO007049,2025-11-29 15:30:00,Scarface,Crime,Brian De Palma,1983,170,12,8.00
PRO007050,2025-11-29 19:00:00,La planète sauvage,Animation,René Laloux,1973,72,0,10.00
PRO007051,2025-11-30 10:00:00,Stalker,Drama,Andrei Tarkovsky,1979,162,0,8.50
PRO007052,2025-11-30 13:30:00,La battaglia di Algeri,Drama,Gillo Pontecorvo,1966,121,12,7.50
PRO007053,2025-11-30 16:30:00,Malcolm X,Biography,Spike Lee,1992,202,0,6.50
PRO007054,2025-11-30 21:00:00,"Lock, Stock and Two Smoking Barrels",Action,Guy Ritchie,1998,107,12,10.00
PRO007055,2025-12-01 10:00:00,The Wild Bunch,Action,Sam Peckinpah,1969,145,12,7.50
PRO007056,2025-12-02 10:00:00,When Harry Met Sally...,Comedy,Rob Reiner,1989,95,12,6.50
PRO007057,2025-12-02 12:30:00,Papillon,Biography,Franklin J. Schaffner,1973,151,16,8.00
PRO007058,2025-12-02 16:00:00,Dilwale Dulhania Le Jayenge,Drama,Aditya Chopra,1995,189,0,6.50
PRO007059,2025-12-03 10:00:00,My Left Foot: The Story of Christy Brown,Biography,Jim Sheridan,1989,103,0,7.00
PRO007060,2025-12-03 12:30:00,The Fugitive,Action,Andrew Davis,1993,130,0,7.50
PRO007061,2025-12-03 15:30:00,Minority Report,Action,Steven Spielberg,2002,145,12,6.50
PRO007062,2025-12-04 10:30:00,Once Were Warriors,Crime,Lee Tamahori,1994,102,12,8.00
PRO007063,2025-12-04 13:00:00,Gone with the Wind,Drama,Victor Fleming,1939,238,0,6.50
PRO007064,2025-12-04 18:00:00,Minority Report,Action,Steven Spielberg,2002,145,12,9.50
PRO007065,2025-12-05 10:30:00,Gone with the Wind,Drama,Victor Fleming,1939,238,0,7.00
PRO007066,2025-12-05 15:30:00,Kumonosu-jô,Drama,Akira Kurosawa,1957,110,12,7.50
PRO007067,2025-12-05 18:00:00,Dilwale Dulhania Le Jayenge,Drama,Aditya Chopra,1995,189,0,9.50
PRO007068,2025-12-06 10:30:00,Once Were Warriors,Crime,Lee Tamahori,1994,102,12,8.00
PRO007069,2025-12-06 13:00:00,Bom Yeoareum Gaeul Gyeoul Geurigo Bom,Drama,Ki-duk Kim,2003,103,16,6.50
PRO007070,2025-12-06 15:30:00,Dilwale Dulhania Le Jayenge,Drama,Aditya Chopra,1995,189,0,6.50
PRO007071,2025-12-07 10:00:00,La montaña sagrada,Adventure,Alejandro Jodorowsky,1973,114,16,8.00
PRO007072,2025-12-07 13:00:00,Trois couleurs: Bleu,Drama,Krzysztof Kieslowski,1993,94,0,8.50
PRO007073,2025-12-07 15:30:00,Once Were Warriors,Crime,Lee Tamahori,1994,102,12,7.00
PRO007074,2025-12-08 10:00:00,The Great Escape,Adventure,John Sturges,1963,172,0,6.50
PRO007075,2025-12-08 13:30:00,La montaña sagrada,Adventure,Alejandro Jodorowsky,1973,114,16,7.50
PRO007076,2025-12-08 16:00:00,The Great Escape,Adventure,John Sturges,1963,172,0,7.50
PRO007077,2025-12-09 10:30:00,Once Were Warriors,Crime,Lee Tamahori,1994,102,12,7.50
PRO007078,2025-12-10 10:00:00,Trois couleurs: Bleu,Drama,Krzysztof Kieslowski,1993,94,0,7.50
PRO007079,2025-12-10 12:30:00,The Wild Bunch,Action,Sam Peckinpah,1969,145,12,7.50
PRO007080,2025-12-11 10:30:00,Scarface,Crime,Brian De Palma,1983,170,12,8.00
PRO007081,2025-12-12 10:00:00,La battaglia di Algeri,Drama,Gillo Pontecorvo,1966,121,12,8.00
PRO007082,2025-12-13 10:00:00,The Great Escape,Adventure,John Sturges,1963,172,0,8.00
PRO007083,2025-12-13 14:00:00,Fa yeung nin wah,Drama,Kar-Wai Wong,2000,98,0,6.50
PRO007084,2025-12-13 16:30:00,Bom Yeoareum Gaeul Gyeoul Geurigo Bom,Drama,Ki-duk Kim,2003,103,16,7.50
PRO007085,2025-12-14 10:30:00,Dip huet seung hung,Action,John Woo,1989,111,16,6.50
PRO007086,2025-12-14 13:00:00,Rupan sansei: Kariosutoro no shiro,Animation,Hayao Miyazaki,1979,100,0,8.00
PRO007087,2025-12-14 15:30:00,Kumonosu-jô,Drama,Akira Kurosawa,1957,110,12,7.00
PRO007088,2025-12-15 10:00:00,The Fugitive,Action,Andrew Davis,1993,130,0,6.50
PRO007089,2025-12-15 13:00:00,Papillon,Biography,Franklin J. Schaffner,1973,151,16,8.50
PRO007090,2025-12-16 10:30:00,28 Days Later...,Drama,Danny Boyle,2002,113,12,8.00
PRO007091,2025-12-16 13:00:00,High Noon,Drama,Fred Zinnemann,1952,85,6,7.00
PRO007092,2025-12-17 10:30:00,Predator,Action,John McTiernan,1987,107,12,8.50
PRO007093,2025-12-17 13:30:00,All That Jazz,Drama,Bob Fosse,1979,123,12,8.00
PRO007094,2025-12-17 16:30:00,Yôjinbô,Action,Akira Kurosawa,1961,110,12,8.50
PRO007095,2025-12-18 10:00:00,Bom Yeoareum Gaeul Gyeoul Geurigo Bom,Drama,Ki-duk Kim,2003,103,16,8.00
PRO007096,2025-12-18 12:30:00,All That Jazz,Drama,Bob Fosse,1979,123,12,8.00
PRO007097,2025-12-18 15:30:00,La montaña sagrada,Adventure,Alejandro Jodorowsky,1973,114,16,8.00
PRO007098,2025-12-19 10:30:00,Fa yeung nin wah,Drama,Kar-Wai Wong,2000,98,0,8.00
PRO007099,2025-12-19 13:00:00,Love and Death,Comedy,Woody Allen,1975,85,6,8.00
PRO007100,2025-12-19 15:30:00,Predator,Action,John McTiernan,1987,107,12,8.50
PRO007101,2025-12-20 10:00:00,Kumonosu-jô,Drama,Akira Kurosawa,1957,110,12,7.50
PRO007102,2025-12-20 12:30:00,All That Jazz,Drama,Bob Fosse,1979,123,12,7.50
PRO007103,2025-12-20 15:30:00,Midnight Express,Biography,Alan Parker,1978,121,12,7.50
PRO007104,2025-12-21 10:00:00,Trois couleurs: Bleu,Drama,Krzysztof Kieslowski,1993,94,0,8.50
PRO007105,2025-12-21 12:30:00,Pink Floyd: The Wall,Drama,Alan Parker,1982,95,12,8.00
PRO007106,2025-12-21 15:00:00,Yôjinbô,Action,Akira Kurosawa,1961,110,12,8.50
PRO007107,2025-12-22 10:30:00,Midnight Express,Biography,Alan Parker,1978,121,12,7.50
PRO007108,2025-12-22 13:30:00,When Harry Met Sally...,Comedy,Rob Reiner,1989,95,12,6.50
PRO007109,2025-12-22 16:00:00,The Wild Bunch,Action,Sam Peckinpah,1969,145,12,8.00
PRO007110,2025-12-23 10:00:00,Papillon,Biography,Franklin J. Schaffner,1973,151,16,7.00
PRO007111,2025-12-23 13:30:00,The Fugitive,Action,Andrew Davis,1993,130,0,7.00
PRO007112,2025-12-23 16:30:00,Office Space,Comedy,Mike Judge,1999,89,16,6.50
PRO007113,2025-12-24 10:00:00,When Harry Met Sally...,Comedy,Rob Reiner,1989,95,12,7.00
PRO007114,2025-12-24 12:30:00,American Psycho,Comedy,Mary Harron,2000,101,12,7.50
PRO007115,2025-12-25 10:30:00,Predator,Action,John McTiernan,1987,107,12,6.50
PRO007116,2025-12-25 13:00:00,Minority Report,Action,Steven Spielberg,2002,145,12,8.50
PRO007117,2025-12-25 16:00:00,L.A. Confidential,Crime,Curtis Hanson,1997,138,12,7.00
PRO007118,2025-12-26 10:30:00,My Left Foot: The Story of Christy Brown,Biography,Jim Sheridan,1989,103,0,8.50
PRO007119,2025-12-27 10:30:00,High Noon,Drama,Fred Zinnemann,1952,85,6,8.00
PRO007120,2025-12-27 13:00:00,When Harry Met Sally...,Comedy,Rob Reiner,1989,95,12,8.50
PRO007121,2025-12-27 15:30:00,American Psycho,Comedy,Mary Harron,2000,101,12,7.00
PRO007122,2025-12-28 10:30:00,The Great Escape,Adventure,John Sturges,1963,172,0,8.50
PRO007123,2025-12-28 14:00:00,Yôjinbô,Action,Akira Kurosawa,1961,110,12,8.00
PRO007124,2025-12-28 16:30:00,La planète sauvage,Animation,René Laloux,1973,72,0,8.50
PRO007125,2025-12-29 10:00:00,Chung Hing sam lam,Comedy,Kar-Wai Wong,1994,102,0,7.50
PRO007126,2025-12-29 12:30:00,Papillon,Biography,Franklin J. Schaffner,1973,151,16,8.00
PRO007127,2025-12-30 10:00:00,Office Space,Comedy,Mike Judge,1999,89,16,7.50
PRO007128,2025-12-31 10:30:00,The Wild Bunch,Action,Sam Peckinpah,1969,145,12,6.50
PRO007129,2026-01-01 10:30:00,The Departed,Crime,Martin Scorsese,2006,151,12,8.00
PRO007130,2026-01-01 14:00:00,Midnight Express,Biography,Alan Parker,1978,121,12,8.50
PRO007131,2026-01-01 17:00:00,Love and Death,Comedy,Woody Allen,1975,85,6,8.00
PRO007132,2026-01-02 10:00:00,The Third Man,Film-Noir,Carol Reed,1949,104,12,6.50
PRO007133,2026-01-03 10:30:00,Fargo,Crime,Joel Coen,1996,98,12,7.00
PRO007134,2026-01-03 13:00:00,The Last Samurai,Action,Edward Zwick,2003,154,12,7.50
PRO007135,2026-01-03 16:30:00,Predator,Action,John McTiernan,1987,107,12,7.50
PRO007136,2026-01-03 19:00:00,Mississippi Burning,Crime,Alan Parker,1988,128,12,10.00
PRO007137,2026-01-04 10:30:00,Chung Hing sam lam,Comedy,Kar-Wai Wong,1994,102,0,8.50
PRO007138,2026-01-04 13:00:00,L.A. Confidential,Crime,Curtis Hanson,1997,138,12,7.50
PRO007139,2026-01-04 16:00:00,The Remains of the Day,Drama,James Ivory,1993,134,0,8.00
PRO007140,2026-01-04 19:00:00,Fargo,Crime,Joel Coen,1996,98,12,9.00
PRO007141,2026-01-05 10:30:00,Office Space,Comedy,Mike Judge,1999,89,16,7.00
PRO007142,2026-01-05 13:00:00,Papillon,Biography,Franklin J. Schaffner,1973,151,16,7.00
PRO007143,2026-01-05 16:30:00,The Last Samurai,Action,Edward Zwick,2003,154,12,6.50
PRO007144,2026-01-06 10:30:00,Hannah and Her Sisters,Comedy,Woody Allen,1986,107,12,6.50
PRO007145,2026-01-06 13:30:00,Hannah and Her Sisters,Comedy,Woody Allen,1986,107,12,6.50
PRO007146,2026-01-07 10:00:00,Taegukgi hwinalrimyeo,Action,Je-kyu Kang,2004,140,16,7.50
PRO007147,2026-01-08 10:00:00,Taegukgi hwinalrimyeo,Action,Je-kyu Kang,2004,140,16,7.50
PRO007148,2026-01-08 13:30:00,Double Indemnity,Crime,Billy Wilder,1944,107,12,7.50
PRO007149,2026-01-08 16:00:00,Harvey,Comedy,Henry Koster,1950,104,12,8.50
PRO007150,2026-01-09 10:00:00,Kôkaku Kidôtai,Animation,Mamoru Oshii,1995,83,12,7.00
PRO007151,2026-01-10 10:00:00,Office Space,Comedy,Mike Judge,1999,89,16,7.50
PRO007152,2026-01-10 12:30:00,Papillon,Biography,Franklin J. Schaffner,1973,151,16,7.50
PRO007153,2026-01-10 16:00:00,High Noon,Drama,Fred Zinnemann,1952,85,6,7.50
PRO007154,2026-01-10 18:30:00,Dirty Harry,Action,Don Siegel,1971,102,12,9.50
PRO007155,2026-01-11 10:00:00,Ray,Biography,Taylor Hackford,2004,152,12,8.50
PRO007156,2026-01-11 13:30:00,Dirty Harry,Action,Don Siegel,1971,102,12,8.00
PRO007157,2026-01-11 16:00:00,Fargo,Crime,Joel Coen,1996,98,12,8.50
PRO007158,2026-01-11 18:30:00,Taegukgi hwinalrimyeo,Action,Je-kyu Kang,2004,140,16,9.00
PRO007159,2026-01-12 10:00:00,Predator,Action,John McTiernan,1987,107,12,8.50
PRO007160,2026-01-12 12:30:00,When Harry Met Sally...,Comedy,Rob Reiner,1989,95,12,8.50
PRO007161,2026-01-13 10:30:00,Dirty Harry,Action,Don Siegel,1971,102,12,6.50
PRO007162,2026-01-14 10:30:00,Midnight Express,Biography,Alan Parker,1978,121,12,8.50
PRO007163,2026-01-15 10:00:00,Ray,Biography,Taylor Hackford,2004,152,12,8.00
PRO007164,2026-01-15 13:30:00,No Man's Land,Comedy,Danis Tanovic,2001,98,16,7.50
PRO007165,2026-01-15 16:00:00,Office Space,Comedy,Mike Judge,1999,89,16,8.50
PRO007166,2026-01-16 10:30:00,Zerkalo,Biography,Andrei Tarkovsky,1975,107,0,7.00
PRO007167,2026-01-16 13:00:00,Withnail & I,Comedy,Bruce Robinson,1987,107,16,8.00
PRO007168,2026-01-17 10:30:00,Forrest Gump,Drama,Robert Zemeckis,1994,142,12,8.50
PRO007169,2026-01-17 13:30:00,The Last Samurai,Action,Edward Zwick,2003,154,12,8.50
PRO007170,2026-01-17 17:00:00,To Kill a Mockingbird,Crime,Robert Mulligan,1962,129,0,8.00
PRO007171,2026-01-17 20:00:00,Taegukgi hwinalrimyeo,Action,Je-kyu Kang,2004,140,16,10.00
PRO007172,2026-01-18 10:30:00,The Remains of the Day,Drama,James Ivory,1993,134,0,8.50
PRO007173,2026-01-18 13:30:00,High Noon,Drama,Fred Zinnemann,1952,85,6,6.50
PRO007174,2026-01-18 16:00:00,Amadeus,Biography,Milos Forman,1984,160,16,8.00
PRO007175,2026-01-18 19:30:00,The Remains of the Day,Drama,James Ivory,1993,134,0,9.00
PRO007176,2026-01-19 10:30:00,Withnail & I,Comedy,Bruce Robinson,1987,107,16,7.00
PRO007177,2026-01-19 13:00:00,Forrest Gump,Drama,Robert Zemeckis,1994,142,12,7.50
PRO007178,2026-01-19 16:00:00,The Third Man,Film-Noir,Carol Reed,1949,104,12,7.50
PRO007179,2026-01-20 10:30:00,Mississippi Burning,Crime,Alan Parker,1988,128,12,6.50
PRO007180,2026-01-20 13:30:00,Dirty Harry,Action,Don Siegel,1971,102,12,8.00
PRO007181,2026-01-21 10:00:00,Fargo,Crime,Joel Coen,1996,98,12,8.00
PRO007182,2026-01-22 10:30:00,Barry Lyndon,Adventure,Stanley Kubrick,1975,185,6,6.50
PRO007183,2026-01-23 10:30:00,Predator,Action,John McTiernan,1987,107,12,8.50
PRO007184,2026-01-24 10:30:00,Gongdong gyeongbi guyeok JSA,Action,Chan-wook Park,2000,110,12,8.00
PRO007185,2026-01-24 13:30:00,Taegukgi hwinalrimyeo,Action,Je-kyu Kang,2004,140,16,7.50
PRO007186,2026-01-24 17:00:00,Ray,Biography,Taylor Hackford,2004,152,12,7.00
PRO007187,2026-01-25 10:30:00,Fargo,Crime,Joel Coen,1996,98,12,8.00
PRO007188,2026-01-25 13:00:00,Forrest Gump,Drama,Robert Zemeckis,1994,142,12,7.00
PRO007189,2026-01-25 16:30:00,The 39 Steps,Crime,Alfred Hitchcock,1935,86,12,7.50
PRO007190,2026-01-26 10:00:00,No Man's Land,Comedy,Danis Tanovic,2001,98,16,7.50
PRO007191,2026-01-26 12:30:00,Wait Until Dark,Thriller,Terence Young,1967,108,12,7.50
PRO007192,2026-01-26 15:30:00,To Have and Have Not,Adventure,Howard Hawks,1944,100,6,6.50
PRO007193,2026-01-27 10:30:00,Au revoir les enfants,Drama,Louis Malle,1987,104,0,7.50
PRO007194,2026-01-27 13:00:00,Blade Runner,Action,Ridley Scott,1982,117,12,8.50
PRO007195,2026-01-28 10:30:00,Au revoir les enfants,Drama,Louis Malle,1987,104,0,8.50
PRO007196,2026-01-28 13:00:00,The Usual Suspects,Crime,Bryan Singer,1995,106,12,8.00
PRO007197,2026-01-29 10:00:00,Dirty Harry,Action,Don Siegel,1971,102,12,7.00
PRO007198,2026-01-29 12:30:00,Viskningar och rop,Drama,Ingmar Bergman,1972,91,12,7.50
PRO007199,2026-01-29 15:00:00,Withnail & I,Comedy,Bruce Robinson,1987,107,16,7.00
PRO007200,2026-01-30 10:30:00,Midnight Express,Biography,Alan Parker,1978,121,12,7.50
PRO007201,2026-01-31 10:00:00,Wait Until Dark,Thriller,Terence Young,1967,108,12,7.50
PRO007202,2026-01-31 12:30:00,No Man's Land,Comedy,Danis Tanovic,2001,98,16,8.50
PRO007203,2026-01-31 15:00:00,Brokeback Mountain,Drama,Ang Lee,2005,134,12,8.00
PRO007204,2026-02-01 10:00:00,Forrest Gump,Drama,Robert Zemeckis,1994,142,12,8.50
PRO007205,2026-02-01 13:30:00,Les yeux sans visage,Drama,Georges Franju,1960,90,12,7.50
PRO007206,2026-02-01 16:00:00,Blade Runner,Action,Ridley Scott,1982,117,12,8.00
PRO007207,2026-02-02 10:30:00,The 39 Steps,Crime,Alfred Hitchcock,1935,86,12,6.50
PRO007208,2026-02-02 13:00:00,Children of Men,Adventure,Alfonso Cuarón,2006,109,12,6.50
PRO007209,2026-02-02 15:30:00,Les yeux sans visage,Drama,Georges Franju,1960,90,12,8.00
PRO007210,2026-02-03 10:00:00,Withnail & I,Comedy,Bruce Robinson,1987,107,16,7.50
PRO007211,2026-02-03 12:30:00,The Remains of the Day,Drama,James Ivory,1993,134,0,7.50
PRO007212,2026-02-03 15:30:00,Gongdong gyeongbi guyeok JSA,Action,Chan-wook Park,2000,110,12,6.50
PRO007213,2026-02-04 10:30:00,Dirty Harry,Action,Don Siegel,1971,102,12,8.00
PRO007214,2026-02-05 10:00:00,Billy Elliot,Drama,Stephen Daldry,2000,110,16,6.50
PRO007215,2026-02-06 10:30:00,Les yeux sans visage,Drama,Georges Franju,1960,90,12,8.50
PRO007216,2026-02-06 13:00:00,Minority Report,Action,Steven Spielberg,2002,145,12,7.00
PRO007217,2026-02-07 10:00:00,Zerkalo,Biography,Andrei Tarkovsky,1975,107,0,6.50
PRO007218,2026-02-07 12:30:00,The Usual Suspects,Crime,Bryan Singer,1995,106,12,8.50
PRO007219,2026-02-07 15:00:00,Blade Runner,Action,Ridley Scott,1982,117,12,7.00
PRO007220,2026-02-08 10:00:00,Edward Scissorhands,Drama,Tim Burton,1990,105,0,7.50
PRO007221,2026-02-08 12:30:00,Billy Elliot,Drama,Stephen Daldry,2000,110,16,8.50
PRO007222,2026-02-08 15:00:00,Amadeus,Biography,Milos Forman,1984,160,16,7.00
PRO007223,2026-02-08 18:30:00,Mississippi Burning,Crime,Alan Parker,1988,128,12,9.00
PRO007224,2026-02-09 10:00:00,Gongdong gyeongbi guyeok JSA,Action,Chan-wook Park,2000,110,12,8.50
PRO007225,2026-02-09 12:30:00,Viskningar och rop,Drama,Ingmar Bergman,1972,91,12,8.00
PRO007226,2026-02-10 10:30:00,Children of Men,Adventure,Alfonso Cuarón,2006,109,12,6.50
PRO007227,2026-02-10 13:00:00,Nuovo Cinema Paradiso,Drama,Giuseppe Tornatore,1988,155,0,8.00
PRO007228,2026-02-10 16:30:00,No Man's Land,Comedy,Danis Tanovic,2001,98,16,8.00
PRO007229,2026-02-11 10:30:00,Barton Fink,Comedy,Joel Coen,1991,116,0,7.50
PRO007230,2026-02-11 13:30:00,The Usual Suspects,Crime,Bryan Singer,1995,106,12,8.00
PRO007231,2026-02-12 10:00:00,Back to the Future Part II,Adventure,Robert Zemeckis,1989,108,0,6.50
PRO007232,2026-02-13 10:00:00,Barry Lyndon,Adventure,Stanley Kubrick,1975,185,6,7.00
PRO007233,2026-02-13 14:00:00,The Color Purple,Drama,Steven Spielberg,1985,154,0,7.50
PRO007234,2026-02-14 10:30:00,Viskningar och rop,Drama,Ingmar Bergman,1972,91,12,8.50
PRO007235,2026-02-14 13:00:00,Sherlock Jr.,Action,Buster Keaton,1924,45,12,8.00
PRO007236,2026-02-14 14:30:00,Citizen Kane,Drama,Orson Welles,1941,119,12,7.50
PRO007237,2026-02-15 10:30:00,No Man's Land,Comedy,Danis Tanovic,2001,98,16,8.00
PRO007238,2026-02-15 13:00:00,Withnail & I,Comedy,Bruce Robinson,1987,107,16,7.00
PRO007239,2026-02-15 15:30:00,The Blues Brothers,Action,John Landis,1980,133,0,7.50
PRO007240,2026-02-16 10:00:00,Barton Fink,Comedy,Joel Coen,1991,116,0,8.50
PRO007241,2026-02-17 10:30:00,Stalker,Drama,Andrei Tarkovsky,1979,162,0,7.00
PRO007242,2026-02-18 10:00:00,Au revoir les enfants,Drama,Louis Malle,1987,104,0,8.00
PRO007243,2026-02-18 12:30:00,Dirty Harry,Action,Don Siegel,1971,102,12,7.00
PRO007244,2026-02-18 15:00:00,Sherlock Jr.,Action,Buster Keaton,1924,45,12,8.00
PRO007245,2026-02-19 10:30:00,The Last Picture Show,Drama,Peter Bogdanovich,1971,118,16,7.00
PRO007246,2026-02-20 10:00:00,Stalker,Drama,Andrei Tarkovsky,1979,162,0,6.50
PRO007247,2026-02-20 13:30:00,Gongdong gyeongbi guyeok JSA,Action,Chan-wook Park,2000,110,12,6.50
PRO007248,2026-02-20 16:00:00,La planète sauvage,Animation,René Laloux,1973,72,0,7.50
PRO007249,2026-02-21 10:00:00,Sherlock Jr.,Action,Buster Keaton,1924,45,12,6.50
PRO007250,2026-02-21 11:30:00,High Noon,Drama,Fred Zinnemann,1952,85,6,7.00
PRO007251,2026-02-21 14:00:00,Badlands,Action,Terrence Malick,1973,94,6,7.50
PRO007252,2026-02-22 10:00:00,Minority Report,Action,Steven Spielberg,2002,145,12,8.50
PRO007253,2026-02-22 13:00:00,Au revoir les enfants,Drama,Louis Malle,1987,104,0,7.00
PRO007254,2026-02-22 15:30:00,The 39 Steps,Crime,Alfred Hitchcock,1935,86,12,8.50
PRO007255,2026-02-22 17:30:00,Forrest Gump,Drama,Robert Zemeckis,1994,142,12,7.00
PRO007256,2026-02-23 10:00:00,Viskningar och rop,Drama,Ingmar Bergman,1972,91,12,8.00
PRO007257,2026-02-23 12:30:00,Viskningar och rop,Drama,Ingmar Bergman,1972,91,12,6.50
PRO007258,2026-02-24 10:00:00,Stalker,Drama,Andrei Tarkovsky,1979,162,0,8.00
PRO007259,2026-02-24 13:30:00,Do the Right Thing,Comedy,Spike Lee,1989,120,16,7.50
PRO007260,2026-02-25 10:30:00,Stalker,Drama,Andrei Tarkovsky,1979,162,0,7.50
PRO007261,2026-02-26 10:30:00,The General,Action,Clyde Bruckman,1926,67,12,6.50
PRO007262,2026-02-26 12:30:00,Sholay,Action,Ramesh Sippy,1975,204,0,8.00
PRO007263,2026-02-27 10:30:00,The Blues Brothers,Action,John Landis,1980,133,0,7.50
PRO007264,2026-02-28 10:30:00,Road to Perdition,Crime,Sam Mendes,2002,117,12,6.50
PRO007265,2026-02-28 13:30:00,The Blues Brothers,Action,John Landis,1980,133,0,7.00
PRO007266,2026-02-28 16:30:00,Edward Scissorhands,Drama,Tim Burton,1990,105,0,6.50
PRO007267,2026-02-28 19:00:00,Badlands,Action,Terrence Malick,1973,94,6,9.50
PRO007268,2026-03-01 10:00:00,Au revoir les enfants,Drama,Louis Malle,1987,104,0,7.00
PRO007269,2026-03-01 12:30:00,Sholay,Action,Ramesh Sippy,1975,204,0,8.00
PRO007270,2026-03-01 16:30:00,Nosferatu,Fantasy,F.W. Murnau,1922,94,12,7.00
PRO007271,2026-03-02 10:30:00,Nuovo Cinema Paradiso,Drama,Giuseppe Tornatore,1988,155,0,8.00
PRO007272,2026-03-03 10:00:00,Back to the Future Part II,Adventure,Robert Zemeckis,1989,108,0,7.00
PRO007273,2026-03-03 12:30:00,Fitzcarraldo,Adventure,Werner Herzog,1982,158,16,8.00
PRO007274,2026-03-04 10:00:00,Fitzcarraldo,Adventure,Werner Herzog,1982,158,16,6.50
PRO007275,2026-03-04 13:30:00,Au revoir les enfants,Drama,Louis Malle,1987,104,0,7.50
PRO007276,2026-03-05 10:30:00,Nuovo Cinema Paradiso,Drama,Giuseppe Tornatore,1988,155,0,7.00
PRO007277,2026-03-05 14:00:00,Sholay,Action,Ramesh Sippy,1975,204,0,7.00
PRO007278,2026-03-05 18:00:00,Citizen Kane,Drama,Orson Welles,1941,119,12,9.00
PRO007279,2026-03-06 10:00:00,La planète sauvage,Animation,René Laloux,1973,72,0,8.00
PRO007280,2026-03-06 12:00:00,Do the Right Thing,Comedy,Spike Lee,1989,120,16,6.50
PRO007281,2026-03-06 15:00:00,Nuovo Cinema Paradiso,Drama,Giuseppe Tornatore,1988,155,0,7.50
PRO007282,2026-03-07 10:00:00,The Kid,Comedy,Charles Chaplin,1921,68,12,8.50
PRO007283,2026-03-07 12:00:00,Badlands,Action,Terrence Malick,1973,94,6,8.00
PRO007284,2026-03-07 14:30:00,Road to Perdition,Crime,Sam Mendes,2002,117,12,6.50
PRO007285,2026-03-08 10:00:00,The Lord of the Rings: The Return of the King,Action,Peter Jackson,2003,201,0,8.50
PRO007286,2026-03-08 14:00:00,Star Wars: Episode VI - Return of the Jedi,Action,Richard Marquand,1983,131,0,8.50
PRO007287,2026-03-08 17:00:00,"Monsters, Inc.",Animation,Pete Docter,2001,92,0,6.50
PRO007288,2026-03-09 10:30:00,Sholay,Action,Ramesh Sippy,1975,204,0,6.50
PRO007289,2026-03-10 10:00:00,Citizen Kane,Drama,Orson Welles,1941,119,12,6.50
PRO007290,2026-03-10 12:30:00,The Kid,Comedy,Charles Chaplin,1921,68,12,8.00
PRO007291,2026-03-10 14:30:00,Mononoke-hime,Animation,Hayao Miyazaki,1997,134,0,7.50
PRO007292,2026-03-11 10:00:00,Citizen Kane,Drama,Orson Welles,1941,119,12,8.00
PRO007293,2026-03-11 13:00:00,Manhattan,Comedy,Woody Allen,1979,96,16,7.50
PRO007294,2026-03-12 10:30:00,La leggenda del pianista sull'oceano,Drama,Giuseppe Tornatore,1998,169,0,6.50
PRO007295,2026-03-13 10:30:00,The General,Action,Clyde Bruckman,1926,67,12,6.50
PRO007296,2026-03-14 10:30:00,Badlands,Action,Terrence Malick,1973,94,6,6.50
PRO007297,2026-03-14 13:00:00,The Lord of the Rings: The Return of the King,Action,Peter Jackson,2003,201,0,8.50
PRO007298,2026-03-14 17:00:00,Wait Until Dark,Thriller,Terence Young,1967,108,12,8.00
PRO007299,2026-03-14 19:30:00,Do the Right Thing,Comedy,Spike Lee,1989,120,16,10.00
PRO007300,2026-03-15 10:00:00,Tôkyô monogatari,Drama,Yasujirô Ozu,1953,136,0,8.00
PRO007301,2026-03-15 13:30:00,Ivanovo detstvo,Drama,Andrei Tarkovsky,1962,95,12,7.00
PRO007302,2026-03-15 16:00:00,Stalker,Drama,Andrei Tarkovsky,1979,162,0,8.00
PRO007303,2026-03-16 10:00:00,The Kid,Comedy,Charles Chaplin,1921,68,12,6.50
PRO007304,2026-03-17 10:00:00,Road to Perdition,Crime,Sam Mendes,2002,117,12,8.50
PRO007305,2026-03-18 10:30:00,Stalker,Drama,Andrei Tarkovsky,1979,162,0,7.00
PRO007306,2026-03-18 14:00:00,Star Wars: Episode VI - Return of the Jedi,Action,Richard Marquand,1983,131,0,7.00
PRO007307,2026-03-18 17:00:00,The Day the Earth Stood Still,Drama,Robert Wise,1951,92,0,8.50
PRO007308,2026-03-19 10:30:00,Stalker,Drama,Andrei Tarkovsky,1979,162,0,8.50
PRO007309,2026-03-19 14:00:00,Sen to Chihiro no kamikakushi,Animation,Hayao Miyazaki,2001,125,0,7.00
PRO007310,2026-03-19 17:00:00,To Have and Have Not,Adventure,Howard Hawks,1944,100,6,7.50
PRO007311,2026-03-20 10:30:00,The Bridges of Madison County,Drama,Clint Eastwood,1995,135,12,6.50
PRO007312,2026-03-21 10:00:00,The Conversation,Drama,Francis Ford Coppola,1974,113,0,7.50
PRO007313,2026-03-21 13:00:00,Ivanovo detstvo,Drama,Andrei Tarkovsky,1962,95,12,8.00
PRO007314,2026-03-21 15:30:00,Badlands,Action,Terrence Malick,1973,94,6,7.50
PRO007315,2026-03-22 10:30:00,Sherlock Jr.,Action,Buster Keaton,1924,45,12,7.00
PRO007316,2026-03-22 12:00:00,La leggenda del pianista sull'oceano,Drama,Giuseppe Tornatore,1998,169,0,7.00
PRO007317,2026-03-22 15:30:00,The Lord of the Rings: The Return of the King,Action,Peter Jackson,2003,201,0,7.50
PRO007318,2026-03-23 10:00:00,The Odd Couple,Comedy,Gene Saks,1968,105,0,7.50
PRO007319,2026-03-24 10:30:00,Pride & Prejudice,Drama,Joe Wright,2005,129,6,7.50
PRO007320,2026-03-25 10:00:00,Nosferatu,Fantasy,F.W. Murnau,1922,94,12,7.50
PRO007321,2026-03-25 12:30:00,Pan's Labyrinth,Drama,Guillermo del Toro,2006,118,12,6.50
PRO007322,2026-03-25 15:30:00,Letters from Iwo Jima,Action,Clint Eastwood,2006,141,12,8.50
PRO007323,2026-03-26 10:30:00,The Bridges of Madison County,Drama,Clint Eastwood,1995,135,12,7.00
PRO007324,2026-03-26 13:30:00,Back to the Future Part II,Adventure,Robert Zemeckis,1989,108,0,6.50
PRO007325,2026-03-26 16:00:00,Pan's Labyrinth,Drama,Guillermo del Toro,2006,118,12,7.50
PRO007326,2026-03-27 10:00:00,Taegukgi hwinalrimyeo,Action,Je-kyu Kang,2004,140,16,8.00
PRO007327,2026-03-27 13:30:00,Star Wars: Episode VI - Return of the Jedi,Action,Richard Marquand,1983,131,0,8.50
PRO007328,2026-03-28 10:30:00,The Wizard of Oz,Adventure,Victor Fleming,1939,102,0,7.50
PRO007329,2026-03-28 13:00:00,The General,Action,Clyde Bruckman,1926,67,12,8.00
PRO007330,2026-03-28 15:00:00,Airplane!,Comedy,Jim Abrahams,1980,88,0,7.50
PRO007331,2026-03-28 17:30:00,Letters from Iwo Jima,Action,Clint Eastwood,2006,141,12,8.50
PRO007332,2026-03-29 10:00:00,Death Note: Desu nôto,Crime,Shûsuke Kaneko,2006,126,12,8.00
PRO007333,2026-03-29 13:00:00,Ivanovo detstvo,Drama,Andrei Tarkovsky,1962,95,12,7.50
PRO007334,2026-03-29 15:30:00,Billy Elliot,Drama,Stephen Daldry,2000,110,16,8.00
PRO007335,2026-03-30 10:00:00,Back to the Future Part II,Adventure,Robert Zemeckis,1989,108,0,7.00
PRO007336,2026-03-30 12:30:00,Sholay,Action,Ramesh Sippy,1975,204,0,6.50
PRO007337,2026-03-31 10:00:00,Vertigo,Mystery,Alfred Hitchcock,1958,128,12,8.00
PRO007338,2026-04-01 10:00:00,Manhattan,Comedy,Woody Allen,1979,96,16,8.00
PRO007339,2026-04-01 12:30:00,Tôkyô monogatari,Drama,Yasujirô Ozu,1953,136,0,7.00
PRO007340,2026-04-01 15:30:00,Wait Until Dark,Thriller,Terence Young,1967,108,12,8.00
PRO007341,2026-04-02 10:30:00,The Big Lebowski,Comedy,Joel Coen,1998,117,16,8.00
PRO007342,2026-04-03 10:00:00,Inside Man,Crime,Spike Lee,2006,129,16,8.00
PRO007343,2026-04-04 10:30:00,Inherit the Wind,Biography,Stanley Kramer,1960,128,12,7.50
PRO007344,2026-04-04 13:30:00,The Big Lebowski,Comedy,Joel Coen,1998,117,16,8.00
PRO007345,2026-04-04 16:30:00,Aliens,Action,James Cameron,1986,137,0,7.50
PRO007346,2026-04-05 10:00:00,Sen to Chihiro no kamikakushi,Animation,Hayao Miyazaki,2001,125,0,8.50
PRO007347,2026-04-05 13:00:00,Aliens,Action,James Cameron,1986,137,0,7.50
PRO007348,2026-04-05 16:00:00,Mononoke-hime,Animation,Hayao Miyazaki,1997,134,0,8.50
PRO007349,2026-04-06 10:00:00,Ivanovo detstvo,Drama,Andrei Tarkovsky,1962,95,12,7.50
PRO007350,2026-04-06 12:30:00,Taegukgi hwinalrimyeo,Action,Je-kyu Kang,2004,140,16,8.50
PRO007351,2026-04-06 15:30:00,Ivanovo detstvo,Drama,Andrei Tarkovsky,1962,95,12,7.50
PRO007352,2026-04-07 10:00:00,Hiroshima mon amour,Drama,Alain Resnais,1959,90,12,8.00
PRO007353,2026-04-07 12:30:00,Annie Hall,Comedy,Woody Allen,1977,93,12,7.50
PRO007354,2026-04-07 15:00:00,Taegukgi hwinalrimyeo,Action,Je-kyu Kang,2004,140,16,8.00
PRO007355,2026-04-08 10:00:00,Hiroshima mon amour,Drama,Alain Resnais,1959,90,12,8.50
PRO007356,2026-04-08 12:30:00,Death Note: Desu nôto,Crime,Shûsuke Kaneko,2006,126,12,8.00
PRO007357,2026-04-08 15:30:00,Airplane!,Comedy,Jim Abrahams,1980,88,0,6.50
PRO007358,2026-04-09 10:30:00,The Odd Couple,Comedy,Gene Saks,1968,105,0,6.50
PRO007359,2026-04-09 13:00:00,On Golden Pond,Drama,Mark Rydell,1981,109,12,7.00
PRO007360,2026-04-10 10:00:00,The Conversation,Drama,Francis Ford Coppola,1974,113,0,6.50
PRO007361,2026-04-10 12:30:00,Airplane!,Comedy,Jim Abrahams,1980,88,0,8.50
PRO007362,2026-04-10 15:00:00,The Conversation,Drama,Francis Ford Coppola,1974,113,0,8.00
PRO007363,2026-04-11 10:30:00,À bout de souffle,Crime,Jean-Luc Godard,1960,90,0,8.00
PRO007364,2026-04-11 13:00:00,The Lord of the Rings: The Return of the King,Action,Peter Jackson,2003,201,0,7.50
PRO007365,2026-04-11 17:00:00,Sabrina,Comedy,Billy Wilder,1954,113,12,6.50
PRO007366,2026-04-12 10:00:00,The Conversation,Drama,Francis Ford Coppola,1974,113,0,7.50
PRO007367,2026-04-12 12:30:00,To Have and Have Not,Adventure,Howard Hawks,1944,100,6,7.50
PRO007368,2026-04-12 15:00:00,Ivanovo detstvo,Drama,Andrei Tarkovsky,1962,95,12,8.00
PRO007369,2026-04-12 17:30:00,Inherit the Wind,Biography,Stanley Kramer,1960,128,12,6.50
PRO007370,2026-04-13 10:30:00,The African Queen,Adventure,John Huston,1951,105,6,7.50
PRO007371,2026-04-14 10:30:00,Sabrina,Comedy,Billy Wilder,1954,113,12,8.00
PRO007372,2026-04-14 13:30:00,Ivanovo detstvo,Drama,Andrei Tarkovsky,1962,95,12,7.00
PRO007373,2026-04-15 10:30:00,Taegukgi hwinalrimyeo,Action,Je-kyu Kang,2004,140,16,8.50
PRO007374,2026-04-15 14:00:00,Hotaru no haka,Animation,Isao Takahata,1988,89,0,7.00
PRO007375,2026-04-15 16:30:00,Lethal Weapon,Action,Richard Donner,1987,109,12,6.50
PRO007376,2026-04-16 10:30:00,Fa yeung nin wah,Drama,Kar-Wai Wong,2000,98,0,8.00
PRO007377,2026-04-16 13:00:00,The African Queen,Adventure,John Huston,1951,105,6,8.00
PRO007378,2026-04-16 15:30:00,Taegukgi hwinalrimyeo,Action,Je-kyu Kang,2004,140,16,7.50
PRO007379,2026-04-17 10:30:00,Ivanovo detstvo,Drama,Andrei Tarkovsky,1962,95,12,8.00
PRO007380,2026-04-17 13:00:00,The Godfather,Crime,Francis Ford Coppola,1972,175,12,7.00
PRO007381,2026-04-17 16:30:00,On Golden Pond,Drama,Mark Rydell,1981,109,12,6.50
PRO007382,2026-04-18 10:00:00,Sen to Chihiro no kamikakushi,Animation,Hayao Miyazaki,2001,125,0,6.50
PRO007383,2026-04-18 13:00:00,Sabrina,Comedy,Billy Wilder,1954,113,12,6.50
PRO007384,2026-04-18 16:00:00,À bout de souffle,Crime,Jean-Luc Godard,1960,90,0,8.00
PRO007385,2026-04-18 18:30:00,The Godfather,Crime,Francis Ford Coppola,1972,175,12,8.50
PRO007386,2026-04-19 10:00:00,The Maltese Falcon,Film-Noir,John Huston,1941,100,12,7.00
PRO007387,2026-04-19 12:30:00,Kurenai no buta,Animation,Hayao Miyazaki,1992,94,0,8.00
PRO007388,2026-04-19 15:00:00,Tôkyô goddofâzâzu,Animation,Satoshi Kon,2003,90,12,7.00
PRO007389,2026-04-19 17:30:00,Aliens,Action,James Cameron,1986,137,0,7.00
PRO007390,2026-04-20 10:00:00,The Blues Brothers,Action,John Landis,1980,133,0,7.00
PRO007391,2026-04-21 10:30:00,The Godfather,Crime,Francis Ford Coppola,1972,175,12,6.50
PRO007392,2026-04-21 14:30:00,The Incredibles,Animation,Brad Bird,2004,115,0,8.00
PRO007393,2026-04-22 10:00:00,Hotaru no haka,Animation,Isao Takahata,1988,89,0,8.00
PRO007394,2026-04-22 12:30:00,The African Queen,Adventure,John Huston,1951,105,6,7.00
PRO007395,2026-04-23 10:30:00,The Treasure of the Sierra Madre,Adventure,John Huston,1948,126,12,6.50
PRO007396,2026-04-24 10:00:00,Sabrina,Comedy,Billy Wilder,1954,113,12,8.00
PRO007397,2026-04-24 13:00:00,Death Note: Desu nôto,Crime,Shûsuke Kaneko,2006,126,12,7.50
PRO007398,2026-04-24 16:00:00,Kurenai no buta,Animation,Hayao Miyazaki,1992,94,0,7.00
PRO007399,2026-04-25 10:00:00,Lethal Weapon,Action,Richard Donner,1987,109,12,8.50
PRO007400,2026-04-25 12:30:00,Letters from Iwo Jima,Action,Clint Eastwood,2006,141,12,7.50
PRO007401,2026-04-25 15:30:00,Inherit the Wind,Biography,Stanley Kramer,1960,128,12,7.50
PRO007402,2026-04-25 18:30:00,The Treasure of the Sierra Madre,Adventure,John Huston,1948,126,12,9.50
PRO007403,2026-04-26 10:30:00,Taegukgi hwinalrimyeo,Action,Je-kyu Kang,2004,140,16,6.50
PRO007404,2026-04-26 13:30:00,Blood Simple,Crime,Joel Coen,1984,99,12,8.00
PRO007405,2026-04-26 16:00:00,Letters from Iwo Jima,Action,Clint Eastwood,2006,141,12,8.50
PRO007406,2026-04-26 19:00:00,Trois couleurs: Rouge,Drama,Krzysztof Kieslowski,1994,99,0,8.50
PRO007407,2026-04-27 10:30:00,Cinderella Man,Biography,Ron Howard,2005,144,12,7.00
PRO007408,2026-04-28 10:00:00,Kurenai no buta,Animation,Hayao Miyazaki,1992,94,0,7.50
PRO007409,2026-04-28 12:30:00,The Incredibles,Animation,Brad Bird,2004,115,0,6.50
PRO007410,2026-04-28 15:00:00,The Blues Brothers,Action,John Landis,1980,133,0,6.50
PRO007411,2026-04-29 10:30:00,The African Queen,Adventure,John Huston,1951,105,6,6.50
PRO007412,2026-04-30 10:00:00,The Maltese Falcon,Film-Noir,John Huston,1941,100,12,6.50
PRO007413,2026-04-30 12:30:00,The Treasure of the Sierra Madre,Adventure,John Huston,1948,126,12,8.50
PRO007414,2026-04-30 15:30:00,Cinderella Man,Biography,Ron Howard,2005,144,12,6.50
PRO007415,2026-05-01 10:30:00,On Golden Pond,Drama,Mark Rydell,1981,109,12,7.00
PRO007416,2026-05-02 10:30:00,The Iron Giant,Animation,Brad Bird,1999,86,6,8.00
PRO007417,2026-05-02 13:00:00,Pan's Labyrinth,Drama,Guillermo del Toro,2006,118,12,8.00
PRO007418,2026-05-02 16:00:00,Kurenai no buta,Animation,Hayao Miyazaki,1992,94,0,8.00
PRO007419,2026-05-03 10:00:00,À bout de souffle,Crime,Jean-Luc Godard,1960,90,0,7.00
PRO007420,2026-05-03 12:30:00,Charade,Comedy,Stanley Donen,1963,113,0,7.00
PRO007421,2026-05-03 15:00:00,The Treasure of the Sierra Madre,Adventure,John Huston,1948,126,12,6.50
PRO007422,2026-05-03 18:00:00,Before Sunrise,Drama,Richard Linklater,1995,101,16,9.50
PRO007423,2026-05-04 10:00:00,Ivanovo detstvo,Drama,Andrei Tarkovsky,1962,95,12,6.50
PRO007424,2026-05-04 12:30:00,The Incredibles,Animation,Brad Bird,2004,115,0,6.50
PRO007425,2026-05-05 10:30:00,Omohide poro poro,Animation,Isao Takahata,1991,118,0,7.50
PRO007426,2026-05-05 13:30:00,Cinderella Man,Biography,Ron Howard,2005,144,12,7.00
PRO007427,2026-05-06 10:00:00,Annie Hall,Comedy,Woody Allen,1977,93,12,6.50
PRO007428,2026-05-06 12:30:00,300,Action,Zack Snyder,2006,117,12,7.50
PRO007429,2026-05-06 15:00:00,À bout de souffle,Crime,Jean-Luc Godard,1960,90,0,8.50
PRO007430,2026-05-07 10:00:00,Boyz n the Hood,Crime,John Singleton,1991,112,12,7.00
PRO007431,2026-05-07 13:00:00,Rashômon,Crime,Akira Kurosawa,1950,88,12,7.00
PRO007432,2026-05-07 15:30:00,Sen to Chihiro no kamikakushi,Animation,Hayao Miyazaki,2001,125,0,7.50
PRO007433,2026-05-08 10:00:00,Before Sunrise,Drama,Richard Linklater,1995,101,16,7.50
PRO007434,2026-05-09 10:30:00,Omohide poro poro,Animation,Isao Takahata,1991,118,0,8.00
PRO007435,2026-05-09 13:30:00,Trois couleurs: Rouge,Drama,Krzysztof Kieslowski,1994,99,0,8.50
PRO007436,2026-05-09 16:00:00,Inside Man,Crime,Spike Lee,2006,129,16,7.00
PRO007437,2026-05-09 19:00:00,300,Action,Zack Snyder,2006,117,12,10.00
PRO007438,2026-05-10 10:00:00,Blood Simple,Crime,Joel Coen,1984,99,12,7.00
PRO007439,2026-05-10 12:30:00,The Graduate,Comedy,Mike Nichols,1967,106,12,7.00
PRO007440,2026-05-10 15:00:00,Terminator 2: Judgment Day,Action,James Cameron,1991,137,0,8.00
PRO007441,2026-05-10 18:00:00,Sen to Chihiro no kamikakushi,Animation,Hayao Miyazaki,2001,125,0,9.00
PRO007442,2026-05-11 10:30:00,Anand,Drama,Hrishikesh Mukherjee,1971,122,0,8.50
PRO007443,2026-05-11 13:30:00,Before Sunrise,Drama,Richard Linklater,1995,101,16,7.00
PRO007444,2026-05-12 10:30:00,The Graduate,Comedy,Mike Nichols,1967,106,12,7.50
PRO007445,2026-05-12 13:00:00,Boyz n the Hood,Crime,John Singleton,1991,112,12,7.00
PRO007446,2026-05-12 15:30:00,The Lost Weekend,Drama,Billy Wilder,1945,101,12,7.50
PRO007447,2026-05-13 10:30:00,Taegukgi hwinalrimyeo,Action,Je-kyu Kang,2004,140,16,6.50
PRO007448,2026-05-13 13:30:00,Ghostbusters,Action,Ivan Reitman,1984,105,12,8.50
PRO007449,2026-05-13 16:00:00,The Last King of Scotland,Biography,Kevin Macdonald,2006,123,16,6.50
PRO007450,2026-05-14 10:30:00,À bout de souffle,Crime,Jean-Luc Godard,1960,90,0,7.00
PRO007451,2026-05-14 13:00:00,Fa yeung nin wah,Drama,Kar-Wai Wong,2000,98,0,8.00
PRO007452,2026-05-14 15:30:00,Before Sunrise,Drama,Richard Linklater,1995,101,16,8.50
PRO007453,2026-05-15 10:30:00,Aliens,Action,James Cameron,1986,137,0,7.50
PRO007454,2026-05-16 10:30:00,A Bronx Tale,Crime,Robert De Niro,1993,121,16,7.00
PRO007455,2026-05-16 13:30:00,Trois couleurs: Rouge,Drama,Krzysztof Kieslowski,1994,99,0,8.50
PRO007456,2026-05-16 16:00:00,Blood Simple,Crime,Joel Coen,1984,99,12,7.50
PRO007457,2026-05-16 18:30:00,The Last King of Scotland,Biography,Kevin Macdonald,2006,123,16,8.50
PRO007458,2026-05-17 10:00:00,Anand,Drama,Hrishikesh Mukherjee,1971,122,0,8.00
PRO007459,2026-05-17 13:00:00,The Blues Brothers,Action,John Landis,1980,133,0,7.00
PRO007460,2026-05-17 16:00:00,The Muppet Christmas Carol,Comedy,Brian Henson,1992,85,0,8.50
PRO007461,2026-05-17 18:00:00,The Blues Brothers,Action,John Landis,1980,133,0,8.50
PRO007462,2026-05-18 10:00:00,Omohide poro poro,Animation,Isao Takahata,1991,118,0,7.50
PRO007463,2026-05-18 13:00:00,Charade,Comedy,Stanley Donen,1963,113,0,8.50
PRO007464,2026-05-18 16:00:00,The Terminator,Action,James Cameron,1984,107,12,7.50
PRO007465,2026-05-19 10:30:00,Mimi wo sumaseba,Animation,Yoshifumi Kondô,1995,111,0,7.00
PRO007466,2026-05-19 13:30:00,Terminator 2: Judgment Day,Action,James Cameron,1991,137,0,8.50
PRO007467,2026-05-20 10:30:00,Star Wars,Action,George Lucas,1977,121,12,7.50
PRO007468,2026-05-20 13:30:00,The Iron Giant,Animation,Brad Bird,1999,86,6,6.50
PRO007469,2026-05-20 16:00:00,The Graduate,Comedy,Mike Nichols,1967,106,12,8.00
PRO007470,2026-05-21 10:30:00,Kal Ho Naa Ho,Comedy,Nikkhil Advani,2003,186,0,8.50
PRO007471,2026-05-22 10:30:00,Before Sunrise,Drama,Richard Linklater,1995,101,16,7.00
PRO007472,2026-05-23 10:30:00,Strangers on a Train,Crime,Alfred Hitchcock,1951,101,12,8.00
PRO007473,2026-05-23 13:00:00,Apocalypto,Action,Mel Gibson,2006,139,12,6.50
PRO007474,2026-05-23 16:00:00,Trois couleurs: Bleu,Drama,Krzysztof Kieslowski,1993,94,0,8.50
PRO007475,2026-05-24 10:30:00,À bout de souffle,Crime,Jean-Luc Godard,1960,90,0,6.50
PRO007476,2026-05-24 13:00:00,What's Eating Gilbert Grape,Drama,Lasse Hallström,1993,118,0,6.50
PRO007477,2026-05-24 16:00:00,Anand,Drama,Hrishikesh Mukherjee,1971,122,0,8.00
PRO007478,2026-05-24 19:00:00,The Last King of Scotland,Biography,Kevin Macdonald,2006,123,16,9.50
PRO007479,2026-05-25 10:30:00,Tôkyô goddofâzâzu,Animation,Satoshi Kon,2003,90,12,7.50
PRO007480,2026-05-25 13:00:00,The Muppet Christmas Carol,Comedy,Brian Henson,1992,85,0,7.00
PRO007481,2026-05-26 10:00:00,Kal Ho Naa Ho,Comedy,Nikkhil Advani,2003,186,0,8.50
PRO007482,2026-05-26 14:00:00,Mimi wo sumaseba,Animation,Yoshifumi Kondô,1995,111,0,7.00
PRO007483,2026-05-26 16:30:00,The Treasure of the Sierra Madre,Adventure,John Huston,1948,126,12,8.00
PRO007484,2026-05-27 10:30:00,The Silence of the Lambs,Crime,Jonathan Demme,1991,118,12,8.50
PRO007485,2026-05-27 13:30:00,The Muppet Christmas Carol,Comedy,Brian Henson,1992,85,0,8.50
PRO007486,2026-05-28 10:00:00,28 Days Later...,Drama,Danny Boyle,2002,113,12,8.00
PRO007487,2026-05-28 13:00:00,Jurassic Park,Action,Steven Spielberg,1993,127,12,7.00
PRO007488,2026-05-28 16:00:00,Star Wars,Action,George Lucas,1977,121,12,7.50
PRO007489,2026-05-29 10:00:00,The Lost Weekend,Drama,Billy Wilder,1945,101,12,8.50
PRO007490,2026-05-29 12:30:00,Apocalypto,Action,Mel Gibson,2006,139,12,7.00
PRO007491,2026-05-30 10:00:00,What's Eating Gilbert Grape,Drama,Lasse Hallström,1993,118,0,8.50
PRO007492,2026-05-30 12:30:00,Funny Games,Crime,Michael Haneke,1997,108,12,8.00
PRO007493,2026-05-30 15:00:00,Mimi wo sumaseba,Animation,Yoshifumi Kondô,1995,111,0,6.50
PRO007494,2026-05-31 10:00:00,Jurassic Park,Action,Steven Spielberg,1993,127,12,7.50
PRO007495,2026-05-31 13:00:00,Spoorloos,Mystery,George Sluizer,1988,107,12,8.50
PRO007496,2026-05-31 15:30:00,Funny Games,Crime,Michael Haneke,1997,108,12,7.50
PRO007497,2026-06-01 10:30:00,Apocalypto,Action,Mel Gibson,2006,139,12,8.00
PRO007498,2026-06-01 14:00:00,The Incredibles,Animation,Brad Bird,2004,115,0,8.00
PRO007499,2026-06-01 17:00:00,Trois couleurs: Blanc,Comedy,Krzysztof Kieslowski,1994,92,0,8.50
PRO007500,2026-06-02 10:00:00,Giant,Drama,George Stevens,1956,201,0,7.00
PRO007501,2026-06-02 14:30:00,What's Eating Gilbert Grape,Drama,Lasse Hallström,1993,118,0,8.50
PRO007502,2026-06-02 17:30:00,The Graduate,Comedy,Mike Nichols,1967,106,12,8.50
PRO007503,2026-06-03 10:30:00,Kal Ho Naa Ho,Comedy,Nikkhil Advani,2003,186,0,6.50
PRO007504,2026-06-03 14:30:00,Funny Games,Crime,Michael Haneke,1997,108,12,8.00
PRO007505,2026-06-04 10:30:00,Spoorloos,Mystery,George Sluizer,1988,107,12,6.50
PRO007506,2026-06-04 13:00:00,Omohide poro poro,Animation,Isao Takahata,1991,118,0,6.50
PRO007507,2026-06-04 16:00:00,Before Sunrise,Drama,Richard Linklater,1995,101,16,7.00
PRO007508,2026-06-05 10:30:00,Strangers on a Train,Crime,Alfred Hitchcock,1951,101,12,7.50
PRO007509,2026-06-05 13:00:00,Metropolis,Drama,Fritz Lang,1927,153,12,7.00
PRO007510,2026-06-06 10:30:00,Omohide poro poro,Animation,Isao Takahata,1991,118,0,8.00
PRO007511,2026-06-06 13:30:00,Trois couleurs: Blanc,Comedy,Krzysztof Kieslowski,1994,92,0,7.50
PRO007512,2026-06-06 16:00:00,The Muppet Christmas Carol,Comedy,Brian Henson,1992,85,0,8.50
PRO007513,2026-06-07 10:00:00,Metropolis,Drama,Fritz Lang,1927,153,12,8.00
PRO007514,2026-06-07 13:30:00,Terminator 2: Judgment Day,Action,James Cameron,1991,137,0,7.00
PRO007515,2026-06-07 16:30:00,The Graduate,Comedy,Mike Nichols,1967,106,12,8.50
PRO007516,2026-06-08 10:00:00,Empire of the Sun,Action,Steven Spielberg,1987,153,0,8.50
PRO007517,2026-06-08 13:30:00,Spoorloos,Mystery,George Sluizer,1988,107,12,7.50
PRO007518,2026-06-08 16:00:00,The Longest Day,Action,Ken Annakin,1962,178,0,8.50
PRO007519,2026-06-09 10:00:00,28 Days Later...,Drama,Danny Boyle,2002,113,12,6.50
PRO007520,2026-06-09 13:00:00,Terminator 2: Judgment Day,Action,James Cameron,1991,137,0,6.50
PRO007521,2026-06-09 16:30:00,Before Sunrise,Drama,Richard Linklater,1995,101,16,7.50
PRO007522,2026-06-10 10:00:00,28 Days Later...,Drama,Danny Boyle,2002,113,12,8.00
PRO007523,2026-06-10 12:30:00,Omohide poro poro,Animation,Isao Takahata,1991,118,0,7.00
PRO007524,2026-06-11 10:00:00,Anand,Drama,Hrishikesh Mukherjee,1971,122,0,7.50
PRO007525,2026-06-11 13:00:00,Anand,Drama,Hrishikesh Mukherjee,1971,122,0,7.50
PRO007526,2026-06-11 16:00:00,Jurassic Park,Action,Steven Spielberg,1993,127,12,7.50
PRO007527,2026-06-12 10:00:00,Rebecca,Drama,Alfred Hitchcock,1940,130,12,7.00
PRO007528,2026-06-12 13:00:00,Empire of the Sun,Action,Steven Spielberg,1987,153,0,8.50
PRO007529,2026-06-13 10:30:00,Jurassic Park,Action,Steven Spielberg,1993,127,12,8.00
PRO007530,2026-06-13 13:30:00,The Graduate,Comedy,Mike Nichols,1967,106,12,7.50
PRO007531,2026-06-13 16:00:00,Metropolis,Drama,Fritz Lang,1927,153,12,8.00
PRO007532,2026-06-13 19:30:00,The Longest Day,Action,Ken Annakin,1962,178,0,8.50
PRO007533,2026-06-14 10:30:00,Kal Ho Naa Ho,Comedy,Nikkhil Advani,2003,186,0,7.50
PRO007534,2026-06-14 14:30:00,The Graduate,Comedy,Mike Nichols,1967,106,12,8.50
PRO007535,2026-06-14 17:00:00,The Longest Day,Action,Ken Annakin,1962,178,0,8.50
PRO007536,2026-06-14 21:00:00,Kal Ho Naa Ho,Comedy,Nikkhil Advani,2003,186,0,8.50
PRO007537,2026-06-15 10:30:00,Laura,Drama,Otto Preminger,1944,88,12,7.50
PRO007538,2026-06-16 10:30:00,Trois couleurs: Blanc,Comedy,Krzysztof Kieslowski,1994,92,0,7.00
PRO007539,2026-06-17 10:30:00,Anand,Drama,Hrishikesh Mukherjee,1971,122,0,7.00
PRO007540,2026-06-18 10:30:00,The Longest Day,Action,Ken Annakin,1962,178,0,7.50
PRO007541,2026-06-18 14:00:00,Strangers on a Train,Crime,Alfred Hitchcock,1951,101,12,6.50
PRO007542,2026-06-18 16:30:00,Jurassic Park,Action,Steven Spielberg,1993,127,12,8.00
PRO007543,2026-06-19 10:00:00,Trois couleurs: Blanc,Comedy,Krzysztof Kieslowski,1994,92,0,8.00
PRO007544,2026-06-19 12:30:00,What's Eating Gilbert Grape,Drama,Lasse Hallström,1993,118,0,7.00
PRO007545,2026-06-20 10:30:00,Tôkyô goddofâzâzu,Animation,Satoshi Kon,2003,90,12,7.00
PRO007546,2026-06-20 13:00:00,Trois couleurs: Blanc,Comedy,Krzysztof Kieslowski,1994,92,0,8.00
PRO007547,2026-06-20 15:30:00,Sling Blade,Drama,Billy Bob Thornton,1996,135,16,8.00
PRO007548,2026-06-21 10:00:00,Laura,Drama,Otto Preminger,1944,88,12,7.50
PRO007549,2026-06-21 12:00:00,Before Sunrise,Drama,Richard Linklater,1995,101,16,7.00
PRO007550,2026-06-21 14:30:00,Rebecca,Drama,Alfred Hitchcock,1940,130,12,8.00
PRO007551,2026-06-21 17:30:00,Empire of the Sun,Action,Steven Spielberg,1987,153,0,6.50
PRO007552,2026-06-22 10:30:00,What's Eating Gilbert Grape,Drama,Lasse Hallström,1993,118,0,8.50
PRO007553,2026-06-22 13:30:00,The Silence of the Lambs,Crime,Jonathan Demme,1991,118,12,6.50
PRO007554,2026-06-22 16:30:00,Laura,Drama,Otto Preminger,1944,88,12,8.00
PRO007555,2026-06-23 10:30:00,Anand,Drama,Hrishikesh Mukherjee,1971,122,0,8.00
PRO007556,2026-06-23 13:30:00,Unforgiven,Drama,Clint Eastwood,1992,130,12,8.50
PRO007557,2026-06-24 10:00:00,The Graduate,Comedy,Mike Nichols,1967,106,12,7.00
PRO007558,2026-06-24 12:30:00,Trois couleurs: Blanc,Comedy,Krzysztof Kieslowski,1994,92,0,6.50
PRO007559,2026-06-24 15:00:00,Vizontele,Comedy,Yilmaz Erdogan,2001,110,12,8.00
PRO007560,2026-06-25 10:00:00,Laura,Drama,Otto Preminger,1944,88,12,8.50
PRO007561,2026-06-25 12:30:00,À bout de souffle,Crime,Jean-Luc Godard,1960,90,0,7.00
PRO007562,2026-06-25 15:00:00,28 Days Later...,Drama,Danny Boyle,2002,113,12,8.00
PRO007563,2026-06-26 10:30:00,Heat,Crime,Michael Mann,1995,170,12,8.00
PRO007564,2026-06-26 14:00:00,Giant,Drama,George Stevens,1956,201,0,8.50
PRO007565,2026-06-27 10:30:00,Unforgiven,Drama,Clint Eastwood,1992,130,12,8.50
PRO007566,2026-06-27 13:30:00,To Have and Have Not,Adventure,Howard Hawks,1944,100,6,8.00
PRO007567,2026-06-27 16:00:00,To Have and Have Not,Adventure,Howard Hawks,1944,100,6,7.00
PRO007568,2026-06-28 10:30:00,Tôkyô goddofâzâzu,Animation,Satoshi Kon,2003,90,12,8.50
PRO007569,2026-06-28 13:00:00,In the Heat of the Night,Crime,Norman Jewison,1967,110,0,8.00
PRO007570,2026-06-28 15:30:00,Fantasia,Animation,James Algar,1940,125,0,7.00
PRO007571,2026-06-28 18:30:00,Apocalypto,Action,Mel Gibson,2006,139,12,9.50
PRO007572,2026-06-29 10:30:00,Omohide poro poro,Animation,Isao Takahata,1991,118,0,8.50
PRO007573,2026-06-29 13:30:00,What's Eating Gilbert Grape,Drama,Lasse Hallström,1993,118,0,7.50
PRO007574,2026-06-30 10:00:00,Rebecca,Drama,Alfred Hitchcock,1940,130,12,7.00
PRO007575,2026-06-30 13:00:00,Funny Games,Crime,Michael Haneke,1997,108,12,8.50
PRO007576,2026-06-30 16:00:00,Jungfrukällan,Drama,Ingmar Bergman,1960,89,12,7.50
PRO007577,2026-07-01 10:00:00,À bout de souffle,Crime,Jean-Luc Godard,1960,90,0,7.50
PRO007578,2026-07-02 10:00:00,Kal Ho Naa Ho,Comedy,Nikkhil Advani,2003,186,0,8.50
PRO007579,2026-07-03 10:30:00,The World's Fastest Indian,Biography,Roger Donaldson,2005,127,0,6.50
PRO007580,2026-07-04 10:30:00,Spoorloos,Mystery,George Sluizer,1988,107,12,8.50
PRO007581,2026-07-04 13:00:00,Apocalypto,Action,Mel Gibson,2006,139,12,7.00
PRO007582,2026-07-04 16:00:00,Cast Away,Adventure,Robert Zemeckis,2000,143,12,7.50
PRO007583,2026-07-04 19:00:00,Spoorloos,Mystery,George Sluizer,1988,107,12,9.00
PRO007584,2026-07-05 10:00:00,La battaglia di Algeri,Drama,Gillo Pontecorvo,1966,121,12,7.00
PRO007585,2026-07-05 13:00:00,Fantasia,Animation,James Algar,1940,125,0,6.50
PRO007586,2026-07-05 16:00:00,Empire of the Sun,Action,Steven Spielberg,1987,153,0,8.00
PRO007587,2026-07-06 10:30:00,À bout de souffle,Crime,Jean-Luc Godard,1960,90,0,8.00
PRO007588,2026-07-07 10:30:00,Funny Games,Crime,Michael Haneke,1997,108,12,8.00
PRO007589,2026-07-08 10:30:00,Vizontele,Comedy,Yilmaz Erdogan,2001,110,12,6.50
PRO007590,2026-07-09 10:30:00,Kill Bill: Vol. 2,Action,Quentin Tarantino,2004,137,12,6.50
PRO007591,2026-07-09 13:30:00,Spoorloos,Mystery,George Sluizer,1988,107,12,7.00
PRO007592,2026-07-09 16:00:00,Manhattan,Comedy,Woody Allen,1979,96,16,7.00
PRO007593,2026-07-10 10:30:00,The World's Fastest Indian,Biography,Roger Donaldson,2005,127,0,8.50
PRO007594,2026-07-10 13:30:00,Cast Away,Adventure,Robert Zemeckis,2000,143,12,8.50
PRO007595,2026-07-11 10:30:00,La battaglia di Algeri,Drama,Gillo Pontecorvo,1966,121,12,7.00
PRO007596,2026-07-11 13:30:00,La battaglia di Algeri,Drama,Gillo Pontecorvo,1966,121,12,6.50
PRO007597,2026-07-11 16:30:00,Jungfrukällan,Drama,Ingmar Bergman,1960,89,12,7.50
PRO007598,2026-07-12 10:30:00,Trois couleurs: Blanc,Comedy,Krzysztof Kieslowski,1994,92,0,6.50
PRO007599,2026-07-12 13:00:00,To Have and Have Not,Adventure,Howard Hawks,1944,100,6,7.00
PRO007600,2026-07-12 15:30:00,Manhattan,Comedy,Woody Allen,1979,96,16,8.00
PRO007601,2026-07-13 10:00:00,The Graduate,Comedy,Mike Nichols,1967,106,12,6.50
PRO007602,2026-07-13 12:30:00,Giant,Drama,George Stevens,1956,201,0,8.50
PRO007603,2026-07-13 17:00:00,Heat,Crime,Michael Mann,1995,170,12,7.00
PRO007604,2026-07-14 10:00:00,The Longest Day,Action,Ken Annakin,1962,178,0,8.00
PRO007605,2026-07-14 14:00:00,The World's Fastest Indian,Biography,Roger Donaldson,2005,127,0,7.00
PRO007606,2026-07-15 10:30:00,The Wild Bunch,Action,Sam Peckinpah,1969,145,12,7.50
PRO007607,2026-07-15 14:00:00,To Have and Have Not,Adventure,Howard Hawks,1944,100,6,7.50
PRO007608,2026-07-15 16:30:00,Rebecca,Drama,Alfred Hitchcock,1940,130,12,7.00
PRO007609,2026-07-16 10:00:00,Spoorloos,Mystery,George Sluizer,1988,107,12,7.00
PRO007610,2026-07-16 12:30:00,Funny Games,Crime,Michael Haneke,1997,108,12,7.00
PRO007611,2026-07-16 15:00:00,The World's Fastest Indian,Biography,Roger Donaldson,2005,127,0,8.50
PRO007612,2026-07-17 10:00:00,Badlands,Action,Terrence Malick,1973,94,6,8.00
PRO007613,2026-07-17 12:30:00,The World's Fastest Indian,Biography,Roger Donaldson,2005,127,0,8.50
PRO007614,2026-07-18 10:00:00,Tôkyô goddofâzâzu,Animation,Satoshi Kon,2003,90,12,7.00
PRO007615,2026-07-18 12:30:00,Spoorloos,Mystery,George Sluizer,1988,107,12,7.50
PRO007616,2026-07-18 15:00:00,À bout de souffle,Crime,Jean-Luc Godard,1960,90,0,8.50
PRO007617,2026-07-19 10:00:00,Tôkyô goddofâzâzu,Animation,Satoshi Kon,2003,90,12,8.00
PRO007618,2026-07-19 12:30:00,Unforgiven,Drama,Clint Eastwood,1992,130,12,6.50
PRO007619,2026-07-19 15:30:00,The Circus,Comedy,Charles Chaplin,1928,72,12,6.50
PRO007620,2026-07-20 10:00:00,Doctor Zhivago,Drama,David Lean,1965,197,12,7.00
PRO007621,2026-07-20 14:00:00,Delicatessen,Comedy,Marc Caro,1991,99,16,8.50
PRO007622,2026-07-21 10:30:00,The World's Fastest Indian,Biography,Roger Donaldson,2005,127,0,8.50
PRO007623,2026-07-21 13:30:00,Giant,Drama,George Stevens,1956,201,0,7.00
PRO007624,2026-07-22 10:30:00,The Bridges of Madison County,Drama,Clint Eastwood,1995,135,12,7.00
PRO007625,2026-07-22 13:30:00,Miracle on 34th Street,Comedy,George Seaton,1947,96,12,8.50
PRO007626,2026-07-23 10:30:00,The Adventures of Robin Hood,Action,Michael Curtiz,1938,102,6,7.00
PRO007627,2026-07-23 13:00:00,On the Waterfront,Crime,Elia Kazan,1954,108,12,6.50
PRO007628,2026-07-24 10:00:00,Manhattan,Comedy,Woody Allen,1979,96,16,7.00
PRO007629,2026-07-24 12:30:00,On the Waterfront,Crime,Elia Kazan,1954,108,12,6.50
PRO007630,2026-07-25 10:00:00,Star Wars,Action,George Lucas,1977,121,12,7.50
PRO007631,2026-07-25 13:00:00,No Man's Land,Comedy,Danis Tanovic,2001,98,16,7.50
PRO007632,2026-07-25 15:30:00,Rebecca,Drama,Alfred Hitchcock,1940,130,12,8.50
PRO007633,2026-07-26 10:30:00,Pride & Prejudice,Drama,Joe Wright,2005,129,6,8.50
PRO007634,2026-07-26 13:30:00,Badlands,Action,Terrence Malick,1973,94,6,8.00
PRO007635,2026-07-26 16:00:00,Awakenings,Biography,Penny Marshall,1990,121,0,6.50
PRO007636,2026-07-26 19:00:00,Star Wars,Action,George Lucas,1977,121,12,8.50
PRO007637,2026-07-27 10:30:00,The Wild Bunch,Action,Sam Peckinpah,1969,145,12,8.00
PRO007638,2026-07-28 10:00:00,Das Cabinet des Dr. Caligari,Fantasy,Robert Wiene,1920,76,12,7.00
PRO007639,2026-07-28 12:30:00,Being John Malkovich,Comedy,Spike Jonze,1999,113,16,7.50
PRO007640,2026-07-28 15:30:00,The World's Fastest Indian,Biography,Roger Donaldson,2005,127,0,6.50
PRO007641,2026-07-29 10:00:00,The Bridges of Madison County,Drama,Clint Eastwood,1995,135,12,7.50
PRO007642,2026-07-30 10:00:00,On the Waterfront,Crime,Elia Kazan,1954,108,12,8.50
PRO007643,2026-07-30 12:30:00,Miracle on 34th Street,Comedy,George Seaton,1947,96,12,7.50
PRO007644,2026-07-31 10:00:00,Das Cabinet des Dr. Caligari,Fantasy,Robert Wiene,1920,76,12,8.00
PRO007645,2026-08-01 10:00:00,Doctor Zhivago,Drama,David Lean,1965,197,12,7.00
PRO007646,2026-08-01 14:00:00,Awakenings,Biography,Penny Marshall,1990,121,0,7.00
PRO007647,2026-08-01 17:00:00,Star Wars,Action,George Lucas,1977,121,12,6.50
PRO007648,2026-08-02 10:30:00,No Man's Land,Comedy,Danis Tanovic,2001,98,16,8.50
PRO007649,2026-08-02 13:00:00,Awakenings,Biography,Penny Marshall,1990,121,0,7.50
PRO007650,2026-08-02 16:00:00,No Man's Land,Comedy,Danis Tanovic,2001,98,16,6.50
PRO007651,2026-08-03 10:00:00,Midnight Cowboy,Drama,John Schlesinger,1969,113,12,6.50
PRO007652,2026-08-03 12:30:00,Roman Holiday,Comedy,William Wyler,1953,118,12,6.50
PRO007653,2026-08-04 10:30:00,Pride & Prejudice,Drama,Joe Wright,2005,129,6,8.50
PRO007654,2026-08-05 10:00:00,The Station Agent,Comedy,Tom McCarthy,2003,89,16,8.50
PRO007655,2026-08-05 12:30:00,À bout de souffle,Crime,Jean-Luc Godard,1960,90,0,7.50
PRO007656,2026-08-05 15:00:00,Miracle on 34th Street,Comedy,George Seaton,1947,96,12,6.50
PRO007657,2026-08-06 10:30:00,On the Waterfront,Crime,Elia Kazan,1954,108,12,8.00
PRO007658,2026-08-06 13:00:00,Delicatessen,Comedy,Marc Caro,1991,99,16,7.00
PRO007659,2026-08-07 10:30:00,Badlands,Action,Terrence Malick,1973,94,6,8.50
PRO007660,2026-08-08 10:00:00,Pride & Prejudice,Drama,Joe Wright,2005,129,6,6.50
PRO007661,2026-08-08 13:00:00,Glengarry Glen Ross,Crime,James Foley,1992,100,16,8.50
PRO007662,2026-08-08 15:30:00,Being John Malkovich,Comedy,Spike Jonze,1999,113,16,7.50
PRO007663,2026-08-08 18:00:00,Being John Malkovich,Comedy,Spike Jonze,1999,113,16,8.50
PRO007664,2026-08-09 10:30:00,Das Cabinet des Dr. Caligari,Fantasy,Robert Wiene,1920,76,12,8.00
PRO007665,2026-08-09 12:30:00,Roman Holiday,Comedy,William Wyler,1953,118,12,8.00
PRO007666,2026-08-09 15:30:00,Being John Malkovich,Comedy,Spike Jonze,1999,113,16,8.50
PRO007667,2026-08-10 10:30:00,Shadow of a Doubt,Film-Noir,Alfred Hitchcock,1943,108,6,7.50
PRO007668,2026-08-11 10:00:00,The Wild Bunch,Action,Sam Peckinpah,1969,145,12,6.50
PRO007669,2026-08-11 13:30:00,Star Wars,Action,George Lucas,1977,121,12,7.00
PRO007670,2026-08-12 10:30:00,Sleuth,Mystery,Joseph L. Mankiewicz,1972,138,6,7.00
PRO007671,2026-08-12 13:30:00,Zwartboek,Drama,Paul Verhoeven,2006,145,16,8.50
PRO007672,2026-08-12 17:00:00,Blood Diamond,Adventure,Edward Zwick,2006,143,12,7.00
PRO007673,2026-08-13 10:30:00,La battaglia di Algeri,Drama,Gillo Pontecorvo,1966,121,12,8.50
PRO007674,2026-08-13 13:30:00,Doctor Zhivago,Drama,David Lean,1965,197,12,8.50
PRO007675,2026-08-13 17:30:00,The Game,Action,David Fincher,1997,129,12,7.50
PRO007676,2026-08-14 10:30:00,Awakenings,Biography,Penny Marshall,1990,121,0,8.00
PRO007677,2026-08-14 13:30:00,Kumonosu-jô,Drama,Akira Kurosawa,1957,110,12,8.00
PRO007678,2026-08-15 10:30:00,Spoorloos,Mystery,George Sluizer,1988,107,12,7.50
PRO007679,2026-08-15 13:00:00,Mad Max 2,Action,George Miller,1981,96,12,7.50
PRO007680,2026-08-15 15:30:00,Miracle on 34th Street,Comedy,George Seaton,1947,96,12,6.50
PRO007681,2026-08-16 10:30:00,Blood Diamond,Adventure,Edward Zwick,2006,143,12,7.00
PRO007682,2026-08-16 13:30:00,Zwartboek,Drama,Paul Verhoeven,2006,145,16,8.50
PRO007683,2026-08-16 17:00:00,Roman Holiday,Comedy,William Wyler,1953,118,12,6.50
PRO007684,2026-08-16 20:00:00,The Game,Action,David Fincher,1997,129,12,9.00
PRO007685,2026-08-17 10:00:00,The World's Fastest Indian,Biography,Roger Donaldson,2005,127,0,8.00
PRO007686,2026-08-17 13:00:00,The Circus,Comedy,Charles Chaplin,1928,72,12,8.00
PRO007687,2026-08-17 15:00:00,Sleuth,Mystery,Joseph L. Mankiewicz,1972,138,6,6.50
PRO007688,2026-08-18 10:30:00,Sleuth,Mystery,Joseph L. Mankiewicz,1972,138,6,7.00
PRO007689,2026-08-18 13:30:00,The Game,Action,David Fincher,1997,129,12,6.50
PRO007690,2026-08-19 10:00:00,Harold and Maude,Comedy,Hal Ashby,1971,91,6,8.00
PRO007691,2026-08-19 12:30:00,Spoorloos,Mystery,George Sluizer,1988,107,12,7.00
PRO007692,2026-08-20 10:00:00,The Color Purple,Drama,Steven Spielberg,1985,154,0,7.50
PRO007693,2026-08-21 10:30:00,Judgment at Nuremberg,Drama,Stanley Kramer,1961,179,12,7.50
PRO007694,2026-08-21 14:30:00,Glengarry Glen Ross,Crime,James Foley,1992,100,16,7.00
PRO007695,2026-08-21 17:00:00,Stalag 17,Comedy,Billy Wilder,1953,120,12,7.00
PRO007696,2026-08-22 10:30:00,The Color Purple,Drama,Steven Spielberg,1985,154,0,8.50
PRO007697,2026-08-22 14:00:00,The Truman Show,Comedy,Peter Weir,1998,103,0,8.00
PRO007698,2026-08-22 16:30:00,On the Waterfront,Crime,Elia Kazan,1954,108,12,7.50
PRO007699,2026-08-22 19:00:00,Pride & Prejudice,Drama,Joe Wright,2005,129,6,9.00
PRO007700,2026-08-23 10:30:00,The General,Action,Clyde Bruckman,1926,67,12,8.00
PRO007701,2026-08-23 12:30:00,Central do Brasil,Drama,Walter Salles,1998,110,16,6.50
PRO007702,2026-08-23 15:00:00,The Station Agent,Comedy,Tom McCarthy,2003,89,16,6.50
PRO007703,2026-08-23 17:30:00,La Grande Illusion,Drama,Jean Renoir,1937,113,12,7.00
PRO007704,2026-08-24 10:00:00,Rope,Crime,Alfred Hitchcock,1948,80,12,8.50
PRO007705,2026-08-25 10:30:00,Zelig,Comedy,Woody Allen,1983,79,6,8.50
PRO007706,2026-08-25 12:30:00,Stalag 17,Comedy,Billy Wilder,1953,120,12,7.00
PRO007707,2026-08-25 15:30:00,Rope,Crime,Alfred Hitchcock,1948,80,12,7.00
PRO007708,2026-08-26 10:30:00,The Notebook,Drama,Nick Cassavetes,2004,123,12,6.50
PRO007709,2026-08-27 10:30:00,Lat sau san taam,Action,John Woo,1992,128,16,8.00
PRO007710,2026-08-27 13:30:00,The General,Action,Clyde Bruckman,1926,67,12,6.50
PRO007711,2026-08-27 15:30:00,Blood Diamond,Adventure,Edward Zwick,2006,143,12,6.50
PRO007712,2026-08-28 10:30:00,The Color Purple,Drama,Steven Spielberg,1985,154,0,8.50
PRO007713,2026-08-29 10:00:00,The Right Stuff,Adventure,Philip Kaufman,1983,193,6,7.00
PRO007714,2026-08-29 14:00:00,The Bourne Identity,Action,Doug Liman,2002,119,12,7.50
PRO007715,2026-08-29 17:00:00,Kumonosu-jô,Drama,Akira Kurosawa,1957,110,12,8.00
PRO007716,2026-08-30 10:00:00,Funny Games,Crime,Michael Haneke,1997,108,12,6.50
PRO007717,2026-08-30 12:30:00,The Truman Show,Comedy,Peter Weir,1998,103,0,7.50
PRO007718,2026-08-30 15:00:00,V for Vendetta,Action,James McTeigue,2005,132,12,8.00
PRO007719,2026-08-31 10:00:00,The Circus,Comedy,Charles Chaplin,1928,72,12,7.50
PRO007720,2026-08-31 12:00:00,Stalker,Drama,Andrei Tarkovsky,1979,162,0,7.50
PRO007721,2026-09-01 10:00:00,"Paris, Texas",Drama,Wim Wenders,1984,145,0,8.50
PRO007722,2026-09-02 10:00:00,Once Were Warriors,Crime,Lee Tamahori,1994,102,12,6.50
PRO007723,2026-09-03 10:30:00,What Ever Happened to Baby Jane?,Drama,Robert Aldrich,1962,134,12,8.00
PRO007724,2026-09-04 10:00:00,Once Were Warriors,Crime,Lee Tamahori,1994,102,12,8.50
PRO007725,2026-09-04 12:30:00,Efter brylluppet,Drama,Susanne Bier,2006,120,16,8.00
PRO007726,2026-09-05 10:00:00,Once Upon a Time in the West,Western,Sergio Leone,1968,165,0,7.50
PRO007727,2026-09-05 13:30:00,Once Upon a Time in the West,Western,Sergio Leone,1968,165,0,7.00
PRO007728,2026-09-05 17:00:00,La Grande Illusion,Drama,Jean Renoir,1937,113,12,8.50
PRO007729,2026-09-06 10:00:00,Rope,Crime,Alfred Hitchcock,1948,80,12,8.00
PRO007730,2026-09-06 12:30:00,The Night of the Hunter,Crime,Charles Laughton,1955,92,12,6.50
PRO007731,2026-09-06 15:00:00,Guess Who's Coming to Dinner,Comedy,Stanley Kramer,1967,108,12,7.00
PRO007732,2026-09-07 10:00:00,Once Upon a Time in the West,Western,Sergio Leone,1968,165,0,8.50
PRO007733,2026-09-07 13:30:00,Funny Games,Crime,Michael Haneke,1997,108,12,6.50
PRO007734,2026-09-08 10:30:00,Guess Who's Coming to Dinner,Comedy,Stanley Kramer,1967,108,12,6.50
PRO007735,2026-09-08 13:00:00,Yeopgijeogin geunyeo,Comedy,Jae-young Kwak,2001,137,12,6.50
PRO007736,2026-09-08 16:30:00,Stalag 17,Comedy,Billy Wilder,1953,120,12,8.50
PRO007737,2026-09-09 10:00:00,Lat sau san taam,Action,John Woo,1992,128,16,7.50
PRO007738,2026-09-09 13:00:00,"O Brother, Where Art Thou?",Adventure,Joel Coen,2000,107,0,7.00
PRO007739,2026-09-10 10:00:00,Once Upon a Time in the West,Western,Sergio Leone,1968,165,0,8.50
PRO007740,2026-09-11 10:30:00,Star Trek II: The Wrath of Khan,Action,Nicholas Meyer,1982,113,0,8.50
PRO007741,2026-09-11 13:30:00,"O Brother, Where Art Thou?",Adventure,Joel Coen,2000,107,0,7.00
PRO007742,2026-09-11 16:00:00,The Exorcist,Horror,William Friedkin,1973,122,12,7.50
PRO007743,2026-09-12 10:30:00,Funny Games,Crime,Michael Haneke,1997,108,12,7.00
PRO007744,2026-09-12 13:00:00,The Station Agent,Comedy,Tom McCarthy,2003,89,16,8.50
PRO007745,2026-09-12 15:30:00,Sleuth,Mystery,Joseph L. Mankiewicz,1972,138,6,8.50
PRO007746,2026-09-13 10:00:00,Blood Diamond,Adventure,Edward Zwick,2006,143,12,7.00
PRO007747,2026-09-13 13:30:00,Blood Diamond,Adventure,Edward Zwick,2006,143,12,7.50
PRO007748,2026-09-13 16:30:00,Once Upon a Time in the West,Western,Sergio Leone,1968,165,0,8.00
PRO007749,2026-09-13 20:00:00,Star Trek II: The Wrath of Khan,Action,Nicholas Meyer,1982,113,0,9.00
PRO007750,2026-09-14 10:30:00,Efter brylluppet,Drama,Susanne Bier,2006,120,16,7.00
PRO007751,2026-09-14 13:30:00,Roman Holiday,Comedy,William Wyler,1953,118,12,7.00
PRO007752,2026-09-14 16:00:00,Star Wars,Action,George Lucas,1977,121,12,7.50
PRO007753,2026-09-15 10:30:00,Witness for the Prosecution,Crime,Billy Wilder,1957,116,0,8.50
PRO007754,2026-09-15 13:30:00,Kumonosu-jô,Drama,Akira Kurosawa,1957,110,12,8.00
PRO007755,2026-09-15 16:30:00,Yeopgijeogin geunyeo,Comedy,Jae-young Kwak,2001,137,12,7.50
PRO007756,2026-09-16 10:00:00,Mad Max 2,Action,George Miller,1981,96,12,7.50
PRO007757,2026-09-16 12:30:00,Once Upon a Time in the West,Western,Sergio Leone,1968,165,0,7.50
PRO007758,2026-09-16 16:00:00,Ed Wood,Biography,Tim Burton,1994,127,0,8.00
PRO007759,2026-09-17 10:30:00,No Man's Land,Comedy,Danis Tanovic,2001,98,16,6.50
PRO007760,2026-09-17 13:00:00,Mad Max 2,Action,George Miller,1981,96,12,7.00
PRO007761,2026-09-18 10:00:00,A Christmas Story,Comedy,Bob Clark,1983,93,0,6.50
PRO007762,2026-09-19 10:30:00,Stalker,Drama,Andrei Tarkovsky,1979,162,0,6.50
PRO007763,2026-09-19 14:00:00,Wo hu cang long,Action,Ang Lee,2000,120,12,7.00
PRO007764,2026-09-19 17:00:00,Anand,Drama,Hrishikesh Mukherjee,1971,122,0,7.50
PRO007765,2026-09-19 20:00:00,Ed Wood,Biography,Tim Burton,1994,127,0,8.50
PRO007766,2026-09-20 10:30:00,Efter brylluppet,Drama,Susanne Bier,2006,120,16,7.00
PRO007767,2026-09-20 13:30:00,"Paris, Texas",Drama,Wim Wenders,1984,145,0,8.50
PRO007768,2026-09-20 17:00:00,The Night of the Hunter,Crime,Charles Laughton,1955,92,12,8.50
PRO007769,2026-09-20 19:30:00,Funny Games,Crime,Michael Haneke,1997,108,12,10.00
PRO007770,2026-09-21 10:00:00,A Christmas Story,Comedy,Bob Clark,1983,93,0,7.50
PRO007771,2026-09-21 12:30:00,Wo hu cang long,Action,Ang Lee,2000,120,12,7.00
PRO007772,2026-09-22 10:30:00,Sholay,Action,Ramesh Sippy,1975,204,0,8.50
PRO007773,2026-09-23 10:00:00,V for Vendetta,Action,James McTeigue,2005,132,12,6.50
PRO007774,2026-09-23 13:00:00,Laura,Drama,Otto Preminger,1944,88,12,6.50
PRO007775,2026-09-24 10:30:00,Strangers on a Train,Crime,Alfred Hitchcock,1951,101,12,8.50
PRO007776,2026-09-24 13:00:00,Star Trek II: The Wrath of Khan,Action,Nicholas Meyer,1982,113,0,8.00
PRO007777,2026-09-25 10:30:00,Donnie Darko,Drama,Richard Kelly,2001,113,16,7.50
PRO007778,2026-09-25 13:00:00,Brief Encounter,Drama,David Lean,1945,86,0,7.00
PRO007779,2026-09-25 15:30:00,Central do Brasil,Drama,Walter Salles,1998,110,16,8.00
PRO007780,2026-09-26 10:00:00,The Night of the Hunter,Crime,Charles Laughton,1955,92,12,7.00
PRO007781,2026-09-26 12:30:00,To Be or Not to Be,Comedy,Ernst Lubitsch,1942,99,12,7.00
PRO007782,2026-09-26 15:00:00,Witness for the Prosecution,Crime,Billy Wilder,1957,116,0,7.00
PRO007783,2026-09-26 18:00:00,Dead Man,Adventure,Jim Jarmusch,1995,121,16,10.00
PRO007784,2026-09-27 10:00:00,Brief Encounter,Drama,David Lean,1945,86,0,8.00
PRO007785,2026-09-27 12:30:00,Lola rennt,Crime,Tom Tykwer,1998,81,12,8.00
PRO007786,2026-09-27 14:30:00,Laura,Drama,Otto Preminger,1944,88,12,7.00
PRO007787,2026-09-27 17:00:00,Once Were Warriors,Crime,Lee Tamahori,1994,102,12,8.00
PRO007788,2026-09-28 10:30:00,"O Brother, Where Art Thou?",Adventure,Joel Coen,2000,107,0,8.50
PRO007789,2026-09-28 13:00:00,"O Brother, Where Art Thou?",Adventure,Joel Coen,2000,107,0,6.50
PRO007790,2026-09-29 10:00:00,Guess Who's Coming to Dinner,Comedy,Stanley Kramer,1967,108,12,7.00
PRO007791,2026-09-29 13:00:00,"Aguirre, der Zorn Gottes",Action,Werner Herzog,1972,95,12,8.00
PRO007792,2026-09-29 15:30:00,Die Hard,Action,John McTiernan,1988,132,12,8.00
PRO007793,2026-09-30 10:00:00,Annie Hall,Comedy,Woody Allen,1977,93,12,6.50
PRO007794,2026-10-01 10:00:00,La leggenda del pianista sull'oceano,Drama,Giuseppe Tornatore,1998,169,0,8.00
PRO007795,2026-10-01 14:00:00,Die Hard: With a Vengeance,Action,John McTiernan,1995,128,12,7.50
PRO007796,2026-10-02 10:00:00,The Night of the Hunter,Crime,Charles Laughton,1955,92,12,8.50
PRO007797,2026-10-02 12:30:00,Brokeback Mountain,Drama,Ang Lee,2005,134,12,7.50
PRO007798,2026-10-03 10:00:00,Kung fu,Action,Stephen Chow,2004,99,12,7.00
PRO007799,2026-10-03 12:30:00,"O Brother, Where Art Thou?",Adventure,Joel Coen,2000,107,0,8.50
PRO007800,2026-10-03 15:00:00,Ed Wood,Biography,Tim Burton,1994,127,0,8.50
PRO007801,2026-10-03 18:00:00,The Sting,Comedy,George Roy Hill,1973,129,0,9.00
PRO007802,2026-10-04 10:30:00,To Be or Not to Be,Comedy,Ernst Lubitsch,1942,99,12,6.50
PRO007803,2026-10-04 13:00:00,Die Hard,Action,John McTiernan,1988,132,12,8.50
PRO007804,2026-10-04 16:00:00,Awakenings,Biography,Penny Marshall,1990,121,0,7.50
PRO007805,2026-10-05 10:30:00,Funny Games,Crime,Michael Haneke,1997,108,12,8.00
PRO007806,2026-10-06 10:00:00,Kung fu,Action,Stephen Chow,2004,99,12,7.50
PRO007807,2026-10-06 12:30:00,Lola rennt,Crime,Tom Tykwer,1998,81,12,7.00
PRO007808,2026-10-06 14:30:00,Efter brylluppet,Drama,Susanne Bier,2006,120,16,7.00
PRO007809,2026-10-07 10:00:00,Secrets & Lies,Comedy,Mike Leigh,1996,136,0,6.50
PRO007810,2026-10-07 13:00:00,"Aguirre, der Zorn Gottes",Action,Werner Herzog,1972,95,12,8.50
PRO007811,2026-10-07 15:30:00,Secrets & Lies,Comedy,Mike Leigh,1996,136,0,8.50
PRO007812,2026-10-08 10:00:00,"Aguirre, der Zorn Gottes",Action,Werner Herzog,1972,95,12,8.00
PRO007813,2026-10-08 12:30:00,The Sting,Comedy,George Roy Hill,1973,129,0,8.00
PRO007814,2026-10-09 10:00:00,Brokeback Mountain,Drama,Ang Lee,2005,134,12,7.50
PRO007815,2026-10-10 10:00:00,Annie Hall,Comedy,Woody Allen,1977,93,12,8.50
PRO007816,2026-10-10 12:30:00,Bacheha-Ye aseman,Drama,Majid Majidi,1997,89,6,6.50
PRO007817,2026-10-10 15:00:00,Goodfellas,Biography,Martin Scorsese,1990,146,12,8.00
PRO007818,2026-10-10 18:00:00,The Station Agent,Comedy,Tom McCarthy,2003,89,16,9.00
PRO007819,2026-10-11 10:00:00,Goodfellas,Biography,Martin Scorsese,1990,146,12,8.50
PRO007820,2026-10-11 13:30:00,To Be or Not to Be,Comedy,Ernst Lubitsch,1942,99,12,8.00
PRO007821,2026-10-11 16:00:00,The Shop Around the Corner,Comedy,Ernst Lubitsch,1940,99,12,8.00
PRO007822,2026-10-11 18:30:00,Efter brylluppet,Drama,Susanne Bier,2006,120,16,8.50
PRO007823,2026-10-12 10:30:00,"Aguirre, der Zorn Gottes",Action,Werner Herzog,1972,95,12,8.00
PRO007824,2026-10-12 13:00:00,Dancer in the Dark,Crime,Lars von Trier,2000,140,0,6.50
PRO007825,2026-10-12 16:00:00,What's Eating Gilbert Grape,Drama,Lasse Hallström,1993,118,0,7.50
PRO007826,2026-10-13 10:00:00,All About Eve,Drama,Joseph L. Mankiewicz,1950,138,12,7.50
PRO007827,2026-10-13 13:00:00,Before Sunrise,Drama,Richard Linklater,1995,101,16,7.00
PRO007828,2026-10-14 10:00:00,Efter brylluppet,Drama,Susanne Bier,2006,120,16,8.00
PRO007829,2026-10-14 13:00:00,Hana-bi,Crime,Takeshi Kitano,1997,103,12,7.00
PRO007830,2026-10-14 15:30:00,Secrets & Lies,Comedy,Mike Leigh,1996,136,0,7.50
PRO007831,2026-10-15 10:00:00,Bacheha-Ye aseman,Drama,Majid Majidi,1997,89,6,7.50
PRO007832,2026-10-16 10:00:00,Majo no takkyûbin,Animation,Hayao Miyazaki,1989,103,0,8.50
PRO007833,2026-10-16 12:30:00,Donnie Darko,Drama,Richard Kelly,2001,113,16,6.50
PRO007834,2026-10-17 10:00:00,The Sting,Comedy,George Roy Hill,1973,129,0,8.50
PRO007835,2026-10-17 13:00:00,8½,Drama,Federico Fellini,1963,138,12,7.50
PRO007836,2026-10-17 16:00:00,Dancer in the Dark,Crime,Lars von Trier,2000,140,0,7.50
PRO007837,2026-10-17 19:00:00,Brazil,Drama,Terry Gilliam,1985,132,0,8.50
PRO007838,2026-10-18 10:00:00,Lola rennt,Crime,Tom Tykwer,1998,81,12,7.50
PRO007839,2026-10-18 12:00:00,L.A. Confidential,Crime,Curtis Hanson,1997,138,12,8.00
PRO007840,2026-10-18 15:00:00,Bacheha-Ye aseman,Drama,Majid Majidi,1997,89,6,8.50
PRO007841,2026-10-19 10:00:00,8½,Drama,Federico Fellini,1963,138,12,8.00
PRO007842,2026-10-20 10:00:00,The Station Agent,Comedy,Tom McCarthy,2003,89,16,8.00
PRO007843,2026-10-21 10:00:00,The Day the Earth Stood Still,Drama,Robert Wise,1951,92,0,8.50
PRO007844,2026-10-22 10:30:00,To Be or Not to Be,Comedy,Ernst Lubitsch,1942,99,12,8.00
PRO007845,2026-10-22 13:00:00,The King of Comedy,Comedy,Martin Scorsese,1982,109,0,7.50
PRO007846,2026-10-23 10:00:00,La leggenda del pianista sull'oceano,Drama,Giuseppe Tornatore,1998,169,0,7.50
PRO007847,2026-10-24 10:00:00,Majo no takkyûbin,Animation,Hayao Miyazaki,1989,103,0,8.50
PRO007848,2026-10-24 12:30:00,Notorious,Drama,Alfred Hitchcock,1946,102,0,7.50
PRO007849,2026-10-24 15:00:00,Star Trek II: The Wrath of Khan,Action,Nicholas Meyer,1982,113,0,8.00
PRO007850,2026-10-24 18:00:00,Notorious,Drama,Alfred Hitchcock,1946,102,0,9.00
PRO007851,2026-10-25 10:00:00,Bacheha-Ye aseman,Drama,Majid Majidi,1997,89,6,8.00
PRO007852,2026-10-25 12:30:00,Per un pugno di dollari,Action,Sergio Leone,1964,99,12,6.50
PRO007853,2026-10-25 15:00:00,Dancer in the Dark,Crime,Lars von Trier,2000,140,0,7.50
PRO007854,2026-10-26 10:30:00,Brazil,Drama,Terry Gilliam,1985,132,0,8.50
PRO007855,2026-10-26 13:30:00,Blow,Biography,Ted Demme,2001,124,16,8.00
PRO007856,2026-10-26 16:30:00,Giù la testa,Drama,Sergio Leone,1971,157,6,8.00
PRO007857,2026-10-27 10:30:00,Dip huet seung hung,Action,John Woo,1989,111,16,8.50
PRO007858,2026-10-27 13:30:00,Toy Story 2,Animation,John Lasseter,1999,92,0,8.50
PRO007859,2026-10-27 16:00:00,Dancer in the Dark,Crime,Lars von Trier,2000,140,0,7.50
PRO007860,2026-10-28 10:30:00,Gilda,Drama,Charles Vidor,1946,110,12,8.50
PRO007861,2026-10-29 10:30:00,The Station Agent,Comedy,Tom McCarthy,2003,89,16,7.50
PRO007862,2026-10-30 10:30:00,V for Vendetta,Action,James McTeigue,2005,132,12,7.00
PRO007863,2026-10-31 10:30:00,The Day the Earth Stood Still,Drama,Robert Wise,1951,92,0,8.50
PRO007864,2026-10-31 13:00:00,Hana-bi,Crime,Takeshi Kitano,1997,103,12,6.50
PRO007865,2026-10-31 15:30:00,Toy Story 2,Animation,John Lasseter,1999,92,0,8.50
PRO007866,2026-10-31 18:00:00,All About Eve,Drama,Joseph L. Mankiewicz,1950,138,12,9.00
PRO007867,2026-11-01 10:30:00,Shrek,Animation,Andrew Adamson,2001,90,0,8.00
PRO007868,2026-11-01 13:00:00,Dead Man,Adventure,Jim Jarmusch,1995,121,16,8.50
PRO007869,2026-11-01 16:00:00,Majo no takkyûbin,Animation,Hayao Miyazaki,1989,103,0,8.00
PRO007870,2026-11-01 18:30:00,Brazil,Drama,Terry Gilliam,1985,132,0,9.00
PRO007871,2026-11-02 10:30:00,Shrek,Animation,Andrew Adamson,2001,90,0,8.50
PRO007872,2026-11-02 13:00:00,Notorious,Drama,Alfred Hitchcock,1946,102,0,6.50
PRO007873,2026-11-03 10:00:00,Laura,Drama,Otto Preminger,1944,88,12,7.00
PRO007874,2026-11-04 10:00:00,Dead Man,Adventure,Jim Jarmusch,1995,121,16,8.50
PRO007875,2026-11-05 10:00:00,Annie Hall,Comedy,Woody Allen,1977,93,12,8.50
PRO007876,2026-11-06 10:30:00,The Kid,Comedy,Charles Chaplin,1921,68,12,7.00
PRO007877,2026-11-06 12:30:00,The 39 Steps,Crime,Alfred Hitchcock,1935,86,12,8.00
PRO007878,2026-11-06 15:00:00,Dancer in the Dark,Crime,Lars von Trier,2000,140,0,8.00
PRO007879,2026-11-07 10:00:00,Dà hóng denglong gaogao guà,Drama,Yimou Zhang,1991,125,6,7.50
PRO007880,2026-11-07 13:00:00,Brazil,Drama,Terry Gilliam,1985,132,0,7.50
PRO007881,2026-11-07 16:00:00,V for Vendetta,Action,James McTeigue,2005,132,12,7.50
PRO007882,2026-11-07 19:00:00,The King of Comedy,Comedy,Martin Scorsese,1982,109,0,9.50
PRO007883,2026-11-08 10:00:00,The 39 Steps,Crime,Alfred Hitchcock,1935,86,12,8.00
PRO007884,2026-11-08 12:30:00,The 39 Steps,Crime,Alfred Hitchcock,1935,86,12,8.50
PRO007885,2026-11-08 14:30:00,Giù la testa,Drama,Sergio Leone,1971,157,6,6.50
PRO007886,2026-11-08 18:00:00,Per un pugno di dollari,Action,Sergio Leone,1964,99,12,9.50
PRO007887,2026-11-09 10:30:00,Gilda,Drama,Charles Vidor,1946,110,12,8.50
PRO007888,2026-11-10 10:00:00,The Station Agent,Comedy,Tom McCarthy,2003,89,16,6.50
PRO007889,2026-11-10 12:30:00,Dà hóng denglong gaogao guà,Drama,Yimou Zhang,1991,125,6,7.50
PRO007890,2026-11-11 10:30:00,Toy Story 2,Animation,John Lasseter,1999,92,0,7.00
PRO007891,2026-11-12 10:00:00,Dà hóng denglong gaogao guà,Drama,Yimou Zhang,1991,125,6,7.50
PRO007892,2026-11-13 10:00:00,Smultronstället,Drama,Ingmar Bergman,1957,91,0,6.50
PRO007893,2026-11-13 12:30:00,Majo no takkyûbin,Animation,Hayao Miyazaki,1989,103,0,7.00
PRO007894,2026-11-14 10:30:00,Majo no takkyûbin,Animation,Hayao Miyazaki,1989,103,0,6.50
PRO007895,2026-11-14 13:00:00,Dogville,Crime,Lars von Trier,2003,178,16,7.50
PRO007896,2026-11-14 17:00:00,Goodfellas,Biography,Martin Scorsese,1990,146,12,8.50
PRO007897,2026-11-15 10:00:00,Goodfellas,Biography,Martin Scorsese,1990,146,12,6.50
PRO007898,2026-11-15 13:00:00,Shrek,Animation,Andrew Adamson,2001,90,0,8.00
PRO007899,2026-11-15 15:30:00,Hana-bi,Crime,Takeshi Kitano,1997,103,12,7.00
PRO007900,2026-11-16 10:30:00,Stand by Me,Adventure,Rob Reiner,1986,89,0,7.50
PRO007901,2026-11-16 12:30:00,Giù la testa,Drama,Sergio Leone,1971,157,6,8.00
PRO007902,2026-11-16 16:00:00,Shrek,Animation,Andrew Adamson,2001,90,0,8.50
PRO007903,2026-11-17 10:30:00,Dancer in the Dark,Crime,Lars von Trier,2000,140,0,8.00
PRO007904,2026-11-17 13:30:00,Trois couleurs: Bleu,Drama,Krzysztof Kieslowski,1993,94,0,8.50
PRO007905,2026-11-17 16:00:00,L.A. Confidential,Crime,Curtis Hanson,1997,138,12,7.50
PRO007906,2026-11-18 10:00:00,Double Indemnity,Crime,Billy Wilder,1944,107,12,8.50
PRO007907,2026-11-18 12:30:00,The 39 Steps,Crime,Alfred Hitchcock,1935,86,12,7.50
PRO007908,2026-11-19 10:00:00,Gilda,Drama,Charles Vidor,1946,110,12,7.50
PRO007909,2026-11-20 10:30:00,Sanjuro,Action,Akira Kurosawa,1962,96,0,6.50
PRO007910,2026-11-20 13:00:00,Hana-bi,Crime,Takeshi Kitano,1997,103,12,7.00
PRO007911,2026-11-20 15:30:00,Once Upon a Time in America,Crime,Sergio Leone,1984,229,12,8.00
PRO007912,2026-11-21 10:30:00,Dead Man,Adventure,Jim Jarmusch,1995,121,16,7.00
PRO007913,2026-11-21 13:30:00,L.A. Confidential,Crime,Curtis Hanson,1997,138,12,8.00
PRO007914,2026-11-21 16:30:00,Rang De Basanti,Comedy,Rakeysh Omprakash Mehra,2006,167,12,7.00
PRO007915,2026-11-22 10:00:00,Harry Potter and the Sorcerer's Stone,Adventure,Chris Columbus,2001,152,0,8.50
PRO007916,2026-11-22 13:30:00,The Killing Fields,Biography,Roland Joffé,1984,141,12,8.00
PRO007917,2026-11-22 16:30:00,Salinui chueok,Crime,Bong Joon Ho,2003,131,12,8.50
PRO007918,2026-11-23 10:30:00,The Kid,Comedy,Charles Chaplin,1921,68,12,7.00
PRO007919,2026-11-24 10:00:00,The Day of the Jackal,Crime,Fred Zinnemann,1973,143,12,6.50
PRO007920,2026-11-25 10:00:00,Sanjuro,Action,Akira Kurosawa,1962,96,0,7.00
PRO007921,2026-11-25 12:30:00,The Little Mermaid,Animation,Ron Clements,1989,83,0,8.50
PRO007922,2026-11-26 10:30:00,Dogville,Crime,Lars von Trier,2003,178,16,7.50
PRO007923,2026-11-27 10:00:00,Le charme discret de la bourgeoisie,Comedy,Luis Buñuel,1972,102,6,7.00
PRO007924,2026-11-28 10:30:00,Breaking the Waves,Drama,Lars von Trier,1996,159,16,8.50
PRO007925,2026-11-28 14:00:00,Shrek,Animation,Andrew Adamson,2001,90,0,8.50
PRO007926,2026-11-28 16:30:00,Shrek,Animation,Andrew Adamson,2001,90,0,7.00
PRO007927,2026-11-28 19:00:00,The Exorcist,Horror,William Friedkin,1973,122,12,8.50
PRO007928,2026-11-29 10:30:00,Office Space,Comedy,Mike Judge,1999,89,16,6.50
PRO007929,2026-11-29 13:00:00,Le charme discret de la bourgeoisie,Comedy,Luis Buñuel,1972,102,6,7.50
PRO007930,2026-11-29 15:30:00,The Lost Weekend,Drama,Billy Wilder,1945,101,12,6.50
PRO007931,2026-11-30 10:00:00,"Planes, Trains & Automobiles",Comedy,John Hughes,1987,93,0,7.00
PRO007932,2026-11-30 12:30:00,Dawn of the Dead,Action,George A. Romero,1978,127,12,8.00
PRO007933,2026-12-01 10:00:00,Psycho,Horror,Alfred Hitchcock,1960,109,12,6.50
PRO007934,2026-12-01 12:30:00,Stand by Me,Adventure,Rob Reiner,1986,89,0,6.50
PRO007935,2026-12-02 10:00:00,"Aguirre, der Zorn Gottes",Action,Werner Herzog,1972,95,12,7.50
PRO007936,2026-12-02 12:30:00,The Exorcist,Horror,William Friedkin,1973,122,12,6.50
PRO007937,2026-12-02 15:30:00,Notorious,Drama,Alfred Hitchcock,1946,102,0,8.00
PRO007938,2026-12-03 10:00:00,Smultronstället,Drama,Ingmar Bergman,1957,91,0,7.00
PRO007939,2026-12-04 10:00:00,Breaking the Waves,Drama,Lars von Trier,1996,159,16,8.00
PRO007940,2026-12-05 10:00:00,Once Upon a Time in America,Crime,Sergio Leone,1984,229,12,6.50
PRO007941,2026-12-05 14:30:00,Le charme discret de la bourgeoisie,Comedy,Luis Buñuel,1972,102,6,7.00
PRO007942,2026-12-05 17:00:00,Donnie Darko,Drama,Richard Kelly,2001,113,16,6.50
PRO007943,2026-12-06 10:00:00,Salinui chueok,Crime,Bong Joon Ho,2003,131,12,8.00
PRO007944,2026-12-06 13:00:00,The Day of the Jackal,Crime,Fred Zinnemann,1973,143,12,6.50
PRO007945,2026-12-06 16:30:00,Once Upon a Time in America,Crime,Sergio Leone,1984,229,12,7.00
PRO007946,2026-12-07 10:00:00,Stand by Me,Adventure,Rob Reiner,1986,89,0,8.50
PRO007947,2026-12-07 12:30:00,Bringing Up Baby,Comedy,Howard Hawks,1938,102,12,8.00
PRO007948,2026-12-08 10:00:00,Psycho,Horror,Alfred Hitchcock,1960,109,12,7.50
PRO007949,2026-12-08 13:00:00,Das Experiment,Drama,Oliver Hirschbiegel,2001,120,16,7.50
PRO007950,2026-12-08 15:30:00,Stalker,Drama,Andrei Tarkovsky,1979,162,0,8.00
PRO007951,2026-12-09 10:30:00,Hannah and Her Sisters,Comedy,Woody Allen,1986,107,12,7.50
PRO007952,2026-12-09 13:00:00,The Lost Weekend,Drama,Billy Wilder,1945,101,12,7.00
PRO007953,2026-12-09 15:30:00,Harry Potter and the Sorcerer's Stone,Adventure,Chris Columbus,2001,152,0,7.00
PRO007954,2026-12-10 10:00:00,Stalker,Drama,Andrei Tarkovsky,1979,162,0,7.00
PRO007955,2026-12-10 13:30:00,Das Experiment,Drama,Oliver Hirschbiegel,2001,120,16,8.50
PRO007956,2026-12-10 16:30:00,Blow,Biography,Ted Demme,2001,124,16,8.50
PRO007957,2026-12-11 10:00:00,The Little Mermaid,Animation,Ron Clements,1989,83,0,7.00
PRO007958,2026-12-12 10:00:00,Psycho,Horror,Alfred Hitchcock,1960,109,12,8.00
PRO007959,2026-12-12 12:30:00,Donnie Darko,Drama,Richard Kelly,2001,113,16,6.50
PRO007960,2026-12-12 15:30:00,The Little Mermaid,Animation,Ron Clements,1989,83,0,6.50
PRO007961,2026-12-13 10:30:00,Once Upon a Time in America,Crime,Sergio Leone,1984,229,12,7.00
PRO007962,2026-12-13 15:00:00,The Killing Fields,Biography,Roland Joffé,1984,141,12,8.00
PRO007963,2026-12-13 18:00:00,Pulp Fiction,Crime,Quentin Tarantino,1994,154,12,10.00
PRO007964,2026-12-13 21:30:00,This Is England,Crime,Shane Meadows,2006,101,12,9.00
PRO007965,2026-12-14 10:30:00,The Lives of Others,Drama,Florian Henckel von Donnersmarck,2006,137,12,6.50
PRO007966,2026-12-14 14:00:00,Sanjuro,Action,Akira Kurosawa,1962,96,0,8.00
PRO007967,2026-12-15 10:00:00,Toy Story,Animation,John Lasseter,1995,81,0,8.50
PRO007968,2026-12-16 10:00:00,Det sjunde inseglet,Drama,Ingmar Bergman,1957,96,12,8.00
PRO007969,2026-12-16 12:30:00,Stand by Me,Adventure,Rob Reiner,1986,89,0,7.50
PRO007970,2026-12-17 10:30:00,The Untouchables,Crime,Brian De Palma,1987,119,12,8.00
PRO007971,2026-12-17 13:30:00,Rear Window,Mystery,Alfred Hitchcock,1954,112,0,8.00
PRO007972,2026-12-17 16:30:00,This Is England,Crime,Shane Meadows,2006,101,12,6.50
PRO007973,2026-12-18 10:00:00,The Day of the Jackal,Crime,Fred Zinnemann,1973,143,12,8.50
PRO007974,2026-12-18 13:30:00,Tôkyô monogatari,Drama,Yasujirô Ozu,1953,136,0,7.00
PRO007975,2026-12-18 16:30:00,Toy Story,Animation,John Lasseter,1995,81,0,6.50
PRO007976,2026-12-19 10:30:00,Once Upon a Time in America,Crime,Sergio Leone,1984,229,12,7.00
PRO007977,2026-12-19 15:00:00,The Little Mermaid,Animation,Ron Clements,1989,83,0,7.00
PRO007978,2026-12-19 17:30:00,Giant,Drama,George Stevens,1956,201,0,6.50
PRO007979,2026-12-20 10:00:00,Giant,Drama,George Stevens,1956,201,0,6.50
PRO007980,2026-12-20 14:00:00,Le charme discret de la bourgeoisie,Comedy,Luis Buñuel,1972,102,6,8.50
PRO007981,2026-12-20 16:30:00,The Untouchables,Crime,Brian De Palma,1987,119,12,7.00
PRO007982,2026-12-21 10:00:00,The Untouchables,Crime,Brian De Palma,1987,119,12,8.50
PRO007983,2026-12-21 13:00:00,The Princess Bride,Adventure,Rob Reiner,1987,98,0,7.50
PRO007984,2026-12-21 15:30:00,Brazil,Drama,Terry Gilliam,1985,132,0,8.00
PRO007985,2026-12-22 10:30:00,The Princess Bride,Adventure,Rob Reiner,1987,98,0,6.50
PRO007986,2026-12-23 10:30:00,Toy Story,Animation,John Lasseter,1995,81,0,7.50
PRO007987,2026-12-24 10:00:00,The Little Mermaid,Animation,Ron Clements,1989,83,0,7.50
PRO007988,2026-12-25 10:00:00,"Planes, Trains & Automobiles",Comedy,John Hughes,1987,93,0,8.00
PRO007989,2026-12-25 12:30:00,The Fifth Element,Action,Luc Besson,1997,126,12,6.50
PRO007990,2026-12-25 15:30:00,"Aguirre, der Zorn Gottes",Action,Werner Herzog,1972,95,12,7.00
PRO007991,2026-12-26 10:30:00,Harold and Maude,Comedy,Hal Ashby,1971,91,6,7.00
PRO007992,2026-12-26 13:00:00,Rear Window,Mystery,Alfred Hitchcock,1954,112,0,8.50
PRO007993,2026-12-26 16:00:00,Bringing Up Baby,Comedy,Howard Hawks,1938,102,12,8.50
PRO007994,2026-12-27 10:30:00,His Girl Friday,Comedy,Howard Hawks,1940,92,12,7.00
PRO007995,2026-12-27 13:00:00,Pirates of the Caribbean: The Curse of the Black Pearl,Action,Gore Verbinski,2003,143,12,7.00
PRO007996,2026-12-27 16:00:00,Kung fu,Action,Stephen Chow,2004,99,12,8.00
PRO007997,2026-12-28 10:00:00,Sanjuro,Action,Akira Kurosawa,1962,96,0,6.50
PRO007998,2026-12-28 12:30:00,Pirates of the Caribbean: The Curse of the Black Pearl,Action,Gore Verbinski,2003,143,12,7.00
PRO007999,2026-12-28 15:30:00,The Day of the Jackal,Crime,Fred Zinnemann,1973,143,12,8.50
PRO008000,2026-12-29 10:30:00,Kung fu,Action,Stephen Chow,2004,99,12,6.50
PRO008001,2026-12-29 13:00:00,Stalker,Drama,Andrei Tarkovsky,1979,162,0,8.00
PRO008002,2026-12-30 10:30:00,Breaking the Waves,Drama,Lars von Trier,1996,159,16,8.50
PRO008003,2026-12-30 14:00:00,One Flew Over the Cuckoo's Nest,Drama,Milos Forman,1975,133,12,8.50
PRO008004,2026-12-30 17:00:00,Pulp Fiction,Crime,Quentin Tarantino,1994,154,12,7.50
PRO008005,2026-12-31 10:00:00,"Aguirre, der Zorn Gottes",Action,Werner Herzog,1972,95,12,7.00
PRO008006,2026-12-31 12:30:00,Pirates of the Caribbean: The Curse of the Black Pearl,Action,Gore Verbinski,2003,143,12,8.00
PRO008007,2026-12-31 15:30:00,The Killing Fields,Biography,Roland Joffé,1984,141,12,8.50
PRO008008,2027-01-01 10:30:00,Breaking the Waves,Drama,Lars von Trier,1996,159,16,7.00
PRO008009,2027-01-01 14:00:00,Nueve reinas,Crime,Fabián Bielinsky,2000,114,16,8.00
PRO008010,2027-01-01 16:30:00,Adams æbler,Comedy,Anders Thomas Jensen,2005,94,16,7.50
PRO008011,2027-01-02 10:30:00,Breaking the Waves,Drama,Lars von Trier,1996,159,16,8.00
PRO008012,2027-01-02 14:00:00,Ba wang bie ji,Drama,Kaige Chen,1993,171,16,7.00
PRO008013,2027-01-02 18:00:00,Eastern Promises,Action,David Cronenberg,2007,100,16,8.50
PRO008014,2027-01-02 20:30:00,Tôkyô monogatari,Drama,Yasujirô Ozu,1953,136,0,9.50
PRO008015,2027-01-03 10:00:00,Adams æbler,Comedy,Anders Thomas Jensen,2005,94,16,7.00
PRO008016,2027-01-03 12:30:00,High Noon,Drama,Fred Zinnemann,1952,85,6,8.00
PRO008017,2027-01-03 15:00:00,Nueve reinas,Crime,Fabián Bielinsky,2000,114,16,7.50
PRO008018,2027-01-03 18:00:00,Blow,Biography,Ted Demme,2001,124,16,9.50
PRO008019,2027-01-04 10:30:00,Pirates of the Caribbean: The Curse of the Black Pearl,Action,Gore Verbinski,2003,143,12,8.00
PRO008020,2027-01-05 10:30:00,Fantasia,Animation,James Algar,1940,125,0,6.50
PRO008021,2027-01-06 10:30:00,Det sjunde inseglet,Drama,Ingmar Bergman,1957,96,12,7.50
PRO008022,2027-01-07 10:30:00,"Aguirre, der Zorn Gottes",Action,Werner Herzog,1972,95,12,8.00
PRO008023,2027-01-07 13:00:00,Nueve reinas,Crime,Fabián Bielinsky,2000,114,16,8.50
PRO008024,2027-01-07 15:30:00,The 39 Steps,Crime,Alfred Hitchcock,1935,86,12,7.00
PRO008025,2027-01-08 10:00:00,Nueve reinas,Crime,Fabián Bielinsky,2000,114,16,7.00
PRO008026,2027-01-09 10:30:00,Dark City,Mystery,Alex Proyas,1998,100,12,8.00
PRO008027,2027-01-09 13:00:00,Fantasia,Animation,James Algar,1940,125,0,7.00
PRO008028,2027-01-09 16:00:00,Hamlet,Drama,Kenneth Branagh,1996,242,12,7.00
PRO008029,2027-01-10 10:30:00,Dark City,Mystery,Alex Proyas,1998,100,12,7.00
PRO008030,2027-01-10 13:00:00,Donnie Darko,Drama,Richard Kelly,2001,113,16,8.00
PRO008031,2027-01-10 15:30:00,Sunrise: A Song of Two Humans,Drama,F.W. Murnau,1927,94,12,8.00
PRO008032,2027-01-10 18:00:00,The Big Lebowski,Comedy,Joel Coen,1998,117,16,9.00
PRO008033,2027-01-11 10:00:00,Donnie Darko,Drama,Richard Kelly,2001,113,16,8.50
PRO008034,2027-01-11 12:30:00,The Fifth Element,Action,Luc Besson,1997,126,12,8.50
PRO008035,2027-01-11 15:30:00,Pirates of the Caribbean: The Curse of the Black Pearl,Action,Gore Verbinski,2003,143,12,8.00
PRO008036,2027-01-12 10:30:00,A Hard Day's Night,Comedy,Richard Lester,1964,87,0,8.50
PRO008037,2027-01-13 10:00:00,Pirates of the Caribbean: The Curse of the Black Pearl,Action,Gore Verbinski,2003,143,12,6.50
PRO008038,2027-01-13 13:00:00,His Girl Friday,Comedy,Howard Hawks,1940,92,12,7.50
PRO008039,2027-01-14 10:30:00,The Notebook,Drama,Nick Cassavetes,2004,123,12,6.50
PRO008040,2027-01-14 13:30:00,Hamlet,Drama,Kenneth Branagh,1996,242,12,8.50
PRO008041,2027-01-15 10:00:00,One Flew Over the Cuckoo's Nest,Drama,Milos Forman,1975,133,12,7.00
PRO008042,2027-01-16 10:00:00,After Hours,Comedy,Martin Scorsese,1985,97,12,7.00
PRO008043,2027-01-16 12:30:00,The Notebook,Drama,Nick Cassavetes,2004,123,12,8.50
PRO008044,2027-01-16 15:30:00,Dark City,Mystery,Alex Proyas,1998,100,12,7.50
PRO008045,2027-01-16 18:00:00,Night of the Living Dead,Horror,George A. Romero,1968,96,12,10.00
PRO008046,2027-01-17 10:00:00,Donnie Darko,Drama,Richard Kelly,2001,113,16,6.50
PRO008047,2027-01-17 12:30:00,Hera Pheri,Action,Priyadarshan,2000,156,0,8.50
PRO008048,2027-01-17 16:00:00,Kung fu,Action,Stephen Chow,2004,99,12,8.00
PRO008049,2027-01-18 10:30:00,The Fifth Element,Action,Luc Besson,1997,126,12,8.00
PRO008050,2027-01-18 13:30:00,The Notebook,Drama,Nick Cassavetes,2004,123,12,7.00
PRO008051,2027-01-18 16:30:00,The Gold Rush,Adventure,Charles Chaplin,1925,95,12,6.50
PRO008052,2027-01-19 10:00:00,The Notebook,Drama,Nick Cassavetes,2004,123,12,7.00
PRO008053,2027-01-19 13:00:00,Au revoir les enfants,Drama,Louis Malle,1987,104,0,7.50
PRO008054,2027-01-19 15:30:00,The Notebook,Drama,Nick Cassavetes,2004,123,12,7.50
PRO008055,2027-01-20 10:30:00,Sunrise: A Song of Two Humans,Drama,F.W. Murnau,1927,94,12,6.50
PRO008056,2027-01-20 13:00:00,Hamlet,Drama,Kenneth Branagh,1996,242,12,6.50
PRO008057,2027-01-21 10:00:00,Night of the Living Dead,Horror,George A. Romero,1968,96,12,6.50
PRO008058,2027-01-22 10:00:00,The Gold Rush,Adventure,Charles Chaplin,1925,95,12,6.50
PRO008059,2027-01-22 12:30:00,Kung fu,Action,Stephen Chow,2004,99,12,8.00
PRO008060,2027-01-23 10:30:00,The Jungle Book,Animation,Wolfgang Reitherman,1967,78,0,6.50
PRO008061,2027-01-23 12:30:00,The Right Stuff,Adventure,Philip Kaufman,1983,193,6,7.50
PRO008062,2027-01-23 16:30:00,Hera Pheri,Action,Priyadarshan,2000,156,0,8.50
PRO008063,2027-01-24 10:00:00,Toy Story,Animation,John Lasseter,1995,81,0,8.00
PRO008064,2027-01-24 12:30:00,Inside Man,Crime,Spike Lee,2006,129,16,6.50
PRO008065,2027-01-24 15:30:00,The Fifth Element,Action,Luc Besson,1997,126,12,6.50
PRO008066,2027-01-24 18:30:00,The Notebook,Drama,Nick Cassavetes,2004,123,12,10.00
PRO008067,2027-01-25 10:00:00,The Notebook,Drama,Nick Cassavetes,2004,123,12,6.50
PRO008068,2027-01-26 10:00:00,Toy Story,Animation,John Lasseter,1995,81,0,6.50
PRO008069,2027-01-26 12:00:00,Walk the Line,Biography,James Mangold,2005,136,12,8.00
PRO008070,2027-01-27 10:00:00,Stalker,Drama,Andrei Tarkovsky,1979,162,0,7.50
PRO008071,2027-01-28 10:00:00,Le dîner de cons,Comedy,Francis Veber,1998,80,12,8.00
PRO008072,2027-01-28 12:30:00,The Gold Rush,Adventure,Charles Chaplin,1925,95,12,6.50
PRO008073,2027-01-28 15:00:00,Dial M for Murder,Crime,Alfred Hitchcock,1954,105,12,7.50
PRO008074,2027-01-29 10:00:00,Dial M for Murder,Crime,Alfred Hitchcock,1954,105,12,8.50
PRO008075,2027-01-29 12:30:00,Persona,Drama,Ingmar Bergman,1966,85,12,7.00
PRO008076,2027-01-30 10:00:00,Gegen die Wand,Drama,Fatih Akin,2004,121,16,8.00
PRO008077,2027-01-30 13:00:00,Chinatown,Drama,Roman Polanski,1974,130,12,8.50
PRO008078,2027-01-30 16:00:00,Chinatown,Drama,Roman Polanski,1974,130,12,8.00
PRO008079,2027-01-31 10:00:00,Inside Man,Crime,Spike Lee,2006,129,16,8.00
PRO008080,2027-01-31 13:00:00,Lawrence of Arabia,Adventure,David Lean,1962,228,0,8.50
PRO008081,2027-01-31 17:30:00,Ba wang bie ji,Drama,Kaige Chen,1993,171,16,8.00
PRO008082,2027-01-31 21:00:00,The Jungle Book,Animation,Wolfgang Reitherman,1967,78,0,8.50
PRO008083,2027-02-01 10:00:00,Le dîner de cons,Comedy,Francis Veber,1998,80,12,8.00
PRO008084,2027-02-02 10:30:00,The Outlaw Josey Wales,Western,Clint Eastwood,1976,135,12,8.00
PRO008085,2027-02-02 13:30:00,Pirates of the Caribbean: The Curse of the Black Pearl,Action,Gore Verbinski,2003,143,12,7.00
PRO008086,2027-02-03 10:00:00,Lawrence of Arabia,Adventure,David Lean,1962,228,0,8.00
PRO008087,2027-02-03 14:30:00,Le dîner de cons,Comedy,Francis Veber,1998,80,12,8.00
PRO008088,2027-02-04 10:00:00,Au revoir les enfants,Drama,Louis Malle,1987,104,0,8.50
PRO008089,2027-02-04 12:30:00,Eastern Promises,Action,David Cronenberg,2007,100,16,7.50
PRO008090,2027-02-04 15:00:00,Lawrence of Arabia,Adventure,David Lean,1962,228,0,7.00
PRO008091,2027-02-05 10:30:00,The Gold Rush,Adventure,Charles Chaplin,1925,95,12,7.50
PRO008092,2027-02-06 10:30:00,Lawrence of Arabia,Adventure,David Lean,1962,228,0,7.00
PRO008093,2027-02-06 15:00:00,Gegen die Wand,Drama,Fatih Akin,2004,121,16,7.50
PRO008094,2027-02-06 18:00:00,Hedwig and the Angry Inch,Comedy,John Cameron Mitchell,2001,95,16,8.50
PRO008095,2027-02-07 10:30:00,A Hard Day's Night,Comedy,Richard Lester,1964,87,0,6.50
PRO008096,2027-02-07 12:30:00,The Lion King,Animation,Roger Allers,1994,88,0,8.50
PRO008097,2027-02-07 15:00:00,Taegukgi hwinalrimyeo,Action,Je-kyu Kang,2004,140,16,8.00
PRO008098,2027-02-08 10:00:00,The Right Stuff,Adventure,Philip Kaufman,1983,193,6,7.00
PRO008099,2027-02-08 14:00:00,In the Heat of the Night,Crime,Norman Jewison,1967,110,0,6.50
PRO008100,2027-02-09 10:00:00,One Flew Over the Cuckoo's Nest,Drama,Milos Forman,1975,133,12,8.00
PRO008101,2027-02-09 13:00:00,Nueve reinas,Crime,Fabián Bielinsky,2000,114,16,7.00
PRO008102,2027-02-10 10:00:00,Hedwig and the Angry Inch,Comedy,John Cameron Mitchell,2001,95,16,8.50
PRO008103,2027-02-10 12:30:00,Lawrence of Arabia,Adventure,David Lean,1962,228,0,6.50
PRO008104,2027-02-11 10:30:00,The Odd Couple,Comedy,Gene Saks,1968,105,0,7.00
PRO008105,2027-02-11 13:00:00,Brazil,Drama,Terry Gilliam,1985,132,0,8.00
PRO008106,2027-02-12 10:00:00,The Right Stuff,Adventure,Philip Kaufman,1983,193,6,7.50
PRO008107,2027-02-12 14:00:00,The Fifth Element,Action,Luc Besson,1997,126,12,8.50
PRO008108,2027-02-12 17:00:00,The Notebook,Drama,Nick Cassavetes,2004,123,12,7.00
PRO008109,2027-02-13 10:00:00,Le dîner de cons,Comedy,Francis Veber,1998,80,12,6.50
PRO008110,2027-02-13 12:00:00,My Cousin Vinny,Comedy,Jonathan Lynn,1992,120,12,6.50
PRO008111,2027-02-13 14:30:00,Taegukgi hwinalrimyeo,Action,Je-kyu Kang,2004,140,16,8.50
PRO008112,2027-02-13 17:30:00,The Lion King,Animation,Roger Allers,1994,88,0,8.00
PRO008113,2027-02-14 10:00:00,The Gold Rush,Adventure,Charles Chaplin,1925,95,12,8.00
PRO008114,2027-02-14 12:30:00,The Muppet Christmas Carol,Comedy,Brian Henson,1992,85,0,7.00
PRO008115,2027-02-14 15:00:00,My Cousin Vinny,Comedy,Jonathan Lynn,1992,120,12,8.00
PRO008116,2027-02-14 18:00:00,The Lion King,Animation,Roger Allers,1994,88,0,10.00
PRO008117,2027-02-15 10:00:00,Le dîner de cons,Comedy,Francis Veber,1998,80,12,8.00
PRO008118,2027-02-15 12:30:00,The Outlaw Josey Wales,Western,Clint Eastwood,1976,135,12,7.00
PRO008119,2027-02-15 15:30:00,Taegukgi hwinalrimyeo,Action,Je-kyu Kang,2004,140,16,7.00
PRO008120,2027-02-16 10:00:00,Brazil,Drama,Terry Gilliam,1985,132,0,7.00
PRO008121,2027-02-16 13:00:00,The Lion King,Animation,Roger Allers,1994,88,0,7.00
PRO008122,2027-02-16 15:30:00,The Notebook,Drama,Nick Cassavetes,2004,123,12,6.50
PRO008123,2027-02-17 10:00:00,Stardust,Adventure,Matthew Vaughn,2007,127,0,6.50
PRO008124,2027-02-17 13:00:00,In the Heat of the Night,Crime,Norman Jewison,1967,110,0,8.00
PRO008125,2027-02-17 15:30:00,Glory,Biography,Edward Zwick,1989,122,16,6.50
PRO008126,2027-02-18 10:00:00,Le dîner de cons,Comedy,Francis Veber,1998,80,12,8.50
PRO008127,2027-02-18 12:00:00,The Terminator,Action,James Cameron,1984,107,12,6.50
PRO008128,2027-02-19 10:00:00,The Terminator,Action,James Cameron,1984,107,12,8.00
PRO008129,2027-02-19 12:30:00,The Right Stuff,Adventure,Philip Kaufman,1983,193,6,7.50
PRO008130,2027-02-20 10:30:00,The Terminator,Action,James Cameron,1984,107,12,8.00
PRO008131,2027-02-20 13:00:00,The Right Stuff,Adventure,Philip Kaufman,1983,193,6,6.50
PRO008132,2027-02-20 17:00:00,Au revoir les enfants,Drama,Louis Malle,1987,104,0,8.00
PRO008133,2027-02-20 19:30:00,La planète sauvage,Animation,René Laloux,1973,72,0,9.00
PRO008134,2027-02-21 10:30:00,Gegen die Wand,Drama,Fatih Akin,2004,121,16,8.00
PRO008135,2027-02-21 13:30:00,Inside Man,Crime,Spike Lee,2006,129,16,7.50
PRO008136,2027-02-21 16:30:00,Le dîner de cons,Comedy,Francis Veber,1998,80,12,8.00
PRO008137,2027-02-21 18:30:00,Le dîner de cons,Comedy,Francis Veber,1998,80,12,10.00
PRO008138,2027-02-22 10:00:00,The Terminator,Action,James Cameron,1984,107,12,7.00
PRO008139,2027-02-23 10:00:00,Glory,Biography,Edward Zwick,1989,122,16,7.00
PRO008140,2027-02-23 13:00:00,The Notebook,Drama,Nick Cassavetes,2004,123,12,6.50
PRO008141,2027-02-23 16:00:00,The Outlaw Josey Wales,Western,Clint Eastwood,1976,135,12,8.00
PRO008142,2027-02-24 10:00:00,The Jungle Book,Animation,Wolfgang Reitherman,1967,78,0,7.00
PRO008143,2027-02-25 10:00:00,Stardust,Adventure,Matthew Vaughn,2007,127,0,7.50
PRO008144,2027-02-26 10:00:00,The Gold Rush,Adventure,Charles Chaplin,1925,95,12,7.50
PRO008145,2027-02-26 12:30:00,In the Heat of the Night,Crime,Norman Jewison,1967,110,0,7.00
PRO008146,2027-02-27 10:30:00,Le dîner de cons,Comedy,Francis Veber,1998,80,12,7.50
PRO008147,2027-02-27 12:30:00,Brazil,Drama,Terry Gilliam,1985,132,0,8.00
PRO008148,2027-02-27 15:30:00,The Right Stuff,Adventure,Philip Kaufman,1983,193,6,7.00
PRO008149,2027-02-28 10:00:00,The Notebook,Drama,Nick Cassavetes,2004,123,12,8.00
PRO008150,2027-02-28 13:00:00,Gegen die Wand,Drama,Fatih Akin,2004,121,16,7.50
PRO008151,2027-02-28 16:00:00,Inside Man,Crime,Spike Lee,2006,129,16,6.50
PRO008152,2027-02-28 19:00:00,The Lion King,Animation,Roger Allers,1994,88,0,10.00
PRO008153,2027-03-01 10:00:00,Willy Wonka & the Chocolate Factory,Family,Mel Stuart,1971,100,0,6.50
PRO008154,2027-03-02 10:00:00,Hedwig and the Angry Inch,Comedy,John Cameron Mitchell,2001,95,16,6.50
PRO008155,2027-03-02 12:30:00,The Goonies,Adventure,Richard Donner,1985,114,0,7.00
PRO008156,2027-03-02 15:00:00,Glory,Biography,Edward Zwick,1989,122,16,7.50
PRO008157,2027-03-03 10:00:00,The Terminator,Action,James Cameron,1984,107,12,7.50
PRO008158,2027-03-03 13:00:00,The Muppet Christmas Carol,Comedy,Brian Henson,1992,85,0,8.50
PRO008159,2027-03-03 15:00:00,Kill Bill: Vol. 2,Action,Quentin Tarantino,2004,137,12,8.00
PRO008160,2027-03-04 10:00:00,After Hours,Comedy,Martin Scorsese,1985,97,12,8.50
PRO008161,2027-03-05 10:00:00,Misery,Drama,Rob Reiner,1990,107,16,8.50
PRO008162,2027-03-06 10:30:00,Stalag 17,Comedy,Billy Wilder,1953,120,12,8.50
PRO008163,2027-03-06 13:30:00,La planète sauvage,Animation,René Laloux,1973,72,0,7.50
PRO008164,2027-03-06 15:30:00,Hedwig and the Angry Inch,Comedy,John Cameron Mitchell,2001,95,16,7.50
PRO008165,2027-03-07 10:30:00,La battaglia di Algeri,Drama,Gillo Pontecorvo,1966,121,12,7.00
PRO008166,2027-03-07 13:30:00,The Goonies,Adventure,Richard Donner,1985,114,0,6.50
PRO008167,2027-03-07 16:30:00,Life of Brian,Comedy,Terry Jones,1979,94,16,7.00
PRO008168,2027-03-07 19:00:00,Dial M for Murder,Crime,Alfred Hitchcock,1954,105,12,8.50
PRO008169,2027-03-08 10:30:00,Willy Wonka & the Chocolate Factory,Family,Mel Stuart,1971,100,0,8.50
PRO008170,2027-03-08 13:00:00,La planète sauvage,Animation,René Laloux,1973,72,0,7.00
PRO008171,2027-03-08 15:00:00,Kaze no tani no Naushika,Animation,Hayao Miyazaki,1984,117,0,7.00
PRO008172,2027-03-09 10:30:00,Escape from Alcatraz,Action,Don Siegel,1979,112,12,7.00
PRO008173,2027-03-10 10:30:00,Willy Wonka & the Chocolate Factory,Family,Mel Stuart,1971,100,0,7.00
PRO008174,2027-03-10 13:00:00,Dial M for Murder,Crime,Alfred Hitchcock,1954,105,12,6.50
PRO008175,2027-03-10 15:30:00,The Muppet Christmas Carol,Comedy,Brian Henson,1992,85,0,8.50
PRO008176,2027-03-11 10:00:00,Taegukgi hwinalrimyeo,Action,Je-kyu Kang,2004,140,16,6.50
PRO008177,2027-03-11 13:30:00,Toki o kakeru shôjo,Animation,Mamoru Hosoda,2006,98,0,7.00
PRO008178,2027-03-11 16:00:00,Taegukgi hwinalrimyeo,Action,Je-kyu Kang,2004,140,16,8.00
PRO008179,2027-03-12 10:30:00,Toki o kakeru shôjo,Animation,Mamoru Hosoda,2006,98,0,8.50
PRO008180,2027-03-13 10:30:00,Le dîner de cons,Comedy,Francis Veber,1998,80,12,8.00
PRO008181,2027-03-13 12:30:00,Stalag 17,Comedy,Billy Wilder,1953,120,12,6.50
PRO008182,2027-03-13 15:30:00,All the President's Men,Biography,Alan J. Pakula,1976,138,0,8.50
PRO008183,2027-03-14 10:00:00,Close Encounters of the Third Kind,Drama,Steven Spielberg,1977,138,0,8.00
PRO008184,2027-03-14 13:00:00,La dolce vita,Comedy,Federico Fellini,1960,174,12,6.50
PRO008185,2027-03-14 17:00:00,All the President's Men,Biography,Alan J. Pakula,1976,138,0,7.50
PRO008186,2027-03-15 10:30:00,The Lord of the Rings: The Fellowship of the Ring,Action,Peter Jackson,2001,178,0,8.50
PRO008187,2027-03-15 14:00:00,La planète sauvage,Animation,René Laloux,1973,72,0,8.50
PRO008188,2027-03-16 10:00:00,Persepolis,Animation,Vincent Paronnaud,2007,96,12,7.50
PRO008189,2027-03-16 12:30:00,All the President's Men,Biography,Alan J. Pakula,1976,138,0,8.00
PRO008190,2027-03-16 15:30:00,Duck Soup,Comedy,Leo McCarey,1933,69,12,7.50
PRO008191,2027-03-17 10:30:00,In the Heat of the Night,Crime,Norman Jewison,1967,110,0,8.50
PRO008192,2027-03-17 13:00:00,The Lord of the Rings: The Fellowship of the Ring,Action,Peter Jackson,2001,178,0,7.00
PRO008193,2027-03-18 10:30:00,Duck Soup,Comedy,Leo McCarey,1933,69,12,7.00
PRO008194,2027-03-18 12:30:00,Kill Bill: Vol. 2,Action,Quentin Tarantino,2004,137,12,7.00
PRO008195,2027-03-18 15:30:00,All the President's Men,Biography,Alan J. Pakula,1976,138,0,6.50
PRO008196,2027-03-19 10:30:00,Star Wars: Episode VI - Return of the Jedi,Action,Richard Marquand,1983,131,0,6.50
PRO008197,2027-03-19 13:30:00,Toki o kakeru shôjo,Animation,Mamoru Hosoda,2006,98,0,7.50
PRO008198,2027-03-19 16:00:00,The Lord of the Rings: The Fellowship of the Ring,Action,Peter Jackson,2001,178,0,8.00
PRO008199,2027-03-20 10:30:00,Stalag 17,Comedy,Billy Wilder,1953,120,12,8.50
PRO008200,2027-03-20 13:30:00,The Right Stuff,Adventure,Philip Kaufman,1983,193,6,7.00
PRO008201,2027-03-20 17:30:00,Raging Bull,Biography,Martin Scorsese,1980,129,12,7.50
PRO008202,2027-03-21 10:30:00,Gegen die Wand,Drama,Fatih Akin,2004,121,16,8.50
PRO008203,2027-03-21 13:30:00,Citizen Kane,Drama,Orson Welles,1941,119,12,6.50
PRO008204,2027-03-21 16:30:00,Kill Bill: Vol. 2,Action,Quentin Tarantino,2004,137,12,7.00
PRO008205,2027-03-22 10:30:00,The Silence of the Lambs,Crime,Jonathan Demme,1991,118,12,8.50
PRO008206,2027-03-22 13:30:00,Lagaan: Once Upon a Time in India,Adventure,Ashutosh Gowariker,2001,224,0,7.00
PRO008207,2027-03-22 18:00:00,The Red Shoes,Drama,Michael Powell,1948,135,12,9.00
PRO008208,2027-03-23 10:30:00,The Silence of the Lambs,Crime,Jonathan Demme,1991,118,12,8.50
PRO008209,2027-03-23 13:30:00,Duck Soup,Comedy,Leo McCarey,1933,69,12,8.50
PRO008210,2027-03-24 10:00:00,All the President's Men,Biography,Alan J. Pakula,1976,138,0,8.00
PRO008211,2027-03-25 10:00:00,The Goonies,Adventure,Richard Donner,1985,114,0,8.50
PRO008212,2027-03-25 12:30:00,Kaze no tani no Naushika,Animation,Hayao Miyazaki,1984,117,0,7.50
PRO008213,2027-03-26 10:00:00,The Great Dictator,Comedy,Charles Chaplin,1940,125,12,8.00
PRO008214,2027-03-26 13:00:00,La dolce vita,Comedy,Federico Fellini,1960,174,12,8.50
PRO008215,2027-03-27 10:30:00,Duck Soup,Comedy,Leo McCarey,1933,69,12,7.50
PRO008216,2027-03-27 12:30:00,Raging Bull,Biography,Martin Scorsese,1980,129,12,6.50
PRO008217,2027-03-27 15:30:00,The Red Shoes,Drama,Michael Powell,1948,135,12,6.50
PRO008218,2027-03-27 18:30:00,My Cousin Vinny,Comedy,Jonathan Lynn,1992,120,12,9.50
PRO008219,2027-03-28 10:00:00,Close Encounters of the Third Kind,Drama,Steven Spielberg,1977,138,0,8.50
PRO008220,2027-03-28 13:30:00,The Red Shoes,Drama,Michael Powell,1948,135,12,6.50
PRO008221,2027-03-28 16:30:00,Persepolis,Animation,Vincent Paronnaud,2007,96,12,7.50
PRO008222,2027-03-29 10:30:00,The Goonies,Adventure,Richard Donner,1985,114,0,7.00
PRO008223,2027-03-29 13:30:00,October Sky,Biography,Joe Johnston,1999,108,6,8.00
PRO008224,2027-03-29 16:30:00,Million Dollar Baby,Drama,Clint Eastwood,2004,132,12,6.50
PRO008225,2027-03-30 10:30:00,Willy Wonka & the Chocolate Factory,Family,Mel Stuart,1971,100,0,6.50
PRO008226,2027-03-31 10:00:00,Close Encounters of the Third Kind,Drama,Steven Spielberg,1977,138,0,6.50
PRO008227,2027-03-31 13:00:00,Kaze no tani no Naushika,Animation,Hayao Miyazaki,1984,117,0,7.00
PRO008228,2027-04-01 10:30:00,Star Wars,Action,George Lucas,1977,121,12,8.00
PRO008229,2027-04-02 10:30:00,Cowboy Bebop: Tengoku no tobira,Animation,Shin'ichirô Watanabe,2001,115,0,7.50
PRO008230,2027-04-02 13:00:00,Star Wars,Action,George Lucas,1977,121,12,7.50
PRO008231,2027-04-02 16:00:00,Lagaan: Once Upon a Time in India,Adventure,Ashutosh Gowariker,2001,224,0,7.00
PRO008232,2027-04-03 10:00:00,October Sky,Biography,Joe Johnston,1999,108,6,7.50
PRO008233,2027-04-03 12:30:00,Persepolis,Animation,Vincent Paronnaud,2007,96,12,8.00
PRO008234,2027-04-03 15:00:00,The Man Who Shot Liberty Valance,Drama,John Ford,1962,123,12,8.50
PRO008235,2027-04-04 10:00:00,Kill Bill: Vol. 2,Action,Quentin Tarantino,2004,137,12,7.50
PRO008236,2027-04-04 13:00:00,Star Wars,Action,George Lucas,1977,121,12,6.50
PRO008237,2027-04-04 16:00:00,The Great Dictator,Comedy,Charles Chaplin,1940,125,12,8.50
PRO008238,2027-04-04 19:00:00,Escape from Alcatraz,Action,Don Siegel,1979,112,12,10.00
PRO008239,2027-04-05 10:00:00,October Sky,Biography,Joe Johnston,1999,108,6,7.00
PRO008240,2027-04-06 10:00:00,October Sky,Biography,Joe Johnston,1999,108,6,6.50
PRO008241,2027-04-07 10:00:00,The Man Who Shot Liberty Valance,Drama,John Ford,1962,123,12,8.00
PRO008242,2027-04-07 13:00:00,Dark City,Mystery,Alex Proyas,1998,100,12,7.00
PRO008243,2027-04-08 10:00:00,The Lord of the Rings: The Fellowship of the Ring,Action,Peter Jackson,2001,178,0,8.50
PRO008244,2027-04-08 13:30:00,The Lord of the Rings: The Fellowship of the Ring,Action,Peter Jackson,2001,178,0,8.50
PRO008245,2027-04-09 10:30:00,Escape from Alcatraz,Action,Don Siegel,1979,112,12,8.50
PRO008246,2027-04-09 13:30:00,No Country for Old Men,Crime,Ethan Coen,2007,122,16,6.50
PRO008247,2027-04-10 10:00:00,Lagaan: Once Upon a Time in India,Adventure,Ashutosh Gowariker,2001,224,0,8.50
PRO008248,2027-04-10 14:30:00,Star Wars,Action,George Lucas,1977,121,12,8.00
PRO008249,2027-04-10 17:30:00,Persepolis,Animation,Vincent Paronnaud,2007,96,12,8.50
PRO008250,2027-04-11 10:00:00,La battaglia di Algeri,Drama,Gillo Pontecorvo,1966,121,12,8.50
PRO008251,2027-04-11 13:00:00,Seppuku,Action,Masaki Kobayashi,1962,133,12,7.50
PRO008252,2027-04-11 16:00:00,Kill Bill: Vol. 2,Action,Quentin Tarantino,2004,137,12,6.50
PRO008253,2027-04-11 19:30:00,The Night of the Hunter,Crime,Charles Laughton,1955,92,12,8.50
PRO008254,2027-04-12 10:30:00,The Last Samurai,Action,Edward Zwick,2003,154,12,6.50
PRO008255,2027-04-12 14:00:00,Willy Wonka & the Chocolate Factory,Family,Mel Stuart,1971,100,0,8.50
PRO008256,2027-04-13 10:30:00,The Night of the Hunter,Crime,Charles Laughton,1955,92,12,7.50
PRO008257,2027-04-13 13:00:00,Lagaan: Once Upon a Time in India,Adventure,Ashutosh Gowariker,2001,224,0,8.50
PRO008258,2027-04-14 10:00:00,Cabaret,Drama,Bob Fosse,1972,124,12,7.50
PRO008259,2027-04-14 13:00:00,October Sky,Biography,Joe Johnston,1999,108,6,6.50
PRO008260,2027-04-15 10:00:00,Mystic River,Crime,Clint Eastwood,2003,138,12,8.50
PRO008261,2027-04-15 13:00:00,The Night of the Hunter,Crime,Charles Laughton,1955,92,12,7.00
PRO008262,2027-04-15 15:30:00,The Last Samurai,Action,Edward Zwick,2003,154,12,8.50
PRO008263,2027-04-16 10:00:00,Seppuku,Action,Masaki Kobayashi,1962,133,12,6.50
PRO008264,2027-04-16 13:00:00,Brief Encounter,Drama,David Lean,1945,86,0,7.00
PRO008265,2027-04-16 15:00:00,The Lord of the Rings: The Two Towers,Action,Peter Jackson,2002,179,12,8.00
PRO008266,2027-04-17 10:30:00,Close Encounters of the Third Kind,Drama,Steven Spielberg,1977,138,0,8.50
PRO008267,2027-04-17 13:30:00,The Man Who Shot Liberty Valance,Drama,John Ford,1962,123,12,7.50
PRO008268,2027-04-17 16:30:00,La haine,Crime,Mathieu Kassovitz,1995,98,12,8.00
PRO008269,2027-04-17 19:00:00,The Night of the Hunter,Crime,Charles Laughton,1955,92,12,10.00
PRO008270,2027-04-18 10:30:00,Willy Wonka & the Chocolate Factory,Family,Mel Stuart,1971,100,0,8.50
PRO008271,2027-04-18 13:00:00,Fa yeung nin wah,Drama,Kar-Wai Wong,2000,98,0,8.50
PRO008272,2027-04-18 15:30:00,In a Lonely Place,Drama,Nicholas Ray,1950,94,12,8.00
PRO008273,2027-04-18 18:00:00,October Sky,Biography,Joe Johnston,1999,108,6,10.00
PRO008274,2027-04-19 10:30:00,The Color Purple,Drama,Steven Spielberg,1985,154,0,6.50
PRO008275,2027-04-20 10:00:00,The Great Dictator,Comedy,Charles Chaplin,1940,125,12,7.50
PRO008276,2027-04-21 10:30:00,Mystic River,Crime,Clint Eastwood,2003,138,12,8.00
PRO008277,2027-04-22 10:30:00,Fa yeung nin wah,Drama,Kar-Wai Wong,2000,98,0,6.50
PRO008278,2027-04-23 10:30:00,In a Lonely Place,Drama,Nicholas Ray,1950,94,12,8.00
PRO008279,2027-04-23 13:00:00,Jûbê ninpûchô,Animation,Yoshiaki Kawajiri,1993,94,12,8.50
PRO008280,2027-04-23 15:30:00,The Lord of the Rings: The Two Towers,Action,Peter Jackson,2002,179,12,7.00
PRO008281,2027-04-24 10:00:00,La dolce vita,Comedy,Federico Fellini,1960,174,12,8.00
PRO008282,2027-04-24 14:00:00,Cowboy Bebop: Tengoku no tobira,Animation,Shin'ichirô Watanabe,2001,115,0,8.50
PRO008283,2027-04-24 17:00:00,Million Dollar Baby,Drama,Clint Eastwood,2004,132,12,8.00
PRO008284,2027-04-25 10:00:00,Kakushi-toride no san-akunin,Adventure,Akira Kurosawa,1958,139,12,8.00
PRO008285,2027-04-25 13:00:00,The Right Stuff,Adventure,Philip Kaufman,1983,193,6,8.50
PRO008286,2027-04-25 17:00:00,In a Lonely Place,Drama,Nicholas Ray,1950,94,12,7.50
PRO008287,2027-04-26 10:00:00,Brief Encounter,Drama,David Lean,1945,86,0,7.50
PRO008288,2027-04-26 12:00:00,Escape from Alcatraz,Action,Don Siegel,1979,112,12,8.50
PRO008289,2027-04-26 15:00:00,Dà hóng denglong gaogao guà,Drama,Yimou Zhang,1991,125,6,8.00
PRO008290,2027-04-27 10:30:00,Cowboy Bebop: Tengoku no tobira,Animation,Shin'ichirô Watanabe,2001,115,0,6.50
PRO008291,2027-04-27 13:00:00,Jûbê ninpûchô,Animation,Yoshiaki Kawajiri,1993,94,12,7.50
PRO008292,2027-04-27 15:30:00,Dom za vesanje,Comedy,Emir Kusturica,1988,142,16,7.50
PRO008293,2027-04-28 10:00:00,The Night of the Hunter,Crime,Charles Laughton,1955,92,12,8.00
PRO008294,2027-04-28 12:30:00,Cabaret,Drama,Bob Fosse,1972,124,12,7.50
PRO008295,2027-04-28 15:30:00,Duck Soup,Comedy,Leo McCarey,1933,69,12,8.50
PRO008296,2027-04-29 10:30:00,The Lord of the Rings: The Two Towers,Action,Peter Jackson,2002,179,12,7.00
PRO008297,2027-04-29 14:30:00,Cast Away,Adventure,Robert Zemeckis,2000,143,12,8.00
PRO008298,2027-04-30 10:00:00,The Right Stuff,Adventure,Philip Kaufman,1983,193,6,7.50
PRO008299,2027-04-30 14:00:00,The Red Shoes,Drama,Michael Powell,1948,135,12,8.50
PRO008300,2027-05-01 10:00:00,Heat,Crime,Michael Mann,1995,170,12,7.00
PRO008301,2027-05-01 13:30:00,La haine,Crime,Mathieu Kassovitz,1995,98,12,6.50
PRO008302,2027-05-01 16:00:00,Snatch,Comedy,Guy Ritchie,2000,104,12,7.50
PRO008303,2027-05-02 10:00:00,Seppuku,Action,Masaki Kobayashi,1962,133,12,7.50
PRO008304,2027-05-02 13:00:00,Heat,Crime,Michael Mann,1995,170,12,7.00
PRO008305,2027-05-02 17:00:00,Gandhi,Biography,Richard Attenborough,1982,191,0,6.50
PRO008306,2027-05-02 21:00:00,Badlands,Action,Terrence Malick,1973,94,6,8.50
PRO008307,2027-05-03 10:00:00,Jûbê ninpûchô,Animation,Yoshiaki Kawajiri,1993,94,12,6.50
PRO008308,2027-05-04 10:30:00,Gandhi,Biography,Richard Attenborough,1982,191,0,6.50
PRO008309,2027-05-05 10:00:00,Kakushi-toride no san-akunin,Adventure,Akira Kurosawa,1958,139,12,8.50
PRO008310,2027-05-06 10:00:00,The Great Dictator,Comedy,Charles Chaplin,1940,125,12,8.50
PRO008311,2027-05-06 13:00:00,Cabaret,Drama,Bob Fosse,1972,124,12,8.00
PRO008312,2027-05-06 16:00:00,Kakushi-toride no san-akunin,Adventure,Akira Kurosawa,1958,139,12,8.50
PRO008313,2027-05-07 10:00:00,Escape from Alcatraz,Action,Don Siegel,1979,112,12,6.50
PRO008314,2027-05-07 12:30:00,King Kong,Adventure,Merian C. Cooper,1933,100,12,8.00
PRO008315,2027-05-08 10:30:00,A Streetcar Named Desire,Drama,Elia Kazan,1951,122,12,8.00
PRO008316,2027-05-08 13:30:00,Vertigo,Mystery,Alfred Hitchcock,1958,128,12,8.50
PRO008317,2027-05-08 16:30:00,First Blood,Action,Ted Kotcheff,1982,93,12,7.50
PRO008318,2027-05-09 10:30:00,Gandhi,Biography,Richard Attenborough,1982,191,0,7.50
PRO008319,2027-05-09 14:30:00,Dom za vesanje,Comedy,Emir Kusturica,1988,142,16,7.50
PRO008320,2027-05-09 17:30:00,Dark City,Mystery,Alex Proyas,1998,100,12,8.00
PRO008321,2027-05-09 20:00:00,Brief Encounter,Drama,David Lean,1945,86,0,9.50
PRO008322,2027-05-10 10:00:00,First Blood,Action,Ted Kotcheff,1982,93,12,8.00
PRO008323,2027-05-10 12:30:00,Dom za vesanje,Comedy,Emir Kusturica,1988,142,16,6.50
PRO008324,2027-05-11 10:00:00,Fa yeung nin wah,Drama,Kar-Wai Wong,2000,98,0,7.00
PRO008325,2027-05-11 12:30:00,Rain Man,Drama,Barry Levinson,1988,133,0,8.00
PRO008326,2027-05-12 10:00:00,All the President's Men,Biography,Alan J. Pakula,1976,138,0,8.50
PRO008327,2027-05-13 10:30:00,Mystic River,Crime,Clint Eastwood,2003,138,12,6.50
PRO008328,2027-05-14 10:00:00,Twelve Monkeys,Mystery,Terry Gilliam,1995,129,12,7.50
PRO008329,2027-05-15 10:00:00,Cast Away,Adventure,Robert Zemeckis,2000,143,12,7.00
PRO008330,2027-05-15 13:30:00,La haine,Crime,Mathieu Kassovitz,1995,98,12,8.00
PRO008331,2027-05-15 16:00:00,Heat,Crime,Michael Mann,1995,170,12,8.50
PRO008332,2027-05-15 19:30:00,Tropa de Elite,Action,José Padilha,2007,115,16,9.50
PRO008333,2027-05-16 10:30:00,King Kong,Adventure,Merian C. Cooper,1933,100,12,8.50
PRO008334,2027-05-16 13:00:00,All the President's Men,Biography,Alan J. Pakula,1976,138,0,6.50
PRO008335,2027-05-16 16:00:00,King Kong,Adventure,Merian C. Cooper,1933,100,12,7.50
PRO008336,2027-05-16 18:30:00,First Blood,Action,Ted Kotcheff,1982,93,12,8.50
PRO008337,2027-05-17 10:00:00,The Lord of the Rings: The Two Towers,Action,Peter Jackson,2002,179,12,8.00
PRO008338,2027-05-17 14:00:00,Brief Encounter,Drama,David Lean,1945,86,0,7.50
PRO008339,2027-05-18 10:00:00,Badlands,Action,Terrence Malick,1973,94,6,7.00
PRO008340,2027-05-18 12:30:00,Snatch,Comedy,Guy Ritchie,2000,104,12,8.50
PRO008341,2027-05-18 15:00:00,Gattaca,Drama,Andrew Niccol,1997,106,12,8.50
PRO008342,2027-05-19 10:00:00,Braveheart,Biography,Mel Gibson,1995,178,12,6.50
PRO008343,2027-05-20 10:30:00,Dazed and Confused,Comedy,Richard Linklater,1993,102,0,7.00
PRO008344,2027-05-20 13:00:00,Tropa de Elite,Action,José Padilha,2007,115,16,7.00
PRO008345,2027-05-20 15:30:00,Tombstone,Action,George P. Cosmatos,1993,130,16,6.50
PRO008346,2027-05-21 10:00:00,Sunset Blvd.,Drama,Billy Wilder,1950,110,12,8.00
PRO008347,2027-05-21 12:30:00,Dazed and Confused,Comedy,Richard Linklater,1993,102,0,6.50
PRO008348,2027-05-22 10:30:00,Snatch,Comedy,Guy Ritchie,2000,104,12,7.00
PRO008349,2027-05-22 13:00:00,Mystic River,Crime,Clint Eastwood,2003,138,12,6.50
PRO008350,2027-05-22 16:30:00,First Blood,Action,Ted Kotcheff,1982,93,12,7.00
PRO008351,2027-05-23 10:30:00,Cast Away,Adventure,Robert Zemeckis,2000,143,12,6.50
PRO008352,2027-05-23 14:00:00,The Last Samurai,Action,Edward Zwick,2003,154,12,8.00
PRO008353,2027-05-23 17:30:00,Heat,Crime,Michael Mann,1995,170,12,7.00
PRO008354,2027-05-24 10:30:00,Who's Afraid of Virginia Woolf?,Drama,Mike Nichols,1966,131,12,7.00
PRO008355,2027-05-25 10:00:00,Kakushi-toride no san-akunin,Adventure,Akira Kurosawa,1958,139,12,7.00
PRO008356,2027-05-26 10:30:00,Le scaphandre et le papillon,Biography,Julian Schnabel,2007,112,12,7.00
PRO008357,2027-05-26 13:00:00,Mystic River,Crime,Clint Eastwood,2003,138,12,7.00
PRO008358,2027-05-27 10:00:00,Badlands,Action,Terrence Malick,1973,94,6,8.50
PRO008359,2027-05-27 12:30:00,Badlands,Action,Terrence Malick,1973,94,6,6.50
PRO008360,2027-05-28 10:30:00,Hedwig and the Angry Inch,Comedy,John Cameron Mitchell,2001,95,16,7.00
PRO008361,2027-05-28 13:00:00,Dazed and Confused,Comedy,Richard Linklater,1993,102,0,8.50
PRO008362,2027-05-29 10:00:00,Gongdong gyeongbi guyeok JSA,Action,Chan-wook Park,2000,110,12,8.50
PRO008363,2027-05-29 12:30:00,Munna Bhai M.B.B.S.,Comedy,Rajkumar Hirani,2003,156,0,8.50
PRO008364,2027-05-29 16:00:00,Lost in Translation,Comedy,Sofia Coppola,2003,102,12,8.50
PRO008365,2027-05-29 18:30:00,North by Northwest,Adventure,Alfred Hitchcock,1959,136,0,8.50
PRO008366,2027-05-30 10:30:00,Happiness,Comedy,Todd Solondz,1998,134,12,7.00
PRO008367,2027-05-30 13:30:00,First Blood,Action,Ted Kotcheff,1982,93,12,8.00
PRO008368,2027-05-30 16:00:00,Tropa de Elite,Action,José Padilha,2007,115,16,8.00
PRO008369,2027-05-31 10:00:00,Tropa de Elite,Action,José Padilha,2007,115,16,7.50
PRO008370,2027-05-31 13:00:00,Twelve Monkeys,Mystery,Terry Gilliam,1995,129,12,6.50
PRO008371,2027-06-01 10:00:00,Sleepers,Crime,Barry Levinson,1996,147,12,6.50
PRO008372,2027-06-01 13:30:00,The Muppet Christmas Carol,Comedy,Brian Henson,1992,85,0,7.00
PRO008373,2027-06-01 16:00:00,Ikiru,Drama,Akira Kurosawa,1952,143,12,8.50
PRO008374,2027-06-02 10:30:00,The Thin Red Line,Drama,Terrence Malick,1998,170,12,7.50
PRO008375,2027-06-02 14:00:00,Dazed and Confused,Comedy,Richard Linklater,1993,102,0,6.50
PRO008376,2027-06-02 16:30:00,Ikiru,Drama,Akira Kurosawa,1952,143,12,6.50
PRO008377,2027-06-03 10:30:00,Det sjunde inseglet,Drama,Ingmar Bergman,1957,96,12,8.50
PRO008378,2027-06-03 13:00:00,Happiness,Comedy,Todd Solondz,1998,134,12,6.50
PRO008379,2027-06-04 10:00:00,The Elephant Man,Biography,David Lynch,1980,124,12,8.50
PRO008380,2027-06-04 13:00:00,Escape from Alcatraz,Action,Don Siegel,1979,112,12,7.50
PRO008381,2027-06-04 16:00:00,The Thin Red Line,Drama,Terrence Malick,1998,170,12,7.50
PRO008382,2027-06-05 10:30:00,Stand by Me,Adventure,Rob Reiner,1986,89,0,7.00
PRO008383,2027-06-05 12:30:00,Dazed and Confused,Comedy,Richard Linklater,1993,102,0,6.50
PRO008384,2027-06-05 15:00:00,King Kong,Adventure,Merian C. Cooper,1933,100,12,7.00
PRO008385,2027-06-06 10:00:00,Hedwig and the Angry Inch,Comedy,John Cameron Mitchell,2001,95,16,8.00
PRO008386,2027-06-06 12:30:00,Who's Afraid of Virginia Woolf?,Drama,Mike Nichols,1966,131,12,7.00
PRO008387,2027-06-06 15:30:00,La haine,Crime,Mathieu Kassovitz,1995,98,12,8.00
PRO008388,2027-06-07 10:00:00,Happiness,Comedy,Todd Solondz,1998,134,12,8.00
PRO008389,2027-06-07 13:00:00,The Bridges of Madison County,Drama,Clint Eastwood,1995,135,12,6.50
PRO008390,2027-06-07 16:00:00,La montaña sagrada,Adventure,Alejandro Jodorowsky,1973,114,16,7.50
PRO008391,2027-06-08 10:00:00,Happiness,Comedy,Todd Solondz,1998,134,12,7.50
PRO008392,2027-06-08 13:00:00,Lost in Translation,Comedy,Sofia Coppola,2003,102,12,7.00
PRO008393,2027-06-08 15:30:00,La montaña sagrada,Adventure,Alejandro Jodorowsky,1973,114,16,8.00
PRO008394,2027-06-09 10:30:00,Gattaca,Drama,Andrew Niccol,1997,106,12,7.50
PRO008395,2027-06-09 13:00:00,Enemy at the Gates,Drama,Jean-Jacques Annaud,2001,131,12,7.50
PRO008396,2027-06-09 16:00:00,The Killing Fields,Biography,Roland Joffé,1984,141,12,7.50
PRO008397,2027-06-10 10:30:00,Match Point,Drama,Woody Allen,2005,124,16,7.00
PRO008398,2027-06-11 10:30:00,Enemy at the Gates,Drama,Jean-Jacques Annaud,2001,131,12,8.50
PRO008399,2027-06-12 10:00:00,Rocky,Drama,John G. Avildsen,1976,120,0,8.50
PRO008400,2027-06-12 13:00:00,Gattaca,Drama,Andrew Niccol,1997,106,12,8.00
PRO008401,2027-06-12 15:30:00,"Lock, Stock and Two Smoking Barrels",Action,Guy Ritchie,1998,107,12,8.50
PRO008402,2027-06-12 18:00:00,The Illusionist,Drama,Neil Burger,2006,110,0,9.50
PRO008403,2027-06-13 10:00:00,The Thin Red Line,Drama,Terrence Malick,1998,170,12,8.50
PRO008404,2027-06-13 14:00:00,The Muppet Christmas Carol,Comedy,Brian Henson,1992,85,0,8.50
PRO008405,2027-06-13 16:30:00,Munna Bhai M.B.B.S.,Comedy,Rajkumar Hirani,2003,156,0,7.50
PRO008406,2027-06-14 10:00:00,Match Point,Drama,Woody Allen,2005,124,16,6.50
PRO008407,2027-06-14 13:00:00,The Incredibles,Animation,Brad Bird,2004,115,0,7.50
PRO008408,2027-06-14 16:00:00,The Muppet Christmas Carol,Comedy,Brian Henson,1992,85,0,7.00
PRO008409,2027-06-15 10:00:00,The Illusionist,Drama,Neil Burger,2006,110,0,7.00
PRO008410,2027-06-15 12:30:00,The Thin Red Line,Drama,Terrence Malick,1998,170,12,7.00
PRO008411,2027-06-15 16:30:00,Tombstone,Action,George P. Cosmatos,1993,130,16,7.00
PRO008412,2027-06-16 10:30:00,Lost in Translation,Comedy,Sofia Coppola,2003,102,12,8.00
PRO008413,2027-06-17 10:30:00,Munna Bhai M.B.B.S.,Comedy,Rajkumar Hirani,2003,156,0,7.00
PRO008414,2027-06-17 14:00:00,Gattaca,Drama,Andrew Niccol,1997,106,12,7.50
PRO008415,2027-06-18 10:30:00,The Great Dictator,Comedy,Charles Chaplin,1940,125,12,7.50
PRO008416,2027-06-18 13:30:00,Rio Bravo,Action,Howard Hawks,1959,141,12,7.50
PRO008417,2027-06-18 16:30:00,Happiness,Comedy,Todd Solondz,1998,134,12,7.50
PRO008418,2027-06-19 10:00:00,Blazing Saddles,Comedy,Mel Brooks,1974,93,12,7.00
PRO008419,2027-06-19 12:30:00,Happiness,Comedy,Todd Solondz,1998,134,12,7.00
PRO008420,2027-06-19 15:30:00,Hedwig and the Angry Inch,Comedy,John Cameron Mitchell,2001,95,16,7.00
PRO008421,2027-06-19 18:00:00,Lost in Translation,Comedy,Sofia Coppola,2003,102,12,9.50
PRO008422,2027-06-20 10:00:00,Ed Wood,Biography,Tim Burton,1994,127,0,7.50
PRO008423,2027-06-20 13:00:00,Det sjunde inseglet,Drama,Ingmar Bergman,1957,96,12,6.50
PRO008424,2027-06-20 15:30:00,Kakushi-toride no san-akunin,Adventure,Akira Kurosawa,1958,139,12,6.50
PRO008425,2027-06-20 18:30:00,Twelve Monkeys,Mystery,Terry Gilliam,1995,129,12,10.00
PRO008426,2027-06-21 10:30:00,Blazing Saddles,Comedy,Mel Brooks,1974,93,12,7.00
PRO008427,2027-06-21 13:00:00,Ladri di biciclette,Drama,Vittorio De Sica,1948,89,12,7.50
PRO008428,2027-06-22 10:30:00,Enemy at the Gates,Drama,Jean-Jacques Annaud,2001,131,12,6.50
PRO008429,2027-06-23 10:30:00,Match Point,Drama,Woody Allen,2005,124,16,7.00
PRO008430,2027-06-23 13:30:00,The Incredibles,Animation,Brad Bird,2004,115,0,7.00
PRO008431,2027-06-24 10:00:00,The Illusionist,Drama,Neil Burger,2006,110,0,7.50
PRO008432,2027-06-25 10:30:00,Gongdong gyeongbi guyeok JSA,Action,Chan-wook Park,2000,110,12,7.50
PRO008433,2027-06-26 10:00:00,Who's Afraid of Virginia Woolf?,Drama,Mike Nichols,1966,131,12,7.00
PRO008434,2027-06-26 13:00:00,Once Upon a Time in the West,Western,Sergio Leone,1968,165,0,8.00
PRO008435,2027-06-26 16:30:00,Fantasia,Animation,James Algar,1940,125,0,8.00
PRO008436,2027-06-26 19:30:00,The Great Dictator,Comedy,Charles Chaplin,1940,125,12,8.50
PRO008437,2027-06-27 10:00:00,Stand by Me,Adventure,Rob Reiner,1986,89,0,6.50
PRO008438,2027-06-27 12:00:00,The Great Dictator,Comedy,Charles Chaplin,1940,125,12,8.50
PRO008439,2027-06-27 15:00:00,American Gangster,Biography,Ridley Scott,2007,157,12,6.50
PRO008440,2027-06-27 18:30:00,La montaña sagrada,Adventure,Alejandro Jodorowsky,1973,114,16,10.00
PRO008441,2027-06-28 10:30:00,Hedwig and the Angry Inch,Comedy,John Cameron Mitchell,2001,95,16,7.50
PRO008442,2027-06-28 13:00:00,Sleepers,Crime,Barry Levinson,1996,147,12,7.00
PRO008443,2027-06-28 16:00:00,The Muppet Christmas Carol,Comedy,Brian Henson,1992,85,0,8.00
PRO008444,2027-06-29 10:00:00,The Killing Fields,Biography,Roland Joffé,1984,141,12,8.50
PRO008445,2027-06-29 13:00:00,The Illusionist,Drama,Neil Burger,2006,110,0,8.50
PRO008446,2027-06-30 10:30:00,Gongdong gyeongbi guyeok JSA,Action,Chan-wook Park,2000,110,12,8.50
PRO008447,2027-06-30 13:00:00,The Muppet Movie,Adventure,James Frawley,1979,95,0,6.50
PRO008448,2027-07-01 10:00:00,Rocky,Drama,John G. Avildsen,1976,120,0,8.50
PRO008449,2027-07-02 10:30:00,Match Point,Drama,Woody Allen,2005,124,16,6.50
PRO008450,2027-07-02 13:30:00,Serenity,Action,Joss Whedon,2005,119,12,8.50
PRO008451,2027-07-03 10:00:00,Batman Begins,Action,Christopher Nolan,2005,140,12,8.50
PRO008452,2027-07-03 13:00:00,Once Upon a Time in the West,Western,Sergio Leone,1968,165,0,8.50
PRO008453,2027-07-03 16:30:00,Stand by Me,Adventure,Rob Reiner,1986,89,0,6.50
PRO008454,2027-07-03 19:00:00,Toy Story 2,Animation,John Lasseter,1999,92,0,8.50
PRO008455,2027-07-04 10:00:00,Gone with the Wind,Drama,Victor Fleming,1939,238,0,7.00
PRO008456,2027-07-04 15:00:00,The Illusionist,Drama,Neil Burger,2006,110,0,7.50
PRO008457,2027-07-04 18:00:00,Match Point,Drama,Woody Allen,2005,124,16,10.00
PRO008458,2027-07-05 10:30:00,Fantasia,Animation,James Algar,1940,125,0,7.00
PRO008459,2027-07-05 13:30:00,American Gangster,Biography,Ridley Scott,2007,157,12,8.00
PRO008460,2027-07-06 10:00:00,Happiness,Comedy,Todd Solondz,1998,134,12,8.50
PRO008461,2027-07-07 10:00:00,The Bridges of Madison County,Drama,Clint Eastwood,1995,135,12,8.00
PRO008462,2027-07-07 13:00:00,The Birds,Drama,Alfred Hitchcock,1963,119,12,7.00
PRO008463,2027-07-07 16:00:00,Interstate 60: Episodes of the Road,Adventure,Bob Gale,2002,116,16,6.50
PRO008464,2027-07-08 10:30:00,Casino Royale,Action,Martin Campbell,2006,144,12,7.50
PRO008465,2027-07-08 13:30:00,Gone with the Wind,Drama,Victor Fleming,1939,238,0,7.00
PRO008466,2027-07-09 10:00:00,Once Upon a Time in the West,Western,Sergio Leone,1968,165,0,8.00
PRO008467,2027-07-09 13:30:00,Ikiru,Drama,Akira Kurosawa,1952,143,12,8.50
PRO008468,2027-07-09 16:30:00,Who's Afraid of Virginia Woolf?,Drama,Mike Nichols,1966,131,12,8.00
PRO008469,2027-07-10 10:00:00,Happiness,Comedy,Todd Solondz,1998,134,12,8.00
PRO008470,2027-07-10 13:00:00,Interstate 60: Episodes of the Road,Adventure,Bob Gale,2002,116,16,7.00
PRO008471,2027-07-10 16:00:00,Fantasia,Animation,James Algar,1940,125,0,8.00
PRO008472,2027-07-10 19:00:00,The Birds,Drama,Alfred Hitchcock,1963,119,12,9.50
PRO008473,2027-07-11 10:30:00,"Lock, Stock and Two Smoking Barrels",Action,Guy Ritchie,1998,107,12,7.00
PRO008474,2027-07-11 13:00:00,Rio Bravo,Action,Howard Hawks,1959,141,12,8.50
PRO008475,2027-07-11 16:00:00,Det sjunde inseglet,Drama,Ingmar Bergman,1957,96,12,7.50
PRO008476,2027-07-11 18:30:00,The Great Dictator,Comedy,Charles Chaplin,1940,125,12,10.00
PRO008477,2027-07-12 10:00:00,Close Encounters of the Third Kind,Drama,Steven Spielberg,1977,138,0,8.00
PRO008478,2027-07-12 13:00:00,Ladri di biciclette,Drama,Vittorio De Sica,1948,89,12,8.50
PRO008479,2027-07-13 10:00:00,The Great Dictator,Comedy,Charles Chaplin,1940,125,12,8.50
PRO008480,2027-07-14 10:30:00,Control,Biography,Anton Corbijn,2007,122,16,8.00
PRO008481,2027-07-15 10:00:00,Do lok tin si,Comedy,Kar-Wai Wong,1995,99,12,8.50
PRO008482,2027-07-15 12:30:00,Rocky,Drama,John G. Avildsen,1976,120,0,7.50
PRO008483,2027-07-16 10:30:00,Blazing Saddles,Comedy,Mel Brooks,1974,93,12,6.50
PRO008484,2027-07-17 10:00:00,Le locataire,Drama,Roman Polanski,1976,126,16,6.50
PRO008485,2027-07-17 13:00:00,Casino Royale,Action,Martin Campbell,2006,144,12,7.50
PRO008486,2027-07-17 16:00:00,The Shawshank Redemption,Drama,Frank Darabont,1994,142,12,8.50
PRO008487,2027-07-17 19:00:00,Planet of the Apes,Adventure,Franklin J. Schaffner,1968,112,0,10.00
PRO008488,2027-07-18 10:00:00,Barry Lyndon,Adventure,Stanley Kubrick,1975,185,6,6.50
PRO008489,2027-07-18 14:00:00,Rio Bravo,Action,Howard Hawks,1959,141,12,8.00
PRO008490,2027-07-18 17:00:00,Zelig,Comedy,Woody Allen,1983,79,6,7.50
PRO008491,2027-07-19 10:00:00,Ed Wood,Biography,Tim Burton,1994,127,0,8.50
PRO008492,2027-07-19 13:00:00,Zelig,Comedy,Woody Allen,1983,79,6,7.50
PRO008493,2027-07-20 10:00:00,Finding Nemo,Animation,Andrew Stanton,2003,100,0,8.00
PRO008494,2027-07-20 12:30:00,Close Encounters of the Third Kind,Drama,Steven Spielberg,1977,138,0,7.50
PRO008495,2027-07-20 15:30:00,Stand by Me,Adventure,Rob Reiner,1986,89,0,6.50
PRO008496,2027-07-21 10:30:00,The Game,Action,David Fincher,1997,129,12,8.50
PRO008497,2027-07-21 13:30:00,Interstate 60: Episodes of the Road,Adventure,Bob Gale,2002,116,16,7.50
PRO008498,2027-07-21 16:30:00,The Birds,Drama,Alfred Hitchcock,1963,119,12,7.00
PRO008499,2027-07-22 10:00:00,Batman Begins,Action,Christopher Nolan,2005,140,12,8.50
PRO008500,2027-07-23 10:00:00,Toy Story 2,Animation,John Lasseter,1999,92,0,8.00
PRO008501,2027-07-23 12:30:00,Zelig,Comedy,Woody Allen,1983,79,6,8.00
PRO008502,2027-07-23 14:30:00,The Birds,Drama,Alfred Hitchcock,1963,119,12,7.00
PRO008503,2027-07-24 10:00:00,Le locataire,Drama,Roman Polanski,1976,126,16,8.50
PRO008504,2027-07-24 13:00:00,Kakushi-toride no san-akunin,Adventure,Akira Kurosawa,1958,139,12,8.50
PRO008505,2027-07-24 16:00:00,The Bridges of Madison County,Drama,Clint Eastwood,1995,135,12,8.00
PRO008506,2027-07-24 19:00:00,Kakushi-toride no san-akunin,Adventure,Akira Kurosawa,1958,139,12,10.00
PRO008507,2027-07-25 10:30:00,The Shawshank Redemption,Drama,Frank Darabont,1994,142,12,7.50
PRO008508,2027-07-25 13:30:00,The Game,Action,David Fincher,1997,129,12,8.50
PRO008509,2027-07-25 16:30:00,Interstate 60: Episodes of the Road,Adventure,Bob Gale,2002,116,16,8.00
PRO008510,2027-07-25 19:30:00,Le locataire,Drama,Roman Polanski,1976,126,16,8.50
PRO008511,2027-07-26 10:30:00,Philadelphia,Drama,Jonathan Demme,1993,125,12,6.50
PRO008512,2027-07-27 10:00:00,Star Wars: Episode VI - Return of the Jedi,Action,Richard Marquand,1983,131,0,8.00
PRO008513,2027-07-28 10:30:00,Finding Neverland,Biography,Marc Forster,2004,106,0,7.50
PRO008514,2027-07-28 13:00:00,Interstate 60: Episodes of the Road,Adventure,Bob Gale,2002,116,16,7.50
PRO008515,2027-07-28 16:00:00,Star Wars: Episode VI - Return of the Jedi,Action,Richard Marquand,1983,131,0,7.50
PRO008516,2027-07-29 10:30:00,The Illusionist,Drama,Neil Burger,2006,110,0,6.50
PRO008517,2027-07-30 10:00:00,Control,Biography,Anton Corbijn,2007,122,16,8.50
PRO008518,2027-07-30 13:00:00,Interstate 60: Episodes of the Road,Adventure,Bob Gale,2002,116,16,7.50
PRO008519,2027-07-30 16:00:00,Aliens,Action,James Cameron,1986,137,0,8.00
PRO008520,2027-07-31 10:30:00,Finding Neverland,Biography,Marc Forster,2004,106,0,8.50
PRO008521,2027-07-31 13:00:00,Fitzcarraldo,Adventure,Werner Herzog,1982,158,16,7.00
PRO008522,2027-07-31 16:30:00,The Game,Action,David Fincher,1997,129,12,8.00
PRO008523,2027-07-31 19:30:00,The Game,Action,David Fincher,1997,129,12,9.00
PRO008524,2027-08-01 10:00:00,Gone with the Wind,Drama,Victor Fleming,1939,238,0,7.50
PRO008525,2027-08-01 15:00:00,The Game,Action,David Fincher,1997,129,12,7.00
PRO008526,2027-08-01 18:00:00,"Swades: We, the People",Drama,Ashutosh Gowariker,2004,210,0,9.00
PRO008527,2027-08-02 10:30:00,The Muppet Movie,Adventure,James Frawley,1979,95,0,8.00
PRO008528,2027-08-03 10:30:00,Indiana Jones and the Last Crusade,Action,Steven Spielberg,1989,127,0,7.00
PRO008529,2027-08-03 13:30:00,The Killing Fields,Biography,Roland Joffé,1984,141,12,6.50
PRO008530,2027-08-03 16:30:00,Aliens,Action,James Cameron,1986,137,0,8.00
PRO008531,2027-08-04 10:00:00,Sen to Chihiro no kamikakushi,Animation,Hayao Miyazaki,2001,125,0,7.50
PRO008532,2027-08-04 13:00:00,The Gold Rush,Adventure,Charles Chaplin,1925,95,12,7.00
PRO008533,2027-08-04 15:30:00,The Shawshank Redemption,Drama,Frank Darabont,1994,142,12,8.00
PRO008534,2027-08-05 10:30:00,Aliens,Action,James Cameron,1986,137,0,7.00
PRO008535,2027-08-06 10:00:00,Sen to Chihiro no kamikakushi,Animation,Hayao Miyazaki,2001,125,0,7.50
PRO008536,2027-08-06 13:00:00,Barry Lyndon,Adventure,Stanley Kubrick,1975,185,6,8.00
PRO008537,2027-08-07 10:00:00,Kakushi-toride no san-akunin,Adventure,Akira Kurosawa,1958,139,12,6.50
PRO008538,2027-08-07 13:30:00,Fitzcarraldo,Adventure,Werner Herzog,1982,158,16,7.50
PRO008539,2027-08-07 17:00:00,Do lok tin si,Comedy,Kar-Wai Wong,1995,99,12,8.50
PRO008540,2027-08-07 19:30:00,The Gold Rush,Adventure,Charles Chaplin,1925,95,12,8.50
PRO008541,2027-08-08 10:00:00,The Treasure of the Sierra Madre,Adventure,John Huston,1948,126,12,7.50
PRO008542,2027-08-08 13:00:00,Sen to Chihiro no kamikakushi,Animation,Hayao Miyazaki,2001,125,0,7.50
PRO008543,2027-08-08 16:00:00,Saving Private Ryan,Drama,Steven Spielberg,1998,169,16,8.50
PRO008544,2027-08-08 19:30:00,The Others,Horror,Alejandro Amenábar,2001,101,12,10.00
PRO008545,2027-08-09 10:00:00,Barry Lyndon,Adventure,Stanley Kubrick,1975,185,6,8.00
PRO008546,2027-08-09 14:00:00,Once,Drama,John Carney,2007,86,16,7.50
PRO008547,2027-08-09 16:30:00,Planet of the Apes,Adventure,Franklin J. Schaffner,1968,112,0,6.50
PRO008548,2027-08-10 10:30:00,Once,Drama,John Carney,2007,86,16,7.00
PRO008549,2027-08-10 12:30:00,Lat sau san taam,Action,John Woo,1992,128,16,8.50
PRO008550,2027-08-10 15:30:00,Indiana Jones and the Last Crusade,Action,Steven Spielberg,1989,127,0,7.00
PRO008551,2027-08-11 10:00:00,Casino Royale,Action,Martin Campbell,2006,144,12,8.00
PRO008552,2027-08-11 13:00:00,Lat sau san taam,Action,John Woo,1992,128,16,7.50
PRO008553,2027-08-11 16:00:00,Sholay,Action,Ramesh Sippy,1975,204,0,6.50
PRO008554,2027-08-12 10:30:00,Gone with the Wind,Drama,Victor Fleming,1939,238,0,7.50
PRO008555,2027-08-13 10:30:00,Fitzcarraldo,Adventure,Werner Herzog,1982,158,16,6.50
PRO008556,2027-08-14 10:00:00,Planet of the Apes,Adventure,Franklin J. Schaffner,1968,112,0,8.00
PRO008557,2027-08-14 13:00:00,Fitzcarraldo,Adventure,Werner Herzog,1982,158,16,8.50
PRO008558,2027-08-14 16:30:00,Indiana Jones and the Last Crusade,Action,Steven Spielberg,1989,127,0,6.50
PRO008559,2027-08-15 10:30:00,Sholay,Action,Ramesh Sippy,1975,204,0,6.50
PRO008560,2027-08-15 15:00:00,8½,Drama,Federico Fellini,1963,138,12,8.50
PRO008561,2027-08-15 18:00:00,The Killing Fields,Biography,Roland Joffé,1984,141,12,9.00
PRO008562,2027-08-16 10:30:00,Aliens,Action,James Cameron,1986,137,0,6.50
PRO008563,2027-08-16 13:30:00,Jeux d'enfants,Comedy,Yann Samuell,2003,93,16,7.00
PRO008564,2027-08-17 10:00:00,The Treasure of the Sierra Madre,Adventure,John Huston,1948,126,12,8.50
PRO008565,2027-08-17 13:00:00,Toki o kakeru shôjo,Animation,Mamoru Hosoda,2006,98,0,8.50
PRO008566,2027-08-17 15:30:00,Der Name der Rose,Crime,Jean-Jacques Annaud,1986,130,16,8.50
PRO008567,2027-08-18 10:00:00,Sholay,Action,Ramesh Sippy,1975,204,0,7.50
PRO008568,2027-08-19 10:00:00,Amadeus,Biography,Milos Forman,1984,160,16,7.00
PRO008569,2027-08-20 10:00:00,Jeux d'enfants,Comedy,Yann Samuell,2003,93,16,6.50
PRO008570,2027-08-21 10:00:00,All That Jazz,Drama,Bob Fosse,1979,123,12,7.50
PRO008571,2027-08-21 13:00:00,All That Jazz,Drama,Bob Fosse,1979,123,12,6.50
PRO008572,2027-08-21 16:00:00,"Swades: We, the People",Drama,Ashutosh Gowariker,2004,210,0,8.50
PRO008573,2027-08-22 10:00:00,Kal Ho Naa Ho,Comedy,Nikkhil Advani,2003,186,0,8.50
PRO008574,2027-08-22 14:00:00,The Others,Horror,Alejandro Amenábar,2001,101,12,7.50
PRO008575,2027-08-22 16:30:00,Sholay,Action,Ramesh Sippy,1975,204,0,8.00
PRO008576,2027-08-23 10:00:00,Lat sau san taam,Action,John Woo,1992,128,16,6.50
PRO008577,2027-08-23 13:00:00,Gone with the Wind,Drama,Victor Fleming,1939,238,0,6.50
PRO008578,2027-08-24 10:30:00,Zelig,Comedy,Woody Allen,1983,79,6,7.50
PRO008579,2027-08-24 13:00:00,The Treasure of the Sierra Madre,Adventure,John Huston,1948,126,12,6.50
PRO008580,2027-08-25 10:30:00,The Sixth Sense,Drama,M. Night Shyamalan,1999,107,12,8.00
PRO008581,2027-08-25 13:00:00,Jeux d'enfants,Comedy,Yann Samuell,2003,93,16,7.50
PRO008582,2027-08-25 15:30:00,Le notti di Cabiria,Drama,Federico Fellini,1957,110,12,6.50
PRO008583,2027-08-26 10:30:00,Saving Private Ryan,Drama,Steven Spielberg,1998,169,16,7.50
PRO008584,2027-08-26 14:00:00,Close Encounters of the Third Kind,Drama,Steven Spielberg,1977,138,0,6.50
PRO008585,2027-08-26 17:00:00,Sen to Chihiro no kamikakushi,Animation,Hayao Miyazaki,2001,125,0,7.00
PRO008586,2027-08-27 10:30:00,The Treasure of the Sierra Madre,Adventure,John Huston,1948,126,12,7.00
PRO008587,2027-08-28 10:30:00,Le notti di Cabiria,Drama,Federico Fellini,1957,110,12,7.50
PRO008588,2027-08-28 13:30:00,The Illusionist,Drama,Neil Burger,2006,110,0,8.50
PRO008589,2027-08-28 16:00:00,My Fair Lady,Drama,George Cukor,1964,170,0,8.50
PRO008590,2027-08-29 10:00:00,Sholay,Action,Ramesh Sippy,1975,204,0,8.00
PRO008591,2027-08-29 14:30:00,Le notti di Cabiria,Drama,Federico Fellini,1957,110,12,8.00
PRO008592,2027-08-29 17:00:00,Fitzcarraldo,Adventure,Werner Herzog,1982,158,16,8.50
PRO008593,2027-08-29 20:30:00,Kal Ho Naa Ho,Comedy,Nikkhil Advani,2003,186,0,10.00
PRO008594,2027-08-30 10:30:00,The Killing Fields,Biography,Roland Joffé,1984,141,12,7.00
PRO008595,2027-08-31 10:30:00,Jeux d'enfants,Comedy,Yann Samuell,2003,93,16,7.00
PRO008596,2027-08-31 13:00:00,Kurenai no buta,Animation,Hayao Miyazaki,1992,94,0,7.00
PRO008597,2027-09-01 10:30:00,The Game,Action,David Fincher,1997,129,12,7.50
PRO008598,2027-09-02 10:30:00,Sholay,Action,Ramesh Sippy,1975,204,0,8.50
PRO008599,2027-09-03 10:30:00,The Illusionist,Drama,Neil Burger,2006,110,0,7.00
PRO008600,2027-09-03 13:30:00,All That Jazz,Drama,Bob Fosse,1979,123,12,6.50
PRO008601,2027-09-03 16:30:00,"Shin seiki Evangelion Gekijô-ban: Air/Magokoro wo, kimi ni",Animation,Hideaki Anno,1997,87,12,6.50
PRO008602,2027-09-04 10:30:00,All That Jazz,Drama,Bob Fosse,1979,123,12,8.00
PRO008603,2027-09-04 13:30:00,Fitzcarraldo,Adventure,Werner Herzog,1982,158,16,8.50
PRO008604,2027-09-04 17:00:00,The Killing Fields,Biography,Roland Joffé,1984,141,12,8.50
PRO008605,2027-09-05 10:30:00,Saving Private Ryan,Drama,Steven Spielberg,1998,169,16,6.50
PRO008606,2027-09-05 14:30:00,My Fair Lady,Drama,George Cukor,1964,170,0,8.00
PRO008607,2027-09-05 18:00:00,The Killing Fields,Biography,Roland Joffé,1984,141,12,9.50
PRO008608,2027-09-05 21:30:00,Philadelphia,Drama,Jonathan Demme,1993,125,12,10.00
PRO008609,2027-09-06 10:00:00,The Shawshank Redemption,Drama,Frank Darabont,1994,142,12,8.50
PRO008610,2027-09-06 13:00:00,All That Jazz,Drama,Bob Fosse,1979,123,12,6.50
PRO008611,2027-09-07 10:00:00,Toki o kakeru shôjo,Animation,Mamoru Hosoda,2006,98,0,8.50
PRO008612,2027-09-07 12:30:00,Star Wars: Episode VI - Return of the Jedi,Action,Richard Marquand,1983,131,0,8.00
PRO008613,2027-09-07 15:30:00,Toki o kakeru shôjo,Animation,Mamoru Hosoda,2006,98,0,6.50
PRO008614,2027-09-08 10:30:00,Toki o kakeru shôjo,Animation,Mamoru Hosoda,2006,98,0,7.00
PRO008615,2027-09-08 13:00:00,"Swades: We, the People",Drama,Ashutosh Gowariker,2004,210,0,7.00
PRO008616,2027-09-08 17:00:00,Sleepers,Crime,Barry Levinson,1996,147,12,8.00
PRO008617,2027-09-09 10:30:00,The Treasure of the Sierra Madre,Adventure,John Huston,1948,126,12,8.00
PRO008618,2027-09-09 13:30:00,Sholay,Action,Ramesh Sippy,1975,204,0,8.50
PRO008619,2027-09-09 17:30:00,Jûbê ninpûchô,Animation,Yoshiaki Kawajiri,1993,94,12,7.50
PRO008620,2027-09-10 10:00:00,All That Jazz,Drama,Bob Fosse,1979,123,12,6.50
PRO008621,2027-09-10 13:00:00,Falling Down,Action,Joel Schumacher,1993,113,16,8.50
PRO008622,2027-09-11 10:00:00,Toki o kakeru shôjo,Animation,Mamoru Hosoda,2006,98,0,8.50
PRO008623,2027-09-11 12:30:00,Barry Lyndon,Adventure,Stanley Kubrick,1975,185,6,8.00
PRO008624,2027-09-11 16:30:00,The Pianist,Biography,Roman Polanski,2002,150,16,7.50
PRO008625,2027-09-12 10:30:00,The Shawshank Redemption,Drama,Frank Darabont,1994,142,12,8.50
PRO008626,2027-09-12 13:30:00,The Others,Horror,Alejandro Amenábar,2001,101,12,7.50
PRO008627,2027-09-12 16:00:00,Memento,Mystery,Christopher Nolan,2000,113,12,7.50
PRO008628,2027-09-13 10:00:00,Jeux d'enfants,Comedy,Yann Samuell,2003,93,16,8.00
PRO008629,2027-09-14 10:00:00,Kal Ho Naa Ho,Comedy,Nikkhil Advani,2003,186,0,8.50
PRO008630,2027-09-14 14:00:00,Falling Down,Action,Joel Schumacher,1993,113,16,8.50
PRO008631,2027-09-14 17:00:00,Harry Potter and the Sorcerer's Stone,Adventure,Chris Columbus,2001,152,0,7.00
PRO008632,2027-09-15 10:00:00,Amadeus,Biography,Milos Forman,1984,160,16,8.00
PRO008633,2027-09-15 13:30:00,Falling Down,Action,Joel Schumacher,1993,113,16,7.50
PRO008634,2027-09-15 16:30:00,The Shawshank Redemption,Drama,Frank Darabont,1994,142,12,8.00
PRO008635,2027-09-16 10:00:00,The King of Comedy,Comedy,Martin Scorsese,1982,109,0,7.00
PRO008636,2027-09-17 10:30:00,Bronenosets Potemkin,Drama,Sergei M. Eisenstein,1925,75,12,8.50
PRO008637,2027-09-17 12:30:00,The King of Comedy,Comedy,Martin Scorsese,1982,109,0,7.50
PRO008638,2027-09-17 15:00:00,Persona,Drama,Ingmar Bergman,1966,85,12,6.50
PRO008639,2027-09-18 10:30:00,Persona,Drama,Ingmar Bergman,1966,85,12,8.50
PRO008640,2027-09-18 12:30:00,Persona,Drama,Ingmar Bergman,1966,85,12,7.50
PRO008641,2027-09-18 14:30:00,Kal Ho Naa Ho,Comedy,Nikkhil Advani,2003,186,0,8.50
PRO008642,2027-09-18 18:30:00,The Shawshank Redemption,Drama,Frank Darabont,1994,142,12,10.00
PRO008643,2027-09-19 10:30:00,Bound by Honor,Crime,Taylor Hackford,1993,180,16,8.50
PRO008644,2027-09-19 14:30:00,Trois couleurs: Blanc,Comedy,Krzysztof Kieslowski,1994,92,0,8.00
PRO008645,2027-09-19 17:00:00,Jûbê ninpûchô,Animation,Yoshiaki Kawajiri,1993,94,12,8.50
PRO008646,2027-09-20 10:00:00,Jûbê ninpûchô,Animation,Yoshiaki Kawajiri,1993,94,12,7.50
PRO008647,2027-09-20 12:30:00,Sunrise: A Song of Two Humans,Drama,F.W. Murnau,1927,94,12,8.50
PRO008648,2027-09-20 15:00:00,Bronenosets Potemkin,Drama,Sergei M. Eisenstein,1925,75,12,8.50
PRO008649,2027-09-21 10:00:00,The Lives of Others,Drama,Florian Henckel von Donnersmarck,2006,137,12,6.50
PRO008650,2027-09-22 10:30:00,The Shop Around the Corner,Comedy,Ernst Lubitsch,1940,99,12,6.50
PRO008651,2027-09-22 13:00:00,It Happened One Night,Comedy,Frank Capra,1934,105,12,6.50
PRO008652,2027-09-22 15:30:00,Toki o kakeru shôjo,Animation,Mamoru Hosoda,2006,98,0,8.00
PRO008653,2027-09-23 10:00:00,Bronenosets Potemkin,Drama,Sergei M. Eisenstein,1925,75,12,7.50
PRO008654,2027-09-23 12:00:00,Trois couleurs: Blanc,Comedy,Krzysztof Kieslowski,1994,92,0,7.00
PRO008655,2027-09-23 14:30:00,Bronenosets Potemkin,Drama,Sergei M. Eisenstein,1925,75,12,7.50
PRO008656,2027-09-24 10:30:00,Jûbê ninpûchô,Animation,Yoshiaki Kawajiri,1993,94,12,7.00
PRO008657,2027-09-25 10:00:00,Trois couleurs: Blanc,Comedy,Krzysztof Kieslowski,1994,92,0,7.00
PRO008658,2027-09-25 12:30:00,Happiness,Comedy,Todd Solondz,1998,134,12,8.50
PRO008659,2027-09-25 15:30:00,Enemy at the Gates,Drama,Jean-Jacques Annaud,2001,131,12,7.50
PRO008660,2027-09-26 10:00:00,Le notti di Cabiria,Drama,Federico Fellini,1957,110,12,7.00
PRO008661,2027-09-26 12:30:00,Sleepers,Crime,Barry Levinson,1996,147,12,6.50
PRO008662,2027-09-26 15:30:00,Boogie Nights,Drama,Paul Thomas Anderson,1997,155,16,7.00
PRO008663,2027-09-26 19:00:00,The King of Comedy,Comedy,Martin Scorsese,1982,109,0,9.50
PRO008664,2027-09-27 10:00:00,Donnie Brasco,Biography,Mike Newell,1997,127,12,7.00
PRO008665,2027-09-28 10:00:00,Le notti di Cabiria,Drama,Federico Fellini,1957,110,12,7.00
PRO008666,2027-09-28 13:00:00,The King of Comedy,Comedy,Martin Scorsese,1982,109,0,7.00
PRO008667,2027-09-29 10:00:00,The Lives of Others,Drama,Florian Henckel von Donnersmarck,2006,137,12,8.00
PRO008668,2027-09-30 10:30:00,The Lives of Others,Drama,Florian Henckel von Donnersmarck,2006,137,12,7.00
PRO008669,2027-09-30 13:30:00,Falling Down,Action,Joel Schumacher,1993,113,16,8.00
PRO008670,2027-10-01 10:30:00,Back to the Future Part II,Adventure,Robert Zemeckis,1989,108,0,8.00
PRO008671,2027-10-02 10:30:00,As Good as It Gets,Comedy,James L. Brooks,1997,139,12,8.00
PRO008672,2027-10-02 13:30:00,Falling Down,Action,Joel Schumacher,1993,113,16,8.50
PRO008673,2027-10-02 16:30:00,The Lives of Others,Drama,Florian Henckel von Donnersmarck,2006,137,12,8.50
PRO008674,2027-10-02 19:30:00,Persona,Drama,Ingmar Bergman,1966,85,12,9.00
PRO008675,2027-10-03 10:30:00,As Good as It Gets,Comedy,James L. Brooks,1997,139,12,8.00
PRO008676,2027-10-03 14:00:00,Falling Down,Action,Joel Schumacher,1993,113,16,7.00
PRO008677,2027-10-03 17:00:00,"4 luni, 3 saptamâni si 2 zile",Drama,Cristian Mungiu,2007,113,12,7.00
PRO008678,2027-10-04 10:30:00,Close Encounters of the Third Kind,Drama,Steven Spielberg,1977,138,0,6.50
PRO008679,2027-10-05 10:30:00,Black Hawk Down,Drama,Ridley Scott,2001,144,12,8.00
PRO008680,2027-10-05 14:00:00,Back to the Future Part II,Adventure,Robert Zemeckis,1989,108,0,8.50
PRO008681,2027-10-05 16:30:00,Black Hawk Down,Drama,Ridley Scott,2001,144,12,7.50
PRO008682,2027-10-06 10:30:00,Close Encounters of the Third Kind,Drama,Steven Spielberg,1977,138,0,7.00
PRO008683,2027-10-06 14:00:00,As Good as It Gets,Comedy,James L. Brooks,1997,139,12,7.00
PRO008684,2027-10-07 10:30:00,Close Encounters of the Third Kind,Drama,Steven Spielberg,1977,138,0,6.50
PRO008685,2027-10-08 10:00:00,Back to the Future Part II,Adventure,Robert Zemeckis,1989,108,0,6.50
PRO008686,2027-10-09 10:00:00,Amadeus,Biography,Milos Forman,1984,160,16,8.00
PRO008687,2027-10-09 13:30:00,A Christmas Story,Comedy,Bob Clark,1983,93,0,7.50
PRO008688,2027-10-09 16:00:00,Platoon,Drama,Oliver Stone,1986,120,12,6.50
PRO008689,2027-10-10 10:30:00,Hauru no ugoku shiro,Animation,Hayao Miyazaki,2004,119,0,8.00
PRO008690,2027-10-10 13:30:00,Sherlock Jr.,Action,Buster Keaton,1924,45,12,8.50
PRO008691,2027-10-10 15:00:00,Falling Down,Action,Joel Schumacher,1993,113,16,7.00
PRO008692,2027-10-10 17:30:00,Bound by Honor,Crime,Taylor Hackford,1993,180,16,7.50
PRO008693,2027-10-11 10:00:00,The Lives of Others,Drama,Florian Henckel von Donnersmarck,2006,137,12,7.50
PRO008694,2027-10-11 13:00:00,The Shop Around the Corner,Comedy,Ernst Lubitsch,1940,99,12,7.50
PRO008695,2027-10-12 10:30:00,The Pianist,Biography,Roman Polanski,2002,150,16,7.00
PRO008696,2027-10-12 13:30:00,Sunrise: A Song of Two Humans,Drama,F.W. Murnau,1927,94,12,8.00
PRO008697,2027-10-13 10:00:00,Close Encounters of the Third Kind,Drama,Steven Spielberg,1977,138,0,6.50
PRO008698,2027-10-13 13:00:00,Sunrise: A Song of Two Humans,Drama,F.W. Murnau,1927,94,12,7.50
PRO008699,2027-10-14 10:30:00,Sherlock Jr.,Action,Buster Keaton,1924,45,12,6.50
PRO008700,2027-10-15 10:00:00,Close Encounters of the Third Kind,Drama,Steven Spielberg,1977,138,0,6.50
PRO008701,2027-10-15 13:00:00,Chinatown,Drama,Roman Polanski,1974,130,12,8.00
PRO008702,2027-10-16 10:30:00,Adaptation.,Comedy,Spike Jonze,2002,115,16,6.50
PRO008703,2027-10-16 13:30:00,Idi i smotri,Drama,Elem Klimov,1985,142,12,6.50
PRO008704,2027-10-16 16:30:00,Platoon,Drama,Oliver Stone,1986,120,12,7.00
PRO008705,2027-10-17 10:30:00,Sunrise: A Song of Two Humans,Drama,F.W. Murnau,1927,94,12,7.50
PRO008706,2027-10-17 13:00:00,Back to the Future Part II,Adventure,Robert Zemeckis,1989,108,0,6.50
PRO008707,2027-10-17 16:00:00,Close Encounters of the Third Kind,Drama,Steven Spielberg,1977,138,0,8.00
PRO008708,2027-10-18 10:30:00,The Best Years of Our Lives,Drama,William Wyler,1946,170,12,8.50
PRO008709,2027-10-19 10:30:00,Aliens,Action,James Cameron,1986,137,0,8.50
PRO008710,2027-10-19 13:30:00,"Monsters, Inc.",Animation,Pete Docter,2001,92,0,7.00
PRO008711,2027-10-20 10:00:00,Aliens,Action,James Cameron,1986,137,0,6.50
PRO008712,2027-10-20 13:30:00,Chinatown,Drama,Roman Polanski,1974,130,12,8.00
PRO008713,2027-10-21 10:00:00,Adaptation.,Comedy,Spike Jonze,2002,115,16,7.50
PRO008714,2027-10-22 10:00:00,Zelig,Comedy,Woody Allen,1983,79,6,7.50
PRO008715,2027-10-23 10:00:00,Platoon,Drama,Oliver Stone,1986,120,12,7.50
PRO008716,2027-10-23 13:00:00,No Country for Old Men,Crime,Ethan Coen,2007,122,16,6.50
PRO008717,2027-10-23 16:00:00,Blow,Biography,Ted Demme,2001,124,16,7.00
PRO008718,2027-10-23 19:00:00,Adaptation.,Comedy,Spike Jonze,2002,115,16,8.50
PRO008719,2027-10-24 10:30:00,Butch Cassidy and the Sundance Kid,Biography,George Roy Hill,1969,110,6,8.50
PRO008720,2027-10-24 13:00:00,Butch Cassidy and the Sundance Kid,Biography,George Roy Hill,1969,110,6,7.00
PRO008721,2027-10-24 16:00:00,The Best Years of Our Lives,Drama,William Wyler,1946,170,12,8.00
PRO008722,2027-10-24 19:30:00,Annie Hall,Comedy,Woody Allen,1977,93,12,9.50
PRO008723,2027-10-25 10:30:00,No Country for Old Men,Crime,Ethan Coen,2007,122,16,6.50
PRO008724,2027-10-26 10:00:00,Zelig,Comedy,Woody Allen,1983,79,6,8.50
PRO008725,2027-10-27 10:30:00,Donnie Brasco,Biography,Mike Newell,1997,127,12,6.50
PRO008726,2027-10-28 10:00:00,The Ladykillers,Comedy,Alexander Mackendrick,1955,91,12,8.00
PRO008727,2027-10-28 12:30:00,Ivanovo detstvo,Drama,Andrei Tarkovsky,1962,95,12,7.50
PRO008728,2027-10-28 15:00:00,Tengoku to jigoku,Crime,Akira Kurosawa,1963,143,12,7.50
PRO008729,2027-10-29 10:30:00,Annie Hall,Comedy,Woody Allen,1977,93,12,7.50
PRO008730,2027-10-30 10:30:00,The Best Years of Our Lives,Drama,William Wyler,1946,170,12,7.50
PRO008731,2027-10-30 14:00:00,Blow,Biography,Ted Demme,2001,124,16,8.50
PRO008732,2027-10-30 17:00:00,"Monsters, Inc.",Animation,Pete Docter,2001,92,0,8.00
PRO008733,2027-10-31 10:30:00,Scent of a Woman,Drama,Martin Brest,1992,156,12,6.50
PRO008734,2027-10-31 14:00:00,Back to the Future Part II,Adventure,Robert Zemeckis,1989,108,0,6.50
PRO008735,2027-10-31 17:00:00,Sherlock Jr.,Action,Buster Keaton,1924,45,12,6.50
PRO008736,2027-11-01 10:30:00,"4 luni, 3 saptamâni si 2 zile",Drama,Cristian Mungiu,2007,113,12,8.50
PRO008737,2027-11-01 13:00:00,The Ladykillers,Comedy,Alexander Mackendrick,1955,91,12,8.00
PRO008738,2027-11-02 10:30:00,Enemy at the Gates,Drama,Jean-Jacques Annaud,2001,131,12,7.00
PRO008739,2027-11-02 13:30:00,Papurika,Animation,Satoshi Kon,2006,90,0,6.50
PRO008740,2027-11-03 10:30:00,Scent of a Woman,Drama,Martin Brest,1992,156,12,7.00
PRO008741,2027-11-04 10:30:00,Aliens,Action,James Cameron,1986,137,0,8.00
PRO008742,2027-11-05 10:30:00,Back to the Future Part II,Adventure,Robert Zemeckis,1989,108,0,8.00
PRO008743,2027-11-06 10:00:00,Blow,Biography,Ted Demme,2001,124,16,7.50
PRO008744,2027-11-06 13:00:00,Sin City,Crime,Frank Miller,2005,124,12,6.50
PRO008745,2027-11-06 16:00:00,Idi i smotri,Drama,Elem Klimov,1985,142,12,8.00
PRO008746,2027-11-06 19:30:00,Giant,Drama,George Stevens,1956,201,0,9.00
PRO008747,2027-11-07 10:00:00,Butch Cassidy and the Sundance Kid,Biography,George Roy Hill,1969,110,6,7.50
PRO008748,2027-11-07 12:30:00,Annie Hall,Comedy,Woody Allen,1977,93,12,8.00
PRO008749,2027-11-07 15:00:00,Sherlock Jr.,Action,Buster Keaton,1924,45,12,6.50
PRO008750,2027-11-08 10:30:00,Papurika,Animation,Satoshi Kon,2006,90,0,8.50
PRO008751,2027-11-08 13:00:00,Chinatown,Drama,Roman Polanski,1974,130,12,7.00
PRO008752,2027-11-09 10:00:00,Sin City,Crime,Frank Miller,2005,124,12,7.00
PRO008753,2027-11-09 13:00:00,The Long Goodbye,Comedy,Robert Altman,1973,112,12,7.00
PRO008754,2027-11-10 10:30:00,Close Encounters of the Third Kind,Drama,Steven Spielberg,1977,138,0,8.00
PRO008755,2027-11-11 10:30:00,Papurika,Animation,Satoshi Kon,2006,90,0,6.50
PRO008756,2027-11-11 13:00:00,Papurika,Animation,Satoshi Kon,2006,90,0,8.00
PRO008757,2027-11-12 10:00:00,Scent of a Woman,Drama,Martin Brest,1992,156,12,7.00
PRO008758,2027-11-12 13:30:00,Blow,Biography,Ted Demme,2001,124,16,8.00
PRO008759,2027-11-13 10:30:00,Platoon,Drama,Oliver Stone,1986,120,12,7.50
PRO008760,2027-11-13 13:00:00,Platoon,Drama,Oliver Stone,1986,120,12,7.00
PRO008761,2027-11-13 16:00:00,Back to the Future Part II,Adventure,Robert Zemeckis,1989,108,0,7.50
PRO008762,2027-11-13 18:30:00,Papurika,Animation,Satoshi Kon,2006,90,0,9.50
PRO008763,2027-11-14 10:00:00,Back to the Future Part II,Adventure,Robert Zemeckis,1989,108,0,6.50
PRO008764,2027-11-14 12:30:00,Tengoku to jigoku,Crime,Akira Kurosawa,1963,143,12,7.50
PRO008765,2027-11-14 15:30:00,Platoon,Drama,Oliver Stone,1986,120,12,7.00
PRO008766,2027-11-15 10:30:00,Fight Club,Drama,David Fincher,1999,139,12,8.00
PRO008767,2027-11-15 14:00:00,The Long Goodbye,Comedy,Robert Altman,1973,112,12,7.00
PRO008768,2027-11-15 17:00:00,"Monsters, Inc.",Animation,Pete Docter,2001,92,0,8.00
PRO008769,2027-11-16 10:30:00,The Others,Horror,Alejandro Amenábar,2001,101,12,8.00
PRO008770,2027-11-16 13:00:00,Butch Cassidy and the Sundance Kid,Biography,George Roy Hill,1969,110,6,7.50
PRO008771,2027-11-16 16:00:00,The Hurricane,Biography,Norman Jewison,1999,146,16,7.00
PRO008772,2027-11-17 10:30:00,Giant,Drama,George Stevens,1956,201,0,7.50
PRO008773,2027-11-18 10:00:00,Scent of a Woman,Drama,Martin Brest,1992,156,12,7.00
PRO008774,2027-11-19 10:00:00,The Hurricane,Biography,Norman Jewison,1999,146,16,8.50
PRO008775,2027-11-20 10:30:00,The Best Years of Our Lives,Drama,William Wyler,1946,170,12,7.00
PRO008776,2027-11-20 14:30:00,Close Encounters of the Third Kind,Drama,Steven Spielberg,1977,138,0,8.50
PRO008777,2027-11-20 18:00:00,Jules et Jim,Drama,François Truffaut,1962,105,12,10.00
PRO008778,2027-11-20 20:30:00,Aliens,Action,James Cameron,1986,137,0,9.00
PRO008779,2027-11-21 10:00:00,Cool Hand Luke,Crime,Stuart Rosenberg,1967,127,12,7.00
PRO008780,2027-11-21 13:00:00,Platoon,Drama,Oliver Stone,1986,120,12,8.50
PRO008781,2027-11-21 16:00:00,The Hurricane,Biography,Norman Jewison,1999,146,16,8.00
PRO008782,2027-11-22 10:30:00,Jûbê ninpûchô,Animation,Yoshiaki Kawajiri,1993,94,12,7.50
PRO008783,2027-11-23 10:00:00,"Monsters, Inc.",Animation,Pete Docter,2001,92,0,6.50
PRO008784,2027-11-23 12:30:00,The Others,Horror,Alejandro Amenábar,2001,101,12,6.50
PRO008785,2027-11-24 10:30:00,Aliens,Action,James Cameron,1986,137,0,8.00
PRO008786,2027-11-24 13:30:00,Cape Fear,Drama,J. Lee Thompson,1962,106,12,7.50
PRO008787,2027-11-24 16:00:00,The Ladykillers,Comedy,Alexander Mackendrick,1955,91,12,6.50
PRO008788,2027-11-25 10:00:00,It Happened One Night,Comedy,Frank Capra,1934,105,12,7.00
PRO008789,2027-11-25 12:30:00,Tengoku to jigoku,Crime,Akira Kurosawa,1963,143,12,8.00
PRO008790,2027-11-25 16:00:00,The Silence of the Lambs,Crime,Jonathan Demme,1991,118,12,6.50
PRO008791,2027-11-26 10:30:00,Sin City,Crime,Frank Miller,2005,124,12,6.50
PRO008792,2027-11-26 13:30:00,It Happened One Night,Comedy,Frank Capra,1934,105,12,8.00
PRO008793,2027-11-27 10:30:00,The Blues Brothers,Action,John Landis,1980,133,0,8.00
PRO008794,2027-11-27 13:30:00,The Best Years of Our Lives,Drama,William Wyler,1946,170,12,6.50
PRO008795,2027-11-27 17:00:00,The Blues Brothers,Action,John Landis,1980,133,0,7.50
PRO008796,2027-11-27 20:00:00,Cool Hand Luke,Crime,Stuart Rosenberg,1967,127,12,10.00
PRO008797,2027-11-28 10:30:00,Festen,Drama,Thomas Vinterberg,1998,105,16,8.00
PRO008798,2027-11-28 13:00:00,The Blues Brothers,Action,John Landis,1980,133,0,8.00
PRO008799,2027-11-28 16:00:00,Mississippi Burning,Crime,Alan Parker,1988,128,12,8.00
PRO008800,2027-11-29 10:00:00,The Best Years of Our Lives,Drama,William Wyler,1946,170,12,7.50
PRO008801,2027-11-29 13:30:00,The Others,Horror,Alejandro Amenábar,2001,101,12,7.00
PRO008802,2027-11-30 10:30:00,Cool Hand Luke,Crime,Stuart Rosenberg,1967,127,12,7.50
PRO008803,2027-11-30 13:30:00,Kurenai no buta,Animation,Hayao Miyazaki,1992,94,0,6.50
PRO008804,2027-12-01 10:00:00,The Best Years of Our Lives,Drama,William Wyler,1946,170,12,8.00
PRO008805,2027-12-01 14:00:00,Blue Velvet,Drama,David Lynch,1986,120,12,8.00
PRO008806,2027-12-02 10:30:00,Giant,Drama,George Stevens,1956,201,0,7.50
PRO008807,2027-12-03 10:30:00,Cool Hand Luke,Crime,Stuart Rosenberg,1967,127,12,8.50
PRO008808,2027-12-03 13:30:00,Jûbê ninpûchô,Animation,Yoshiaki Kawajiri,1993,94,12,7.50
PRO008809,2027-12-03 16:00:00,The Best Years of Our Lives,Drama,William Wyler,1946,170,12,8.50
PRO008810,2027-12-04 10:00:00,Cape Fear,Drama,J. Lee Thompson,1962,106,12,8.00
PRO008811,2027-12-04 12:30:00,Lat sau san taam,Action,John Woo,1992,128,16,8.00
PRO008812,2027-12-04 15:30:00,The Best Years of Our Lives,Drama,William Wyler,1946,170,12,6.50
PRO008813,2027-12-05 10:00:00,Mississippi Burning,Crime,Alan Parker,1988,128,12,8.00
PRO008814,2027-12-05 13:00:00,Giant,Drama,George Stevens,1956,201,0,8.50
PRO008815,2027-12-05 17:30:00,Jûbê ninpûchô,Animation,Yoshiaki Kawajiri,1993,94,12,8.50
PRO008816,2027-12-05 20:00:00,American Psycho,Comedy,Mary Harron,2000,101,12,8.50
PRO008817,2027-12-06 10:00:00,Eastern Promises,Action,David Cronenberg,2007,100,16,7.00
PRO008818,2027-12-06 12:30:00,The Maltese Falcon,Film-Noir,John Huston,1941,100,12,8.50
PRO008819,2027-12-06 15:00:00,American Psycho,Comedy,Mary Harron,2000,101,12,8.00
PRO008820,2027-12-07 10:00:00,Withnail & I,Comedy,Bruce Robinson,1987,107,16,6.50
PRO008821,2027-12-07 12:30:00,Eastern Promises,Action,David Cronenberg,2007,100,16,6.50
PRO008822,2027-12-07 15:00:00,Lat sau san taam,Action,John Woo,1992,128,16,7.00
PRO008823,2027-12-08 10:00:00,Blue Velvet,Drama,David Lynch,1986,120,12,6.50
PRO008824,2027-12-09 10:00:00,Star Trek II: The Wrath of Khan,Action,Nicholas Meyer,1982,113,0,8.00
PRO008825,2027-12-10 10:30:00,Cape Fear,Drama,J. Lee Thompson,1962,106,12,7.00
PRO008826,2027-12-10 13:00:00,To Have and Have Not,Adventure,Howard Hawks,1944,100,6,6.50
PRO008827,2027-12-11 10:00:00,Eastern Promises,Action,David Cronenberg,2007,100,16,6.50
PRO008828,2027-12-11 12:30:00,Shichinin no samurai,Action,Akira Kurosawa,1954,207,0,8.50
PRO008829,2027-12-11 16:30:00,Reservoir Dogs,Crime,Quentin Tarantino,1992,99,16,8.50
PRO008830,2027-12-11 19:00:00,Fight Club,Drama,David Fincher,1999,139,12,10.00
PRO008831,2027-12-12 10:30:00,The Maltese Falcon,Film-Noir,John Huston,1941,100,12,8.00
PRO008832,2027-12-12 13:00:00,Withnail & I,Comedy,Bruce Robinson,1987,107,16,6.50
PRO008833,2027-12-12 15:30:00,To Have and Have Not,Adventure,Howard Hawks,1944,100,6,8.00
PRO008834,2027-12-12 18:00:00,Shichinin no samurai,Action,Akira Kurosawa,1954,207,0,8.50
PRO008835,2027-12-13 10:00:00,Kurenai no buta,Animation,Hayao Miyazaki,1992,94,0,7.00
PRO008836,2027-12-13 12:30:00,The Treasure of the Sierra Madre,Adventure,John Huston,1948,126,12,8.00
PRO008837,2027-12-13 15:30:00,American Psycho,Comedy,Mary Harron,2000,101,12,6.50
PRO008838,2027-12-14 10:30:00,Fight Club,Drama,David Fincher,1999,139,12,6.50
PRO008839,2027-12-15 10:30:00,Blue Velvet,Drama,David Lynch,1986,120,12,7.50
PRO008840,2027-12-15 13:30:00,The Others,Horror,Alejandro Amenábar,2001,101,12,8.00
PRO008841,2027-12-15 16:00:00,American Psycho,Comedy,Mary Harron,2000,101,12,8.00
PRO008842,2027-12-16 10:30:00,Shichinin no samurai,Action,Akira Kurosawa,1954,207,0,6.50
PRO008843,2027-12-16 15:00:00,Cape Fear,Drama,J. Lee Thompson,1962,106,12,8.00
PRO008844,2027-12-17 10:00:00,Primal Fear,Crime,Gregory Hoblit,1996,129,12,7.50
PRO008845,2027-12-18 10:30:00,C.R.A.Z.Y.,Comedy,Jean-Marc Vallée,2005,129,12,6.50
PRO008846,2027-12-18 13:30:00,The Blues Brothers,Action,John Landis,1980,133,0,8.00
PRO008847,2027-12-18 16:30:00,The Maltese Falcon,Film-Noir,John Huston,1941,100,12,8.00
PRO008848,2027-12-19 10:00:00,Primal Fear,Crime,Gregory Hoblit,1996,129,12,8.00
PRO008849,2027-12-19 13:00:00,Philadelphia,Drama,Jonathan Demme,1993,125,12,8.50
PRO008850,2027-12-19 16:00:00,The Silence of the Lambs,Crime,Jonathan Demme,1991,118,12,7.50
PRO008851,2027-12-20 10:30:00,Star Trek II: The Wrath of Khan,Action,Nicholas Meyer,1982,113,0,8.00
PRO008852,2027-12-20 13:30:00,Donnie Darko,Drama,Richard Kelly,2001,113,16,7.00
PRO008853,2027-12-21 10:00:00,Blue Velvet,Drama,David Lynch,1986,120,12,7.50
PRO008854,2027-12-21 13:00:00,The Blues Brothers,Action,John Landis,1980,133,0,8.00
PRO008855,2027-12-21 16:00:00,Primal Fear,Crime,Gregory Hoblit,1996,129,12,7.00
PRO008856,2027-12-22 10:30:00,Veer-Zaara,Drama,Yash Chopra,2004,192,0,7.50
PRO008857,2027-12-22 14:30:00,Misery,Drama,Rob Reiner,1990,107,16,7.50
PRO008858,2027-12-22 17:00:00,C.R.A.Z.Y.,Comedy,Jean-Marc Vallée,2005,129,12,8.00
PRO008859,2027-12-23 10:00:00,The Hurricane,Biography,Norman Jewison,1999,146,16,8.50
PRO008860,2027-12-24 10:30:00,The Treasure of the Sierra Madre,Adventure,John Huston,1948,126,12,8.50
PRO008861,2027-12-24 13:30:00,Misery,Drama,Rob Reiner,1990,107,16,8.00
PRO008862,2027-12-25 10:30:00,The Lord of the Rings: The Fellowship of the Ring,Action,Peter Jackson,2001,178,0,8.00
PRO008863,2027-12-25 14:30:00,The Lord of the Rings: The Fellowship of the Ring,Action,Peter Jackson,2001,178,0,7.00
PRO008864,2027-12-25 18:00:00,Gandhi,Biography,Richard Attenborough,1982,191,0,9.00
PRO008865,2027-12-25 22:00:00,The Best Years of Our Lives,Drama,William Wyler,1946,170,12,10.00
PRO008866,2027-12-26 10:00:00,Blue Velvet,Drama,David Lynch,1986,120,12,7.50
PRO008867,2027-12-26 13:00:00,Good Will Hunting,Drama,Gus Van Sant,1997,126,0,8.50
PRO008868,2027-12-26 16:00:00,The Bridge on the River Kwai,Adventure,David Lean,1957,161,6,8.50
PRO008869,2027-12-26 19:30:00,Good Will Hunting,Drama,Gus Van Sant,1997,126,0,10.00
PRO008870,2027-12-27 10:30:00,The Bridge on the River Kwai,Adventure,David Lean,1957,161,6,7.50
PRO008871,2027-12-27 14:00:00,The Blues Brothers,Action,John Landis,1980,133,0,8.50
PRO008872,2027-12-28 10:00:00,Good Will Hunting,Drama,Gus Van Sant,1997,126,0,6.50
PRO008873,2027-12-28 13:00:00,The Philadelphia Story,Comedy,George Cukor,1940,112,12,8.50
PRO008874,2027-12-28 15:30:00,Blue Velvet,Drama,David Lynch,1986,120,12,7.50
PRO008875,2027-12-29 10:00:00,To Have and Have Not,Adventure,Howard Hawks,1944,100,6,8.00
PRO008876,2027-12-29 12:30:00,The Best Years of Our Lives,Drama,William Wyler,1946,170,12,8.50
PRO008877,2027-12-29 16:00:00,Good Will Hunting,Drama,Gus Van Sant,1997,126,0,8.50
PRO008878,2027-12-30 10:30:00,A Beautiful Mind,Biography,Ron Howard,2001,135,12,8.50
